ASI600A Export Data File
Created: Mon Sep 22 14:38:58 2025
    Time        L in        F in       SL in    
    (ms)        (Lo)       (kPa)        (um)    
       0.00     1.00002      1.6680    2.123560 
      10.00     1.00002      1.8487    2.123460 
      20.00     1.00004      1.9316    2.124980 
      30.00     1.00004      1.8200    2.124200 
      40.00     1.00004      1.9030    2.126010 
      50.00     1.00004      1.8299    2.121860 
      60.00     1.00002      1.7707    2.123250 
      70.00     1.00004      1.7391    2.125180 
      80.00     1.00004      1.6898    2.125680 
      90.00     1.00006      1.8477    2.124430 
     100.00     1.00004      1.7865    2.123600 
     110.00     1.00004      1.8210    2.124140 
     120.00     1.00004      2.0342    2.123520 
     130.00     1.00002      1.9632    2.126140 
     140.00     1.00004      1.9345    2.125400 
     150.00     1.00004      2.1033    2.121790 
     160.00     1.00006      1.9207    2.123160 
     170.00     1.00004      1.9079    2.123460 
     180.00     1.00002      2.0036    2.123500 
     190.00     1.00002      1.9257    2.124360 
     200.00     1.00006      1.8862    2.124970 
     210.00     1.00006      1.7421    2.124360 
     220.00     1.00004      1.8309    2.124180 
     230.00     1.00004      1.7569    2.125050 
     240.00     1.00002      1.8664    2.124020 
     250.00     1.00002      1.9750    2.125020 
     260.00     1.00002      2.0076    2.125340 
     270.00     1.00004      1.7253    2.124970 
     280.00     1.00004      1.8230    2.122430 
     290.00     1.00004      1.8625    2.123060 
     300.00     1.00002      1.8576    2.125170 
     310.00     1.00002      1.9612    2.124980 
     320.00     1.00004      1.7016    2.125340 
     330.00     1.00006      1.7391    2.124160 
     340.00     1.00004      1.7016    2.123870 
     350.00     1.00004      1.7589    2.124160 
     360.00     1.00002      1.8368    2.125810 
     370.00     1.00002      1.8803    2.123760 
     380.00     1.00004      1.7934    2.123450 
     390.00     1.00004      1.8783    2.123950 
     400.00     1.00004      2.0105    2.124550 
     410.00     1.00004      1.9168    2.124570 
     420.00     1.00002      1.8349    2.122910 
     430.00     1.00002      1.8497    2.125790 
     440.00     1.00004      1.9938    2.124630 
     450.00     1.00004      1.9266    2.125070 
     460.00     1.00004      2.0806    2.125600 
     470.00     1.00004      2.0303    2.123050 
     480.00     1.00004      2.0915    2.123920 
     490.00     1.00002      1.9109    2.124630 
     500.00     1.00002      1.9197    2.124480 
     510.00     1.00004      2.0283    2.124810 
     520.00     1.00006      1.8763    2.124210 
     530.00     1.00004      1.9740    2.123030 
     540.00     1.00002      1.8230    2.124180 
     550.00     1.00002      2.0165    2.126520 
     560.00     1.00004      2.0589    2.123910 
     570.00     1.00006      1.8783    2.126240 
     580.00     1.00006      1.8664    2.126750 
     590.00     1.00004      1.9306    2.125060 
     600.00     1.00002      1.9197    2.124080 
     610.00     1.00004      1.8171    2.124630 
     620.00     1.00004      1.8852    2.124550 
     630.00     1.00006      1.7065    2.124340 
     640.00     1.00006      1.8743    2.126310 
     650.00     1.00002      1.8398    2.124700 
     660.00     1.00002      1.8270    2.123190 
     670.00     1.00002      1.9020    2.124310 
     680.00     1.00004      1.9039    2.125170 
     690.00     1.00004      1.8427    2.124920 
     700.00     1.00004      1.9118    2.124670 
     710.00     1.00004      2.0086    2.124660 
     720.00     1.00004      2.1319    2.123990 
     730.00     1.00004      1.9434    2.123840 
     740.00     1.00004      1.8506    2.123570 
     750.00     1.00004      1.9947    2.124160 
     760.00     1.00004      2.0520    2.125760 
     770.00     1.00004      2.1379    2.123010 
     780.00     1.00002      1.9493    2.123320 
     790.00     1.00002      2.0767    2.124110 
     800.00     1.00004      2.0540    2.124110 
     810.00     1.00006      2.1783    2.124550 
     820.00     1.00004      1.9651    2.125450 
     830.00     1.00004      1.8487    2.124480 
     840.00     1.00004      1.9888    2.124480 
     850.00     1.00002      1.9878    2.125230 
     860.00     1.00004      2.0520    2.124710 
     870.00     1.00004      2.0727    2.123700 
     880.00     1.00006      2.1813    2.125810 
     890.00     1.00004      2.1882    2.126250 
     900.00     1.00002      1.9622    2.124490 
     910.00     1.00002      2.0184    2.123900 
     920.00     1.00004      1.8122    2.125610 
     930.00     1.00006      1.9701    2.125810 
     940.00     1.00004      1.7105    2.125400 
     950.00     1.00004      2.0313    2.122380 
     960.00     1.00004      2.0480    2.125030 
     970.00     1.00004      1.8980    2.125280 
     980.00     1.00004      1.9010    2.124440 
     990.00     1.00004      1.8911    2.123010 
    1000.00     1.00006      2.0717    2.123280 
    1010.00     1.00002      2.1152    2.123920 
    1020.00     1.00002      2.1754    2.122980 
    1030.00     1.00002      2.0885    2.124720 
    1040.00     1.00004      2.0214    2.125400 
    1050.00     1.00008      1.9780    2.125090 
    1060.00     1.00006      2.0332    2.124400 
    1070.00     1.00004      2.1783    2.124210 
    1080.00     1.00004      2.0382    2.124690 
    1090.00     1.00002      2.0253    2.124590 
    1100.00     1.00004      1.9217    2.124330 
    1110.00     1.00004      2.1053    2.123960 
    1120.00     1.00004      2.1606    2.123580 
    1130.00     1.00002      2.0984    2.124670 
    1140.00     1.00002      1.9099    2.124930 
    1150.00     1.00004      1.9138    2.124630 
    1160.00     1.00004      2.0293    2.125320 
    1170.00     1.00004      2.0155    2.124790 
    1180.00     1.00004      2.0283    2.124010 
    1190.00     1.00004      1.9711    2.123630 
    1200.00     1.00002      2.1092    2.123920 
    1210.00     1.00002      2.1625    2.124380 
    1220.00     1.00002      2.0411    2.125080 
    1230.00     1.00004      2.0155    2.126570 
    1240.00     1.00004      1.9780    2.124310 
    1250.00     1.00004      1.9622    2.123410 
    1260.00     1.00002      2.0283    2.123690 
    1270.00     1.00002      2.0688    2.124460 
    1280.00     1.00004      2.0609    2.126010 
    1290.00     1.00008      1.8773    2.125990 
    1300.00     1.00004      2.1132    2.125690 
    1310.00     1.00004      2.1310    2.126240 
    1320.00     1.00002      2.0480    2.125610 
    1330.00     1.00004      1.9839    2.122400 
    1340.00     1.00004      2.0036    2.125340 
    1350.00     1.00004      1.9859    2.123570 
    1360.00     1.00006      1.9306    2.122580 
    1370.00     1.00004      1.8210    2.124740 
    1380.00     1.00002      2.0303    2.124170 
    1390.00     1.00002      1.8122    2.123630 
    1400.00     1.00006      1.9908    2.124010 
    1410.00     1.00006      1.8891    2.125000 
    1420.00     1.00006      1.9059    2.125450 
    1430.00     1.00004      2.0362    2.124350 
    1440.00     1.00002      2.2681    2.124550 
    1450.00     1.00004      1.9592    2.126010 
    1460.00     1.00004      1.7816    2.123590 
    1470.00     1.00004      1.8951    2.125290 
    1480.00     1.00004      2.1152    2.125920 
    1490.00     1.00004      1.9533    2.125450 
    1500.00     1.00002      1.8516    2.124790 
    1510.00     1.00002      2.0046    2.125010 
    1520.00     1.00004      2.0273    2.125350 
    1530.00     1.00006      2.1675    2.123800 
    1540.00     1.00006      1.9711    2.122800 
    1550.00     1.00004      2.0323    2.125700 
    1560.00     1.00004      2.0362    2.124840 
    1570.00     1.00002      1.9612    2.122890 
    1580.00     1.00004      2.0530    2.124380 
    1590.00     1.00004      1.9405    2.122650 
    1600.00     1.00006      1.9790    2.122510 
    1610.00     1.00004      1.8388    2.124350 
    1620.00     1.00002      1.9750    2.125000 
    1630.00     1.00002      1.8882    2.124760 
    1640.00     1.00004      1.9030    2.124510 
    1650.00     1.00006      1.9839    2.122800 
    1660.00     1.00006      2.0530    2.127030 
    1670.00     1.00004      2.0540    2.124410 
    1680.00     1.00002      2.0362    2.124320 
    1690.00     1.00002      2.0026    2.125050 
    1700.00     1.00004      1.9977    2.123670 
    1710.00     1.00004      2.0017    2.122900 
    1720.00     1.00004      2.0244    2.124400 
    1730.00     1.00004      2.0007    2.124370 
    1740.00     1.00002      2.1389    2.122130 
    1750.00     1.00002      1.9819    2.125090 
    1760.00     1.00004      1.9730    2.127010 
    1770.00     1.00004      1.8477    2.124220 
    1780.00     1.00006      2.0056    2.124510 
    1790.00     1.00004      2.0372    2.124980 
    1800.00     1.00004      2.0194    2.123730 
    1810.00     1.00004      2.0026    2.123260 
    1820.00     1.00004      2.0836    2.124240 
    1830.00     1.00004      2.0155    2.124320 
    1840.00     1.00004      2.0865    2.125540 
    1850.00     1.00004      1.7964    2.125400 
    1860.00     1.00002      1.8832    2.125100 
    1870.00     1.00002      1.7500    2.124170 
    1880.00     1.00004      1.7845    2.124020 
    1890.00     1.00004      1.8812    2.124320 
    1900.00     1.00006      1.8033    2.124320 
    1910.00     1.00004      1.8260    2.123400 
    1920.00     1.00002      1.8131    2.123210 
    1930.00     1.00002      1.8033    2.124810 
    1940.00     1.00004      1.7569    2.123600 
    1950.00     1.00004      1.9770    2.122500 
    1960.00     1.00004      1.8743    2.127160 
    1970.00     1.00004      1.9622    2.124710 
    1980.00     1.00000      1.9740    2.124330 
    1990.00     1.00002      1.7569    2.125430 
    2000.00     1.00004      1.9454    2.125430 
    2010.00     1.00004      2.0559    2.125600 
    2020.00     1.00004      2.0599    2.125830 
    2030.00     1.00004      1.9661    2.124550 
    2040.00     1.00002      1.7816    2.124670 
    2050.00     1.00004      1.7806    2.123720 
    2060.00     1.00002      1.9069    2.123110 
    2070.00     1.00006      1.7411    2.124050 
    2080.00     1.00004      1.8191    2.124180 
    2090.00     1.00002      1.7973    2.125190 
    2100.00     1.00002      1.9138    2.125700 
    2110.00     1.00002      1.9780    2.124890 
    2120.00     1.00006      1.9859    2.123820 
    2130.00     1.00006      1.7875    2.124370 
    2140.00     1.00004      1.9365    2.126340 
    2150.00     1.00004      1.9247    2.124180 
    2160.00     1.00002      1.7766    2.124020 
    2170.00     1.00002      1.9039    2.123890 
    2180.00     1.00004      1.8684    2.124230 
    2190.00     1.00004      2.1073    2.125150 
    2200.00     1.00004      1.8862    2.125550 
    2210.00     1.00004      1.8220    2.124110 
    2220.00     1.00000      1.8329    2.123030 
    2230.00     1.00002      2.1675    2.124580 
    2240.00     1.00004      2.0520    2.125450 
    2250.00     1.00004      2.0707    2.125830 
    2260.00     1.00004      2.1132    2.123410 
    2270.00     1.00004      2.1458    2.124790 
    2280.00     1.00004      2.0520    2.124460 
    2290.00     1.00004      2.0609    2.124430 
    2300.00     1.00004      2.0145    2.125000 
    2310.00     1.00004      2.1537    2.124690 
    2320.00     1.00004      2.0421    2.124080 
    2330.00     1.00004      1.9464    2.124410 
    2340.00     1.00000      1.9503    2.124010 
    2350.00     1.00002      1.9790    2.123000 
    2360.00     1.00004      1.8585    2.125400 
    2370.00     1.00006      2.1073    2.123180 
    2380.00     1.00004      2.0550    2.123320 
    2390.00     1.00004      1.9266    2.123310 
    2400.00     1.00004      2.0816    2.122910 
    2410.00     1.00002      1.9454    2.123370 
    2420.00     1.00004      2.0490    2.124230 
    2430.00     1.00004      2.2129    2.124330 
    2440.00     1.00004      2.1438    2.124280 
    2450.00     1.00004      2.0056    2.124010 
    2460.00     1.00004      1.8329    2.123720 
    2470.00     1.00002      1.9237    2.125820 
    2480.00     1.00004      2.0520    2.124900 
    2490.00     1.00004      1.7510    2.124530 
    2500.00     1.00004      2.0342    2.124840 
    2510.00     1.00004      1.8329    2.124800 
    2520.00     1.00002      2.0184    2.124480 
    2530.00     1.00002      1.8812    2.124280 
    2540.00     1.00004      1.9957    2.124190 
    2550.00     1.00004      1.7667    2.126670 
    2560.00     1.00004      1.9493    2.124180 
    2570.00     1.00004      1.9987    2.122890 
    2580.00     1.00004      1.7934    2.123680 
    2590.00     1.00002      1.9237    2.123870 
    2600.00     1.00004      2.0461    2.124150 
    2610.00     1.00006      1.9336    2.125380 
    2620.00     1.00006      1.9691    2.125820 
    2630.00     1.00004      2.0086    2.124950 
    2640.00     1.00004      1.8418    2.125520 
    2650.00     1.00002      1.5536    2.126140 
    2660.00     1.00004      1.6848    2.125850 
    2670.00     1.00004      1.7954    2.122270 
    2680.00     1.00006      2.0184    2.123820 
    2690.00     1.00004      1.9257    2.126040 
    2700.00     1.00002      1.8743    2.125270 
    2710.00     1.00002      1.9760    2.123570 
    2720.00     1.00004      1.8516    2.123410 
    2730.00     1.00006      1.8131    2.124160 
    2740.00     1.00006      1.8941    2.124030 
    2750.00     1.00004      1.9839    2.125460 
    2760.00     1.00002      1.8062    2.124180 
    2770.00     1.00002      1.7756    2.124320 
    2780.00     1.00004      1.8131    2.124070 
    2790.00     1.00004      1.8743    2.124130 
    2800.00     1.00004      1.8684    2.124180 
    2810.00     1.00004      1.9187    2.123940 
    2820.00     1.00002      1.7204    2.123660 
    2830.00     1.00002      1.9030    2.123480 
    2840.00     1.00002      1.6986    2.123180 
    2850.00     1.00004      1.8062    2.122940 
    2860.00     1.00004      1.9464    2.124630 
    2870.00     1.00004      1.8674    2.124490 
    2880.00     1.00002      1.7381    2.123180 
    2890.00     1.00002      1.9849    2.124190 
    2900.00     1.00002      1.9000    2.123960 
    2910.00     1.00004      1.9967    2.124690 
    2920.00     1.00004      2.0145    2.125700 
    2930.00     1.00004      1.7253    2.125290 
    2940.00     1.00000      1.9049    2.124850 
    2950.00     1.00002      1.8842    2.127130 
    2960.00     1.00004      2.0737    2.127690 
    2970.00     1.00006      1.8576    2.122030 
    2980.00     1.00006      1.8733    2.123720 
    2990.00     1.00004      1.8931    2.124940 
    3000.00     1.00002      1.9770    2.124370 
    3010.00     1.00002      1.9701    2.123790 
    3020.00     1.00004      1.8072    2.124420 
    3030.00     1.00004      1.8112    2.125300 
    3040.00     1.00004      1.8052    2.124450 
    3050.00     1.00002      1.7006    2.122190 
    3060.00     1.00002      1.7687    2.125240 
    3070.00     1.00002      1.8260    2.125540 
    3080.00     1.00004      2.0066    2.123560 
    3090.00     1.00006      1.7608    2.122090 
    3100.00     1.00006      1.9592    2.123420 
    3110.00     1.00004      2.0796    2.123420 
    3120.00     1.00002      1.9099    2.123650 
    3130.00     1.00002      1.7046    2.124400 
    3140.00     1.00002      1.6829    2.123200 
    3150.00     1.00004      1.8270    2.123180 
    3160.00     1.00006      1.8477    2.125240 
    3170.00     1.00004      1.7934    2.124940 
    3180.00     1.00002      2.0145    2.123190 
    3190.00     1.00002      2.0263    2.124370 
    3200.00     1.00004      1.8358    2.125590 
    3210.00     1.00004      1.7510    2.123660 
    3220.00     1.00006      1.9059    2.123430 
    3230.00     1.00004      1.9878    2.125240 
    3240.00     1.00004      1.8951    2.124630 
    3250.00     1.00002      1.9010    2.124520 
    3260.00     1.00004      2.0569    2.123570 
    3270.00     1.00004      1.8862    2.125400 
    3280.00     1.00006      1.8072    2.122140 
    3290.00     1.00004      1.9957    2.123530 
    3300.00     1.00002      1.9809    2.123820 
    3310.00     1.00002      1.7993    2.124320 
    3320.00     1.00004      1.9355    2.124990 
    3330.00     1.00006      2.0698    2.124930 
    3340.00     1.00006      2.1142    2.124470 
    3350.00     1.00004      2.0777    2.124820 
    3360.00     1.00002      2.0638    2.124040 
    3370.00     1.00002      2.2000    2.125090 
    3380.00     1.00004      1.9395    2.124270 
    3390.00     1.00004      2.1152    2.125150 
    3400.00     1.00004      2.1398    2.124370 
    3410.00     1.00004      2.0569    2.124830 
    3420.00     1.00004      2.0826    2.125270 
    3430.00     1.00002      2.0145    2.125100 
    3440.00     1.00002      1.8694    2.125210 
    3450.00     1.00004      2.0273    2.124530 
    3460.00     1.00004      1.9938    2.123900 
    3470.00     1.00004      1.8043    2.125240 
    3480.00     1.00004      1.8398    2.124410 
    3490.00     1.00002      1.6947    2.123590 
    3500.00     1.00002      1.9326    2.125730 
    3510.00     1.00004      1.8082    2.126070 
    3520.00     1.00006      1.9799    2.123760 
    3530.00     1.00004      1.9395    2.122450 
    3540.00     1.00000      1.9020    2.124440 
    3550.00     1.00002      2.1379    2.126200 
    3560.00     1.00004      2.0214    2.123680 
    3570.00     1.00006      1.8921    2.122650 
    3580.00     1.00006      2.0885    2.124480 
    3590.00     1.00004      2.0727    2.124630 
    3600.00     1.00002      2.0036    2.124210 
    3610.00     1.00002      1.7766    2.124020 
    3620.00     1.00004      1.8230    2.124390 
    3630.00     1.00004      1.6957    2.124900 
    3640.00     1.00006      1.7490    2.125050 
    3650.00     1.00004      1.8674    2.124600 
    3660.00     1.00002      1.9207    2.122690 
    3670.00     1.00002      1.7273    2.123720 
    3680.00     1.00004      1.8803    2.125140 
    3690.00     1.00004      1.8339    2.126120 
    3700.00     1.00006      1.8842    2.125230 
    3710.00     1.00004      1.8220    2.125060 
    3720.00     1.00004      1.7904    2.124870 
    3730.00     1.00004      1.9395    2.124770 
    3740.00     1.00004      1.8161    2.124870 
    3750.00     1.00004      2.0796    2.123870 
    3760.00     1.00004      1.9790    2.123800 
    3770.00     1.00004      1.9691    2.122500 
    3780.00     1.00002      1.8605    2.124510 
    3790.00     1.00002      1.7983    2.122730 
    3800.00     1.00004      1.9109    2.123340 
    3810.00     1.00006      1.9434    2.124000 
    3820.00     1.00004      1.7865    2.125230 
    3830.00     1.00004      2.0076    2.125170 
    3840.00     1.00002      1.9730    2.123460 
    3850.00     1.00002      2.0184    2.123900 
    3860.00     1.00002      2.0806    2.125530 
    3870.00     1.00006      2.1004    2.125240 
    3880.00     1.00004      1.8951    2.124090 
    3890.00     1.00004      1.9947    2.125050 
    3900.00     1.00002      1.9197    2.125020 
    3910.00     1.00002      1.9207    2.124940 
    3920.00     1.00004      2.0520    2.125020 
    3930.00     1.00006      2.1142    2.125030 
    3940.00     1.00004      2.1379    2.125200 
    3950.00     1.00004      1.9908    2.125420 
    3960.00     1.00002      1.9434    2.123520 
    3970.00     1.00004      1.9039    2.124940 
    3980.00     1.00004      1.9839    2.124500 
    3990.00     1.00004      2.1102    2.123830 
    4000.00     1.00006      2.0885    2.125420 
    4010.00     1.00004      1.7431    2.123800 
    4020.00     1.00002      2.1665    2.124080 
    4030.00     1.00002      2.0540    2.125110 
    4040.00     1.00004      2.1231    2.123840 
    4050.00     1.00006      1.9345    2.122840 
    4060.00     1.00006      1.9878    2.125130 
    4070.00     1.00004      1.9651    2.127230 
    4080.00     1.00002      1.9434    2.125300 
    4090.00     1.00004      1.8358    2.126160 
    4100.00     1.00004      1.7786    2.125850 
    4110.00     1.00004      1.9148    2.125020 
    4120.00     1.00006      1.7579    2.124230 
    4130.00     1.00004      1.8546    2.124320 
    4140.00     1.00002      2.1231    2.124660 
    4150.00     1.00004      1.9878    2.124460 
    4160.00     1.00004      2.0451    2.126190 
    4170.00     1.00004      1.9651    2.126460 
    4180.00     1.00006      1.9020    2.123030 
    4190.00     1.00004      1.9207    2.124150 
    4200.00     1.00002      1.7381    2.123980 
    4210.00     1.00002      1.7243    2.124960 
    4220.00     1.00002      1.9138    2.124970 
    4230.00     1.00004      1.7440    2.124810 
    4240.00     1.00004      1.9918    2.124760 
    4250.00     1.00004      1.8951    2.123240 
    4260.00     1.00002      1.9681    2.121830 
    4270.00     1.00002      1.8250    2.125400 
    4280.00     1.00004      1.9414    2.123890 
    4290.00     1.00006      1.9020    2.124820 
    4300.00     1.00006      1.9227    2.123760 
    4310.00     1.00004      1.9967    2.124720 
    4320.00     1.00004      1.9957    2.124900 
    4330.00     1.00002      1.9790    2.124210 
    4340.00     1.00002      1.7894    2.123370 
    4350.00     1.00004      2.0244    2.122690 
    4360.00     1.00006      1.9424    2.124110 
    4370.00     1.00004      1.8595    2.126160 
    4380.00     1.00002      1.6829    2.126460 
    4390.00     1.00002      1.8003    2.123870 
    4400.00     1.00004      1.7954    2.124990 
    4410.00     1.00006      1.8487    2.125910 
    4420.00     1.00004      1.8635    2.125220 
    4430.00     1.00004      2.0204    2.124890 
    4440.00     1.00004      1.9030    2.124930 
    4450.00     1.00002      1.8516    2.124200 
    4460.00     1.00002      1.9878    2.124820 
    4470.00     1.00004      1.9770    2.125070 
    4480.00     1.00006      1.9888    2.123110 
    4490.00     1.00004      1.9306    2.124210 
    4500.00     1.00002      1.8714    2.125530 
    4510.00     1.00002      1.7658    2.124920 
    4520.00     1.00004      1.6996    2.123880 
    4530.00     1.00004      1.8437    2.124680 
    4540.00     1.00006      1.8339    2.125320 
    4550.00     1.00004      1.7263    2.123680 
    4560.00     1.00004      1.7421    2.123720 
    4570.00     1.00002      1.8576    2.124800 
    4580.00     1.00002      1.8378    2.125400 
    4590.00     1.00004      1.8062    2.124560 
    4600.00     1.00006      1.8812    2.123630 
    4610.00     1.00004      1.8891    2.124780 
    4620.00     1.00002      1.7233    2.125130 
    4630.00     1.00002      1.8447    2.125150 
    4640.00     1.00004      1.9089    2.125230 
    4650.00     1.00006      1.9109    2.125010 
    4660.00     1.00006      1.7332    2.125200 
    4670.00     1.00004      1.9898    2.124910 
    4680.00     1.00004      1.9395    2.124020 
    4690.00     1.00004      1.9740    2.125710 
    4700.00     1.00004      1.9168    2.123270 
    4710.00     1.00004      1.9414    2.123930 
    4720.00     1.00004      2.0007    2.124840 
    4730.00     1.00004      1.8931    2.125020 
    4740.00     1.00002      1.9109    2.124990 
    4750.00     1.00002      1.9257    2.125370 
    4760.00     1.00004      1.9089    2.125760 
    4770.00     1.00004      1.7569    2.123450 
    4780.00     1.00004      1.9750    2.124330 
    4790.00     1.00004      2.0313    2.123190 
    4800.00     1.00004      2.0135    2.125610 
    4810.00     1.00004      1.9513    2.125620 
    4820.00     1.00004      2.0165    2.125030 
    4830.00     1.00004      1.8131    2.124860 
    4840.00     1.00004      1.9602    2.125170 
    4850.00     1.00004      1.9148    2.125140 
    4860.00     1.00002      2.0332    2.124070 
    4870.00     1.00002      2.1122    2.124290 
    4880.00     1.00004      2.1497    2.123570 
    4890.00     1.00004      1.8941    2.124000 
    4900.00     1.00006      1.9227    2.125550 
    4910.00     1.00004      1.8773    2.124870 
    4920.00     1.00004      1.9020    2.125610 
    4930.00     1.00004      1.8506    2.125850 
    4940.00     1.00004      2.0253    2.124980 
    4950.00     1.00004      1.8803    2.124290 
    4960.00     1.00006      2.0066    2.124070 
    4970.00     1.00004      2.0392    2.123460 
    4980.00     1.00002      2.2306    2.121890 
    4990.00     1.00002      2.0717    2.124790 
    5000.00     1.00004      1.9642    2.123280 
    5010.00     1.00006      2.0056    2.123400 
    5020.00     1.00004      2.0905    2.124140 
    5030.00     1.00004      1.9622    2.125730 
    5040.00     1.00002      2.0925    2.125890 
    5050.00     1.00004      2.0885    2.124070 
    5060.00     1.00002      1.8872    2.123640 
    5070.00     1.00004      1.8704    2.124680 
    5080.00     1.00004      1.7707    2.125240 
    5090.00     1.00004      1.7559    2.124950 
    5100.00     1.00002      1.9316    2.124550 
    5110.00     1.00002      1.9839    2.123690 
    5120.00     1.00004      1.7924    2.123220 
    5130.00     1.00006      1.9790    2.123660 
    5140.00     1.00006      1.9898    2.124180 
    5150.00     1.00004      1.9484    2.124310 
    5160.00     1.00002      1.8230    2.124750 
    5170.00     1.00004      1.9039    2.125260 
    5180.00     1.00004      1.9089    2.125400 
    5190.00     1.00004      1.8349    2.123180 
    5200.00     1.00006      2.0678    2.124150 
    5210.00     1.00004      1.8467    2.123410 
    5220.00     1.00002      1.8793    2.124870 
    5230.00     1.00002      2.0520    2.125690 
    5240.00     1.00004      1.9799    2.124850 
    5250.00     1.00006      1.8763    2.124150 
    5260.00     1.00004      1.9405    2.124760 
    5270.00     1.00004      1.8536    2.124480 
    5280.00     1.00002      1.7450    2.122960 
    5290.00     1.00002      1.9247    2.123700 
    5300.00     1.00004      1.7618    2.124650 
    5310.00     1.00004      1.8427    2.124320 
    5320.00     1.00006      1.7806    2.123480 
    5330.00     1.00004      1.8763    2.124100 
    5340.00     1.00002      2.0135    2.125330 
    5350.00     1.00002      1.9464    2.125330 
    5360.00     1.00004      2.0510    2.124670 
    5370.00     1.00006      1.7450    2.126360 
    5380.00     1.00006      1.8674    2.125400 
    5390.00     1.00004      2.0323    2.123130 
    5400.00     1.00004      1.8763    2.125380 
    5410.00     1.00004      2.0559    2.124290 
    5420.00     1.00004      1.9316    2.124070 
    5430.00     1.00004      1.7194    2.124180 
    5440.00     1.00006      2.0402    2.124440 
    5450.00     1.00004      1.8358    2.124640 
    5460.00     1.00002      2.0865    2.124390 
    5470.00     1.00002      1.7687    2.124570 
    5480.00     1.00004      1.8487    2.124020 
    5490.00     1.00006      1.9691    2.124330 
    5500.00     1.00006      1.8082    2.124870 
    5510.00     1.00006      1.8556    2.124460 
    5520.00     1.00004      1.7796    2.123920 
    5530.00     1.00004      1.8230    2.124320 
    5540.00     1.00004      1.8408    2.124510 
    5550.00     1.00004      1.8151    2.124530 
    5560.00     1.00006      1.8763    2.124820 
    5570.00     1.00004      1.7362    2.123650 
    5580.00     1.00004      1.8122    2.125380 
    5590.00     1.00002      1.9553    2.123720 
    5600.00     1.00004      1.8349    2.124400 
    5610.00     1.00006      2.0737    2.124600 
    5620.00     1.00006      1.9829    2.124220 
    5630.00     1.00006      1.9918    2.124720 
    5640.00     1.00004      1.8141    2.126230 
    5650.00     1.00004      1.8427    2.126740 
    5660.00     1.00004      1.6947    2.124940 
    5670.00     1.00004      1.9089    2.123070 
    5680.00     1.00008      2.0737    2.123880 
    5690.00     1.00004      2.0806    2.124180 
    5700.00     1.00002      1.9454    2.123070 
    5710.00     1.00002      1.9730    2.124420 
    5720.00     1.00004      1.9809    2.124790 
    5730.00     1.00006      2.0520    2.124610 
    5740.00     1.00006      2.1852    2.124550 
    5750.00     1.00004      2.1240    2.125130 
    5760.00     1.00004      2.0934    2.125780 
    5770.00     1.00002      1.9385    2.125070 
    5780.00     1.00004      1.9128    2.124950 
    5790.00     1.00004      1.9938    2.125240 
    5800.00     1.00006      1.9770    2.124120 
    5810.00     1.00004      2.0777    2.124270 
    5820.00     1.00002      2.1991    2.125080 
    5830.00     1.00002      2.0017    2.124950 
    5840.00     1.00004      2.0184    2.124560 
    5850.00     1.00006      1.8763    2.124030 
    5860.00     1.00006      2.0402    2.123490 
    5870.00     1.00004      2.1260    2.124450 
    5880.00     1.00004      1.9474    2.126000 
    5890.00     1.00004      1.8911    2.125850 
    5900.00     1.00004      1.9405    2.125150 
    5910.00     1.00004      2.1013    2.124350 
    5920.00     1.00006      2.0698    2.125040 
    5930.00     1.00004      2.0125    2.123840 
    5940.00     1.00002      2.1379    2.124520 
    5950.00     1.00002      1.8862    2.125910 
    5960.00     1.00006      2.0540    2.125240 
    5970.00     1.00008      1.9020    2.125270 
    5980.00     1.00006      2.0342    2.125390 
    5990.00     1.00006      2.0184    2.125240 
    6000.00     1.00004      1.9572    2.125960 
    6010.00     1.00004      1.8141    2.126390 
    6020.00     1.00004      2.0204    2.125810 
    6030.00     1.00004      1.9543    2.126390 
    6040.00     1.00004      1.8457    2.124940 
    6050.00     1.00004      1.8763    2.123070 
    6060.00     1.00004      1.9030    2.124290 
    6070.00     1.00004      1.9602    2.126290 
    6080.00     1.00004      1.7223    2.123310 
    6090.00     1.00006      1.7658    2.126770 
    6100.00     1.00006      1.8941    2.126630 
    6110.00     1.00004      1.9365    2.125600 
    6120.00     1.00004      1.9878    2.126180 
    6130.00     1.00002      1.8694    2.125330 
    6140.00     1.00004      1.8615    2.124560 
    6150.00     1.00004      2.0540    2.124840 
    6160.00     1.00006      1.8349    2.125440 
    6170.00     1.00004      1.9592    2.125290 
    6180.00     1.00002      2.0273    2.124060 
    6190.00     1.00002      1.8832    2.124630 
    6200.00     1.00004      1.8388    2.125370 
    6210.00     1.00006      2.0629    2.124360 
    6220.00     1.00006      1.8368    2.125080 
    6230.00     1.00004      1.9622    2.125010 
    6240.00     1.00004      1.8319    2.125260 
    6250.00     1.00002      1.7904    2.124950 
    6260.00     1.00002      1.8250    2.123920 
    6270.00     1.00004      2.0105    2.124200 
    6280.00     1.00006      2.3234    2.126280 
    6290.00     1.00006      2.0313    2.125850 
    6300.00     1.00004      2.0332    2.125260 
    6310.00     1.00002      2.0066    2.124060 
    6320.00     1.00004      1.9582    2.124330 
    6330.00     1.00006      1.9148    2.125260 
    6340.00     1.00006      2.1270    2.125940 
    6350.00     1.00004      2.1734    2.125720 
    6360.00     1.00004      2.1379    2.125420 
    6370.00     1.00004      1.9957    2.125890 
    6380.00     1.00004      2.0500    2.124850 
    6390.00     1.00004      2.0609    2.125550 
    6400.00     1.00006      2.1073    2.125400 
    6410.00     1.00004      1.9947    2.125130 
    6420.00     1.00002      1.9780    2.124290 
    6430.00     1.00002      1.9197    2.124420 
    6440.00     1.00004      2.1507    2.125790 
    6450.00     1.00004      1.9484    2.125390 
    6460.00     1.00006      1.9563    2.124740 
    6470.00     1.00004      2.0402    2.126970 
    6480.00     1.00004      2.0856    2.125670 
    6490.00     1.00004      2.0402    2.122500 
    6500.00     1.00002      2.1428    2.123400 
    6510.00     1.00004      2.0934    2.125430 
    6520.00     1.00006      2.2366    2.123000 
    6530.00     1.00006      2.0777    2.123400 
    6540.00     1.00004      1.9869    2.124950 
    6550.00     1.00002      2.1171    2.124220 
    6560.00     1.00004      2.3678    2.123500 
    6570.00     1.00006      2.0747    2.125760 
    6580.00     1.00006      2.0915    2.125310 
    6590.00     1.00006      2.0204    2.124630 
    6600.00     1.00004      2.0253    2.125400 
    6610.00     1.00004      2.0431    2.124040 
    6620.00     1.00004      1.9878    2.124940 
    6630.00     1.00004      2.1477    2.125550 
    6640.00     1.00004      2.1122    2.125700 
    6650.00     1.00004      1.8753    2.125560 
    6660.00     1.00004      1.8605    2.125500 
    6670.00     1.00002      1.9869    2.125530 
    6680.00     1.00004      2.2237    2.125210 
    6690.00     1.00006      1.9898    2.127220 
    6700.00     1.00006      2.0214    2.125850 
    6710.00     1.00006      2.0392    2.125170 
    6720.00     1.00004      2.0609    2.124730 
    6730.00     1.00004      1.9572    2.125150 
    6740.00     1.00004      2.0796    2.125480 
    6750.00     1.00004      2.1211    2.125970 
    6760.00     1.00006      2.1221    2.126360 
    6770.00     1.00004      2.0194    2.125840 
    6780.00     1.00002      1.9306    2.125000 
    6790.00     1.00002      2.0569    2.126440 
    6800.00     1.00004      2.0579    2.125090 
    6810.00     1.00004      2.2770    2.125370 
    6820.00     1.00006      1.8033    2.126860 
    6830.00     1.00004      1.9099    2.125240 
    6840.00     1.00004      2.0194    2.124500 
    6850.00     1.00004      1.8566    2.125210 
    6860.00     1.00004      1.9503    2.126020 
    6870.00     1.00004      1.8980    2.125860 
    6880.00     1.00006      2.0323    2.124650 
    6890.00     1.00004      1.8240    2.125690 
    6900.00     1.00002      1.9839    2.125090 
    6910.00     1.00002      2.0056    2.123970 
    6920.00     1.00004      2.1171    2.123620 
    6930.00     1.00006      1.9424    2.124520 
    6940.00     1.00006      2.0638    2.124580 
    6950.00     1.00004      2.1951    2.124180 
    6960.00     1.00004      2.0856    2.124800 
    6970.00     1.00004      2.1951    2.126080 
    6980.00     1.00004      1.9947    2.125770 
    6990.00     1.00004      2.3412    2.125270 
    7000.00     1.00004      2.3057    2.125850 
    7010.00     1.00004      2.0007    2.125850 
    7020.00     1.00002      2.1448    2.126230 
    7030.00     1.00002      1.9454    2.126420 
    7040.00     1.00004      2.1329    2.125380 
    7050.00     1.00006      2.0214    2.126050 
    7060.00     1.00006      2.1625    2.126550 
    7070.00     1.00004      2.1191    2.124570 
    7080.00     1.00002      1.9266    2.123750 
    7090.00     1.00004      1.9632    2.124770 
    7100.00     1.00004      2.0313    2.124480 
    7110.00     1.00004      2.0510    2.125620 
    7120.00     1.00004      2.0727    2.125700 
    7130.00     1.00004      1.9316    2.123940 
    7140.00     1.00004      1.8526    2.122980 
    7150.00     1.00002      2.1813    2.124100 
    7160.00     1.00004      2.0392    2.125340 
    7170.00     1.00006      2.0204    2.125240 
    7180.00     1.00006      2.1764    2.125240 
    7190.00     1.00004      2.0826    2.125140 
    7200.00     1.00002      1.9632    2.123260 
    7210.00     1.00004      1.9701    2.125000 
    7220.00     1.00004      2.1537    2.125730 
    7230.00     1.00004      2.0609    2.123640 
    7240.00     1.00006      2.2129    2.124120 
    7250.00     1.00004      1.9799    2.123930 
    7260.00     1.00002      2.0717    2.123810 
    7270.00     1.00000      2.1013    2.125360 
    7280.00     1.00004      2.0964    2.125420 
    7290.00     1.00008      1.9592    2.122860 
    7300.00     1.00006      1.8882    2.125850 
    7310.00     1.00004      1.9849    2.125710 
    7320.00     1.00004      2.0747    2.124530 
    7330.00     1.00004      2.0253    2.125120 
    7340.00     1.00004      2.0658    2.124720 
    7350.00     1.00004      2.0747    2.123540 
    7360.00     1.00006      2.0540    2.122550 
    7370.00     1.00004      1.9207    2.123050 
    7380.00     1.00002      1.9967    2.125090 
    7390.00     1.00002      1.9484    2.125170 
    7400.00     1.00004      1.8358    2.126160 
    7410.00     1.00004      1.9069    2.124690 
    7420.00     1.00006      2.1606    2.124110 
    7430.00     1.00006      2.0727    2.124140 
    7440.00     1.00002      2.2385    2.124660 
    7450.00     1.00004      2.1359    2.125340 
    7460.00     1.00004      2.0283    2.124880 
    7470.00     1.00004      2.1398    2.124290 
    7480.00     1.00006      2.1714    2.125460 
    7490.00     1.00004      2.4044    2.125190 
    7500.00     1.00002      2.3412    2.126160 
    7510.00     1.00004      2.2089    2.125720 
    7520.00     1.00004      1.9997    2.125300 
    7530.00     1.00004      2.2198    2.124320 
    7540.00     1.00006      2.1744    2.124620 
    7550.00     1.00004      2.2543    2.124440 
    7560.00     1.00004      2.0263    2.124350 
    7570.00     1.00004      2.0599    2.124590 
    7580.00     1.00004      2.1270    2.124460 
    7590.00     1.00004      2.2109    2.125450 
    7600.00     1.00006      2.0875    2.124480 
    7610.00     1.00006      2.0727    2.125380 
    7620.00     1.00002      2.2533    2.125400 
    7630.00     1.00002      2.2316    2.124340 
    7640.00     1.00004      2.1852    2.124120 
    7650.00     1.00006      2.1250    2.124430 
    7660.00     1.00008      1.9987    2.124900 
    7670.00     1.00006      2.0885    2.125190 
    7680.00     1.00004      2.0658    2.125220 
    7690.00     1.00004      1.8891    2.125250 
    7700.00     1.00004      2.0096    2.121580 
    7710.00     1.00004      1.9365    2.125530 
    7720.00     1.00006      2.1231    2.125550 
    7730.00     1.00006      2.1862    2.125080 
    7740.00     1.00004      1.9671    2.124730 
    7750.00     1.00002      1.9967    2.125730 
    7760.00     1.00004      2.0707    2.125530 
    7770.00     1.00006      2.0026    2.124330 
    7780.00     1.00004      1.8773    2.124670 
    7790.00     1.00004      2.1162    2.124870 
    7800.00     1.00004      2.0283    2.125520 
    7810.00     1.00002      2.2889    2.122960 
    7820.00     1.00004      2.1606    2.125410 
    7830.00     1.00004      2.0500    2.126060 
    7840.00     1.00004      1.9049    2.124510 
    7850.00     1.00006      1.7865    2.123890 
    7860.00     1.00002      1.9375    2.124230 
    7870.00     1.00002      1.9661    2.124640 
    7880.00     1.00004      1.9622    2.125270 
    7890.00     1.00004      2.0273    2.126200 
    7900.00     1.00006      2.0323    2.125370 
    7910.00     1.00006      2.1092    2.123870 
    7920.00     1.00004      1.8576    2.124150 
    7930.00     1.00004      1.8349    2.124300 
    7940.00     1.00004      1.8546    2.124540 
    7950.00     1.00004      1.8329    2.124370 
    7960.00     1.00006      1.9622    2.124890 
    7970.00     1.00004      2.0668    2.125700 
    7980.00     1.00002      1.8921    2.125100 
    7990.00     1.00002      1.9691    2.123690 
    8000.00     1.00004      1.8645    2.126260 
    8010.00     1.00006      1.8724    2.124630 
    8020.00     1.00006      1.9336    2.125050 
    8030.00     1.00004      1.9276    2.124480 
    8040.00     1.00004      1.9878    2.124860 
    8050.00     1.00004      2.0796    2.124110 
    8060.00     1.00004      2.0145    2.124000 
    8070.00     1.00004      1.8506    2.124360 
    8080.00     1.00006      1.8131    2.124610 
    8090.00     1.00004      1.8358    2.126350 
    8100.00     1.00002      1.7638    2.123850 
    8110.00     1.00002      1.7598    2.123410 
    8120.00     1.00004      1.9355    2.123970 
    8130.00     1.00006      2.0934    2.126010 
    8140.00     1.00006      2.0026    2.123450 
    8150.00     1.00006      2.0550    2.123920 
    8160.00     1.00004      2.1270    2.125170 
    8170.00     1.00002      2.0826    2.123450 
    8180.00     1.00004      2.0836    2.121520 
    8190.00     1.00004      1.9957    2.124300 
    8200.00     1.00004      2.0431    2.124200 
    8210.00     1.00006      2.0737    2.124790 
    8220.00     1.00002      1.8329    2.124790 
    8230.00     1.00002      2.0431    2.124660 
    8240.00     1.00004      1.8635    2.123650 
    8250.00     1.00004      2.0372    2.124180 
    8260.00     1.00006      2.1487    2.125090 
    8270.00     1.00004      1.9859    2.124630 
    8280.00     1.00004      1.7253    2.123620 
    8290.00     1.00004      1.8131    2.124200 
    8300.00     1.00004      2.0026    2.124440 
    8310.00     1.00004      2.0026    2.126310 
    8320.00     1.00006      1.9187    2.125590 
    8330.00     1.00006      2.0194    2.125930 
    8340.00     1.00002      2.0540    2.125560 
    8350.00     1.00002      2.0777    2.125120 
    8360.00     1.00004      2.0786    2.124780 
    8370.00     1.00006      2.1527    2.123970 
    8380.00     1.00006      1.8812    2.123910 
    8390.00     1.00004      2.0707    2.126180 
    8400.00     1.00004      1.9671    2.125500 
    8410.00     1.00004      2.0135    2.124790 
    8420.00     1.00004      2.0520    2.123770 
    8430.00     1.00004      1.9967    2.123590 
    8440.00     1.00006      1.8309    2.124800 
    8450.00     1.00006      1.8615    2.124670 
    8460.00     1.00004      1.9908    2.124250 
    8470.00     1.00002      2.0332    2.124240 
    8480.00     1.00004      1.9316    2.124600 
    8490.00     1.00004      1.9306    2.125240 
    8500.00     1.00006      1.9493    2.125200 
    8510.00     1.00006      1.9385    2.124630 
    8520.00     1.00004      2.1102    2.124930 
    8530.00     1.00004      1.8230    2.126370 
    8540.00     1.00004      2.0026    2.124910 
    8550.00     1.00004      1.8891    2.122490 
    8560.00     1.00004      1.8151    2.122950 
    8570.00     1.00004      2.0165    2.124960 
    8580.00     1.00002      2.0046    2.125390 
    8590.00     1.00002      2.1142    2.124570 
    8600.00     1.00002      1.6602    2.125560 
    8610.00     1.00006      1.9602    2.125700 
    8620.00     1.00006      2.0392    2.126000 
    8630.00     1.00004      2.1280    2.123650 
    8640.00     1.00004      1.9178    2.123950 
    8650.00     1.00004      1.9266    2.123490 
    8660.00     1.00004      2.0934    2.124500 
    8670.00     1.00004      1.8684    2.125050 
    8680.00     1.00006      1.8763    2.124850 
    8690.00     1.00006      2.0323    2.125830 
    8700.00     1.00004      1.9484    2.124140 
    8710.00     1.00002      1.9572    2.125240 
    8720.00     1.00002      2.0066    2.126000 
    8730.00     1.00008      2.0056    2.124810 
    8740.00     1.00008      2.1537    2.124400 
    8750.00     1.00006      2.1813    2.124530 
    8760.00     1.00004      2.0323    2.125050 
    8770.00     1.00004      2.0925    2.125200 
    8780.00     1.00004      1.9878    2.125240 
    8790.00     1.00004      2.0066    2.125440 
    8800.00     1.00006      2.0431    2.123770 
    8810.00     1.00006      2.1369    2.122960 
    8820.00     1.00002      2.0332    2.126140 
    8830.00     1.00002      2.0638    2.125080 
    8840.00     1.00004      2.0569    2.124000 
    8850.00     1.00006      2.0717    2.124330 
    8860.00     1.00006      2.0806    2.125220 
    8870.00     1.00006      2.1201    2.126040 
    8880.00     1.00004      2.0846    2.126110 
    8890.00     1.00002      1.9859    2.125010 
    8900.00     1.00004      1.9286    2.123880 
    8910.00     1.00004      2.0885    2.125090 
    8920.00     1.00006      2.2257    2.124940 
    8930.00     1.00004      1.9839    2.126300 
    8940.00     1.00004      1.9592    2.124900 
    8950.00     1.00002      2.0915    2.123140 
    8960.00     1.00004      2.1162    2.123780 
    8970.00     1.00006      2.3027    2.123950 
    8980.00     1.00008      2.1665    2.123270 
    8990.00     1.00006      2.2711    2.124160 
    9000.00     1.00004      2.0066    2.125070 
    9010.00     1.00004      2.1112    2.124910 
    9020.00     1.00002      2.0520    2.123260 
    9030.00     1.00004      1.9720    2.124230 
    9040.00     1.00006      2.0915    2.123730 
    9050.00     1.00004      2.2464    2.125020 
    9060.00     1.00002      2.0155    2.125610 
    9070.00     1.00002      2.2079    2.124770 
    9080.00     1.00004      2.1152    2.124410 
    9090.00     1.00006      2.2889    2.125430 
    9100.00     1.00006      2.0905    2.125410 
    9110.00     1.00004      2.0540    2.124500 
    9120.00     1.00004      2.0727    2.125240 
    9130.00     1.00004      2.1102    2.123140 
    9140.00     1.00004      2.0480    2.124180 
    9150.00     1.00004      1.8576    2.125750 
    9160.00     1.00006      1.8990    2.125430 
    9170.00     1.00004      1.8842    2.124270 
    9180.00     1.00002      1.9553    2.124500 
    9190.00     1.00002      2.1665    2.125470 
    9200.00     1.00004      2.0816    2.124310 
    9210.00     1.00006      2.0934    2.124210 
    9220.00     1.00006      2.1477    2.125090 
    9230.00     1.00004      2.0599    2.124390 
    9240.00     1.00004      2.0372    2.123950 
    9250.00     1.00002      1.9898    2.125270 
    9260.00     1.00004      2.0194    2.124670 
    9270.00     1.00004      2.0786    2.124680 
    9280.00     1.00004      2.0135    2.125090 
    9290.00     1.00004      2.3392    2.124530 
    9300.00     1.00002      2.1162    2.124950 
    9310.00     1.00002      2.1162    2.124170 
    9320.00     1.00004      2.1685    2.124020 
    9330.00     1.00006      2.0096    2.124020 
    9340.00     1.00008      1.9395    2.125640 
    9350.00     1.00004      2.2366    2.125240 
    9360.00     1.00004      2.0323    2.124940 
    9370.00     1.00002      2.2464    2.125690 
    9380.00     1.00004      2.0530    2.124700 
    9390.00     1.00004      2.2247    2.123150 
    9400.00     1.00004      2.1013    2.126490 
    9410.00     1.00004      2.2533    2.126390 
    9420.00     1.00004      2.1862    2.122500 
    9430.00     1.00002      2.3481    2.126660 
    9440.00     1.00004      2.1300    2.126800 
    9450.00     1.00004      2.2178    2.123720 
    9460.00     1.00004      2.2504    2.124840 
    9470.00     1.00004      2.0253    2.125380 
    9480.00     1.00004      2.1991    2.123940 
    9490.00     1.00004      1.9691    2.123330 
    9500.00     1.00004      2.1537    2.124160 
    9510.00     1.00004      2.1260    2.125410 
    9520.00     1.00006      2.0323    2.123410 
    9530.00     1.00004      2.0530    2.123120 
    9540.00     1.00004      2.0500    2.125560 
    9550.00     1.00002      2.3560    2.124790 
    9560.00     1.00004      2.2040    2.123180 
    9570.00     1.00006      2.0066    2.124210 
    9580.00     1.00006      2.1527    2.124740 
    9590.00     1.00004      2.3205    2.123870 
    9600.00     1.00004      2.1576    2.125620 
    9610.00     1.00004      2.2800    2.125200 
    9620.00     1.00002      2.1349    2.124630 
    9630.00     1.00004      2.2089    2.126110 
    9640.00     1.00004      2.2149    2.125900 
    9650.00     1.00004      2.2662    2.123690 
    9660.00     1.00002      2.3274    2.123440 
    9670.00     1.00002      2.1714    2.124440 
    9680.00     1.00002      2.1231    2.124460 
    9690.00     1.00004      2.0707    2.123750 
    9700.00     1.00006      2.1991    2.124530 
    9710.00     1.00004      2.0727    2.125920 
    9720.00     1.00004      2.0944    2.124940 
    9730.00     1.00002      2.0056    2.124200 
    9740.00     1.00004      2.0056    2.124180 
    9750.00     1.00004      2.0046    2.123020 
    9760.00     1.00006      2.2277    2.123630 
    9770.00     1.00006      2.1546    2.124010 
    9780.00     1.00004      2.2356    2.123870 
    9790.00     1.00002      2.3007    2.123680 
    9800.00     1.00004      2.2178    2.123850 
    9810.00     1.00006      2.2405    2.125810 
    9820.00     1.00006      2.1162    2.122500 
    9830.00     1.00004      2.1616    2.123550 
    9840.00     1.00004      2.3382    2.123970 
    9850.00     1.00002      2.2445    2.125770 
    9860.00     1.00002      2.0865    2.124510 
    9870.00     1.00004      2.1162    2.124060 
    9880.00     1.00006      2.0204    2.124750 
    9890.00     1.00004      2.0431    2.125190 
    9900.00     1.00004      2.0717    2.124870 
    9910.00     1.00002      2.2948    2.123200 
    9920.00     1.00004      2.0461    2.125240 
    9930.00     1.00006      2.2849    2.126000 
    9940.00     1.00006      2.1971    2.125600 
    9950.00     1.00004      2.3481    2.124960 
    9960.00     1.00002      2.2247    2.124280 
    9970.00     1.00004      2.1201    2.124610 
    9980.00     1.00004      2.1764    2.125500 
    9990.00     1.00004      2.3629    2.124520 
   10000.00     1.00123      2.2504    2.122170 
   10010.00     1.00401      2.5475    2.124320 
   10020.00     1.00671      2.6324    2.125400 
   10030.00     1.00950      2.6176    2.125850 
   10040.00     1.01225      2.7508    2.128590 
   10050.00     1.01501      2.7666    2.131900 
   10060.00     1.01780      3.1209    2.134570 
   10070.00     1.02048      3.0666    2.139260 
   10080.00     1.02322      3.2048    2.143210 
   10090.00     1.02593      3.3094    2.145580 
   10100.00     1.02863      3.4101    2.149400 
   10110.00     1.03141      3.6658    2.155080 
   10120.00     1.03408      3.7763    2.155750 
   10130.00     1.03680      3.9579    2.165220 
   10140.00     1.03952      4.0842    2.166460 
   10150.00     1.04214      4.2343    2.153980 
   10160.00     1.04484      4.4810    2.155640 
   10170.00     1.04757      4.6587    2.153030 
   10180.00     1.05021      4.7969    2.154530 
   10190.00     1.05287      4.9548    2.159000 
   10200.00     1.05545      5.2864    2.156670 
   10210.00     1.05805      5.2904    2.159140 
   10220.00     1.06069      5.6506    2.166380 
   10230.00     1.06324      6.0119    2.175750 
   10240.00     1.06584      6.2241    2.170170 
   10250.00     1.06842      6.2399    2.175910 
   10260.00     1.07083      6.5715    2.172020 
   10270.00     1.07337      6.8183    2.162860 
   10280.00     1.07592      7.1015    2.158330 
   10290.00     1.07834      7.5664    2.157990 
   10300.00     1.08083      7.8635    2.156790 
   10310.00     1.08328      8.0866    2.157160 
   10320.00     1.08566      8.2169    2.160140 
   10330.00     1.08807      8.8120    2.163090 
   10340.00     1.09048      8.9482    2.169860 
   10350.00     1.09276      9.2177    2.176380 
   10360.00     1.09513      9.6125    2.183330 
   10370.00     1.09748     10.1741    2.188030 
   10380.00     1.09971     10.2718    2.191250 
   10390.00     1.10197     10.8048    2.193560 
   10400.00     1.10424     11.0910    2.195170 
   10410.00     1.10644     11.2953    2.197180 
   10420.00     1.10861     11.3753    2.198590 
   10430.00     1.11081     11.7533    2.200780 
   10440.00     1.11291     12.3366    2.202350 
   10450.00     1.11495     12.7018    2.204220 
   10460.00     1.11707     12.7087    2.205780 
   10470.00     1.11911     13.4816    2.208480 
   10480.00     1.12108     13.6770    2.211580 
   10490.00     1.12308     13.8912    2.217280 
   10500.00     1.12505     14.2712    2.223870 
   10510.00     1.12696     14.2327    2.225580 
   10520.00     1.12881     14.7173    2.231690 
   10530.00     1.13069     15.0410    2.235870 
   10540.00     1.13256     15.3441    2.238470 
   10550.00     1.13437     15.6668    2.239500 
   10560.00     1.13605     15.7201    2.241790 
   10570.00     1.13778     15.9481    2.243900 
   10580.00     1.13948     16.2778    2.245180 
   10590.00     1.14118     16.6627    2.245760 
   10600.00     1.14276     16.8206    2.246590 
   10610.00     1.14434     17.1473    2.248500 
   10620.00     1.14588     17.2786    2.249840 
   10630.00     1.14744     17.5342    2.250980 
   10640.00     1.14894     17.8767    2.253450 
   10650.00     1.15035     18.0060    2.254990 
   10660.00     1.15177     18.3288    2.256260 
   10670.00     1.15314     18.4936    2.260440 
   10680.00     1.15447     18.6298    2.263040 
   10690.00     1.15576     18.6782    2.264250 
   10700.00     1.15697     18.9930    2.268240 
   10710.00     1.15819     19.3128    2.274850 
   10720.00     1.15942     19.1796    2.276020 
   10730.00     1.16056     19.4786    2.278140 
   10740.00     1.16166     19.7728    2.280640 
   10750.00     1.16272     19.9060    2.280990 
   10760.00     1.16370     20.0403    2.282060 
   10770.00     1.16466     20.0570    2.283760 
   10780.00     1.16563     20.0521    2.285580 
   10790.00     1.16651     20.2969    2.286280 
   10800.00     1.16736     20.3324    2.286520 
   10810.00     1.16817     20.2377    2.287960 
   10820.00     1.16896     20.5417    2.288210 
   10830.00     1.16969     20.6216    2.288210 
   10840.00     1.17040     20.5328    2.289240 
   10850.00     1.17102     20.6512    2.289280 
   10860.00     1.17154     20.6601    2.289510 
   10870.00     1.17214     20.6542    2.290260 
   10880.00     1.17266     20.4913    2.290650 
   10890.00     1.17314     20.2189    2.290710 
   10900.00     1.17362     20.5022    2.291320 
   10910.00     1.17401     20.6019    2.292570 
   10920.00     1.17434     20.5180    2.292900 
   10930.00     1.17461     20.1271    2.292480 
   10940.00     1.17486     20.3097    2.292180 
   10950.00     1.17514     20.2840    2.293110 
   10960.00     1.17536     20.0926    2.293820 
   10970.00     1.17545     19.7027    2.294410 
   10980.00     1.17555     19.8389    2.294530 
   10990.00     1.17553     19.8142    2.294130 
   11000.00     1.17555     19.7550    2.293650 
   11010.00     1.17555     19.3395    2.293750 
   11020.00     1.17549     19.1214    2.294610 
   11030.00     1.17536     19.1273    2.295840 
   11040.00     1.17516     18.6644    2.295380 
   11050.00     1.17489     18.4117    2.295110 
   11060.00     1.17464     18.4048    2.295550 
   11070.00     1.17437     18.0564    2.295480 
   11080.00     1.17405     17.8540    2.295380 
   11090.00     1.17366     17.5244    2.295310 
   11100.00     1.17316     17.3536    2.295020 
   11110.00     1.17272     16.9795    2.294650 
   11120.00     1.17222     16.6647    2.294770 
   11130.00     1.17164     16.3844    2.294770 
   11140.00     1.17110     16.3893    2.294160 
   11150.00     1.17048     16.0695    2.293610 
   11160.00     1.16977     15.8376    2.293310 
   11170.00     1.16904     15.5859    2.293860 
   11180.00     1.16827     15.0983    2.294160 
   11190.00     1.16748     14.7410    2.293950 
   11200.00     1.16661     14.4834    2.293700 
   11210.00     1.16570     14.2139    2.293560 
   11220.00     1.16474     14.0343    2.293000 
   11230.00     1.16380     13.7421    2.292330 
   11240.00     1.16283     13.1598    2.292790 
   11250.00     1.16177     12.7670    2.291680 
   11260.00     1.16069     12.4551    2.291810 
   11270.00     1.15954     12.3159    2.291870 
   11280.00     1.15834     11.8550    2.291260 
   11290.00     1.15709     11.1591    2.290730 
   11300.00     1.15592     11.3970    2.290440 
   11310.00     1.15462     10.4327    2.289820 
   11320.00     1.15329     10.5788    2.288810 
   11330.00     1.15191     10.1623    2.286710 
   11340.00     1.15046      9.5434    2.288060 
   11350.00     1.14909      9.4980    2.285680 
   11360.00     1.14761      8.9936    2.283510 
   11370.00     1.14609      9.0914    2.282600 
   11380.00     1.14451      8.3501    2.279640 
   11390.00     1.14291      8.2346    2.274600 
   11400.00     1.14135      8.0224    2.269090 
   11410.00     1.13967      7.4657    2.265210 
   11420.00     1.13798      7.2920    2.263890 
   11430.00     1.13624      7.1529    2.260660 
   11440.00     1.13455      6.8074    2.258300 
   11450.00     1.13276      6.6524    2.256050 
   11460.00     1.13089      6.2764    2.254490 
   11470.00     1.12900      5.9596    2.253750 
   11480.00     1.12717      5.8165    2.251480 
   11490.00     1.12528      5.5065    2.249840 
   11500.00     1.12333      5.3210    2.249260 
   11510.00     1.12131      5.3881    2.248210 
   11520.00     1.11934      5.0772    2.246450 
   11530.00     1.11728      5.0130    2.244170 
   11540.00     1.11520      4.9183    2.241820 
   11550.00     1.11314      4.5975    2.238970 
   11560.00     1.11104      4.7406    2.234770 
   11570.00     1.10886      4.3507    2.228580 
   11580.00     1.10665      4.2520    2.222290 
   11590.00     1.10449      4.1069    2.215950 
   11600.00     1.10222      3.9984    2.210500 
   11610.00     1.09998      3.9313    2.206890 
   11620.00     1.09775      3.9224    2.204480 
   11630.00     1.09539      3.8395    2.202170 
   11640.00     1.09303      3.5996    2.199710 
   11650.00     1.09073      3.5769    2.197260 
   11660.00     1.08834      3.5167    2.195200 
   11670.00     1.08593      3.3203    2.193180 
   11680.00     1.08355      3.2818    2.189720 
   11690.00     1.08110      3.1120    2.186280 
   11700.00     1.07859      2.8031    2.181570 
   11710.00     1.07615      3.1278    2.173660 
   11720.00     1.07366      3.0301    2.164800 
   11730.00     1.07116      2.7804    2.161040 
   11740.00     1.06869      2.7784    2.157590 
   11750.00     1.06611      2.7044    2.155850 
   11760.00     1.06351      2.5810    2.152940 
   11770.00     1.06098      2.5573    2.150510 
   11780.00     1.05834      2.2681    2.148480 
   11790.00     1.05574      2.4636    2.147290 
   11800.00     1.05316      2.4389    2.145940 
   11810.00     1.05050      2.4705    2.139650 
   11820.00     1.04786      2.2681    2.127900 
   11830.00     1.04514      2.2109    2.126410 
   11840.00     1.04247      2.1931    2.121580 
   11850.00     1.03983      2.1754    2.117750 
   11860.00     1.03713      2.1477    2.121530 
   11870.00     1.03439      2.2050    2.129930 
   11880.00     1.03170      2.0688    2.135700 
   11890.00     1.02896      2.0826    2.140590 
   11900.00     1.02626      1.9316    2.143870 
   11910.00     1.02355      1.7312    2.144960 
   11920.00     1.02079      2.0155    2.146540 
   11930.00     1.01809      1.8516    2.146530 
   11940.00     1.01530      1.8210    2.142180 
   11950.00     1.01254      1.8013    2.137450 
   11960.00     1.00983      1.7677    2.135590 
   11970.00     1.00705      1.5812    2.132340 
   11980.00     1.00434      1.6927    2.128690 
   11990.00     1.00156      1.7431    2.126350 
   12000.00     0.99886      1.8112    2.120170 
   12010.00     0.99611      1.7944    2.109280 
   12020.00     0.99333      1.7480    2.101100 
   12030.00     0.99060      1.5397    2.098780 
   12040.00     0.98790      1.6039    2.095030 
   12050.00     0.98509      1.4292    2.092630 
   12060.00     0.98233      1.5210    2.088740 
   12070.00     0.97960      1.4953    2.082600 
   12080.00     0.97684      1.6276    2.061500 
   12090.00     0.97418      1.4627    2.053310 
   12100.00     0.97143      1.4618    2.055730 
   12110.00     0.96873      1.4884    2.047950 
   12120.00     0.96603      1.2604    2.034790 
   12130.00     0.96328      1.6750    2.052520 
   12140.00     0.96062      1.3937    2.051700 
   12150.00     0.95792      1.3710    2.040070 
   12160.00     0.95526      1.3413    2.023970 
   12170.00     0.95264      1.2091    2.028600 
   12180.00     0.94994      1.3137    1.998370 
   12190.00     0.94726      1.3502    2.007880 
   12200.00     0.94470      1.3147    2.019590 
   12210.00     0.94210      1.2594    1.998240 
   12220.00     0.93952      1.2811    1.976970 
   12230.00     0.93694      1.1489    1.971180 
   12240.00     0.93430      1.2871    1.985580 
   12250.00     0.93179      1.4549    1.976170 
   12260.00     0.92925      1.4016    1.966060 
   12270.00     0.92672      1.1686    1.921910 
   12280.00     0.92430      1.3522    1.968910 
   12290.00     0.92181      1.4035    1.979350 
   12300.00     0.91931      1.2545    2.208520 
   12310.00     0.91688      1.1854    2.320700 
   12320.00     0.91449      1.3867    1.973000 
   12330.00     0.91208      1.2802    2.037280 
   12340.00     0.90975      1.1420    2.494040 
   12350.00     0.90736      1.2969    1.904450 
   12360.00     0.90501      1.0650    1.967620 
   12370.00     0.90272      1.1360    2.389670 
   12380.00     0.90046      1.1676    2.136840 
   12390.00     0.89815      1.0749    1.966120 
   12400.00     0.89593      1.1301    2.152150 
   12410.00     0.89374      1.0985    2.412920 
   12420.00     0.89154      0.9910    2.500000 
   12430.00     0.88936      1.0926    2.425570 
   12440.00     0.88730      1.0887    1.936220 
   12450.00     0.88518      1.0620    2.363740 
   12460.00     0.88308      1.0897    2.487740 
   12470.00     0.88108      1.1666    2.500000 
   12480.00     0.87908      1.2308    2.500000 
   12490.00     0.87707      1.0186    2.412740 
   12500.00     0.87507      1.1854    2.408210 
   12510.00     0.87324      1.1380    2.479250 
   12520.00     0.87135      1.1578    2.490960 
   12530.00     0.86946      1.0857    2.500000 
   12540.00     0.86761      1.0541    2.500000 
   12550.00     0.86586      1.2259    2.500000 
   12560.00     0.86410      1.2111    2.500000 
   12570.00     0.86237      1.1222    2.012040 
   12580.00     0.86067      1.2269    2.198900 
   12590.00     0.85904      1.0620    2.344150 
   12600.00     0.85740      1.2288    2.166600 
   12610.00     0.85578      1.1479    1.804330 
   12620.00     0.85422      1.0660    1.682390 
   12630.00     0.85272      1.0985    2.162060 
   12640.00     0.85131      1.0729    2.494450 
   12650.00     0.84985      1.1706    2.376560 
   12660.00     0.84844      1.1153    2.355700 
   12670.00     0.84705      1.1074    2.010080 
   12680.00     0.84572      1.0146    2.042620 
   12690.00     0.84451      1.2219    2.249150 
   12700.00     0.84324      1.2555    2.357720 
   12710.00     0.84202      1.0976    2.358720 
   12720.00     0.84083      1.0709    2.360350 
   12730.00     0.83965      1.0137    2.357920 
   12740.00     0.83855      1.2950    2.355330 
   12750.00     0.83759      1.2387    2.369540 
   12760.00     0.83655      1.5753    1.370530 
   12770.00     0.83555      1.2693    1.801750 
   12780.00     0.83461      1.2732    2.231110 
   12790.00     0.83368      1.2723    2.355010 
   12800.00     0.83283      1.3719    2.426910 
   12810.00     0.83200      1.4568    2.446440 
   12820.00     0.83127      1.3196    2.396300 
   12830.00     0.83056      1.3848    2.462370 
   12840.00     0.82988      1.6236    2.308820 
   12850.00     0.82923      1.4627    1.531980 
   12860.00     0.82861      1.3256    2.451600 
   12870.00     0.82809      1.2446    2.500000 
   12880.00     0.82753      1.3137    2.200700 
   12890.00     0.82705      1.2496    2.342150 
   12900.00     0.82661      1.1795    2.294940 
   12910.00     0.82620      1.3236    2.204130 
   12920.00     0.82584      1.2505    2.056420 
   12930.00     0.82555      1.1893    1.487450 
   12940.00     0.82530      1.2821    2.328790 
   12950.00     0.82511      1.2782    2.065120 
   12960.00     0.82491      1.1518    2.351650 
   12970.00     0.82480      1.0670    2.479540 
   12980.00     0.82468      1.3137    1.790330 
   12990.00     0.82468      1.2496    1.392080 
   13000.00     0.82470      1.2525    1.702150 
   13010.00     0.82470      1.0867    2.169940 
   13020.00     0.82476      1.3137    2.370540 
   13030.00     0.82487      1.2308    2.476280 
   13040.00     0.82507      1.2900    2.308220 
   13050.00     0.82528      1.2575    1.538090 
   13060.00     0.82553      1.1084    2.450570 
   13070.00     0.82580      1.2209    1.528720 
   13080.00     0.82617      1.2456    2.218510 
   13090.00     0.82657      1.1015    2.421680 
   13100.00     0.82697      1.0966    2.443100 
   13110.00     0.82746      0.9801    2.313830 
   13120.00     0.82802      1.1834    2.071540 
   13130.00     0.82855      1.1657    2.183590 
   13140.00     0.82915      1.2565    2.487670 
   13150.00     0.82981      1.1824    2.354890 
   13160.00     0.83046      1.1617    1.324290 
   13170.00     0.83118      1.2496    2.344420 
   13180.00     0.83193      1.2989    2.401890 
   13190.00     0.83276      1.1607    2.362080 
   13200.00     0.83358      1.1114    2.415010 
   13210.00     0.83451      1.2426    2.472020 
   13220.00     0.83543      1.1173    2.443340 
   13230.00     0.83644      1.1775    2.356830 
   13240.00     0.83750      1.1903    2.345610 
   13250.00     0.83846      1.2594    2.359620 
   13260.00     0.83952      1.3344    2.359170 
   13270.00     0.84067      1.1854    2.131560 
   13280.00     0.84185      1.2456    2.299910 
   13290.00     0.84312      1.1370    2.357650 
   13300.00     0.84437      1.0660    2.356890 
   13310.00     0.84561      1.3759    2.245100 
   13320.00     0.84692      1.4164    2.233780 
   13330.00     0.84829      1.3710    2.467500 
   13340.00     0.84967      1.3048    2.326680 
   13350.00     0.85114      1.5210    2.119450 
   13360.00     0.85256      1.2742    2.363890 
   13370.00     0.85407      1.3581    2.353360 
   13380.00     0.85563      1.5082    2.361870 
   13390.00     0.85721      1.5121    2.454660 
   13400.00     0.85884      1.3285    2.422240 
   13410.00     0.86046      1.3917    2.366430 
   13420.00     0.86218      1.2841    2.220830 
   13430.00     0.86391      1.4371    2.054890 
   13440.00     0.86566      1.4233    2.481960 
   13450.00     0.86742      1.3552    2.343920 
   13460.00     0.86925      1.4785    2.500000 
   13470.00     0.87112      1.3976    2.500000 
   13480.00     0.87303      1.4677    2.500000 
   13490.00     0.87487      1.4618    2.420000 
   13500.00     0.87684      1.2555    2.449410 
   13510.00     0.87882      1.2338    2.488000 
   13520.00     0.88083      1.5427    2.483170 
   13530.00     0.88285      1.2565    2.500000 
   13540.00     0.88495      1.4410    2.497740 
   13550.00     0.88707      1.4479    2.482870 
   13560.00     0.88913      1.4351    2.500000 
   13570.00     0.89127      1.3887    2.500000 
   13580.00     0.89349      1.4608    2.500000 
   13590.00     0.89568      1.5684    2.500000 
   13600.00     0.89790      1.6453    2.500000 
   13610.00     0.90021      1.4657    2.248350 
   13620.00     0.90247      1.5358    2.157320 
   13630.00     0.90470      1.5842    2.500000 
   13640.00     0.90709      1.4904    2.426490 
   13650.00     0.90948      1.3838    1.990700 
   13660.00     0.91183      1.3789    2.500000 
   13670.00     0.91424      1.4016    1.971980 
   13680.00     0.91665      1.6049    1.944340 
   13690.00     0.91902      1.6858    1.959320 
   13700.00     0.92150      1.6483    1.945900 
   13710.00     0.92403      1.6375    1.935280 
   13720.00     0.92645      1.6355    1.949700 
   13730.00     0.92900      1.6463    1.968980 
   13740.00     0.93152      1.6197    1.962300 
   13750.00     0.93401      1.6197    1.947330 
   13760.00     0.93663      1.5299    1.960140 
   13770.00     0.93921      1.7134    1.974760 
   13780.00     0.94179      1.6829    1.971610 
   13790.00     0.94443      1.8487    1.968510 
   13800.00     0.94699      1.7490    1.968800 
   13810.00     0.94965      1.8033    1.965940 
   13820.00     0.95231      1.8773    1.973670 
   13830.00     0.95493      1.8990    1.994640 
   13840.00     0.95763      1.8664    2.000740 
   13850.00     0.96035      1.9089    2.002920 
   13860.00     0.96301      1.9790    2.012630 
   13870.00     0.96570      2.2326    2.022670 
   13880.00     0.96840      2.1606    2.028130 
   13890.00     0.97112      2.0658    2.035710 
   13900.00     0.97389      2.2484    2.045650 
   13910.00     0.97657      2.4073    2.045290 
   13920.00     0.97931      2.4093    2.034520 
   13930.00     0.98204      2.5494    2.022230 
   13940.00     0.98476      2.3195    2.014480 
   13950.00     0.98755      2.5040    2.019290 
   13960.00     0.99029      2.5090    2.023160 
   13970.00     0.99304      2.6679    2.044330 
   13980.00     0.99582      2.6462    2.048770 
   13990.00     0.99852      2.8643    2.053940 
   14000.00     1.00121      2.9373    2.063710 
   14010.00     1.00399      2.9719    2.069260 
   14020.00     1.00674      3.0163    2.075410 
   14030.00     1.00952      3.1811    2.086130 
   14040.00     1.01225      3.2660    2.093740 
   14050.00     1.01501      3.2798    2.101630 
   14060.00     1.01778      3.4812    2.099910 
   14070.00     1.02046      3.6450    2.109000 
   14080.00     1.02324      3.5128    2.111320 
   14090.00     1.02595      3.7309    2.123860 
   14100.00     1.02865      3.8335    2.131290 
   14110.00     1.03139      3.8365    2.129930 
   14120.00     1.03407      4.1415    2.132300 
   14130.00     1.03682      4.1109    2.139100 
   14140.00     1.03954      4.4642    2.138250 
   14150.00     1.04218      4.5215    2.144890 
   14160.00     1.04484      4.9656    2.136840 
   14170.00     1.04755      4.9459    2.140840 
   14180.00     1.05019      5.3693    2.147830 
   14190.00     1.05285      5.6526    2.143780 
   14200.00     1.05545      5.7513    2.142320 
   14210.00     1.05807      5.9063    2.144270 
   14220.00     1.06069      6.2794    2.144820 
   14230.00     1.06322      6.3958    2.140520 
   14240.00     1.06580      6.6791    2.135130 
   14250.00     1.06838      6.7117    2.140080 
   14260.00     1.07087      7.0936    2.147670 
   14270.00     1.07341      7.7322    2.141430 
   14280.00     1.07593      7.6286    2.148390 
   14290.00     1.07832      7.8961    2.147780 
   14300.00     1.08081      8.2396    2.149580 
   14310.00     1.08328      8.6965    2.153270 
   14320.00     1.08566      8.9315    2.156030 
   14330.00     1.08809      8.9245    2.159150 
   14340.00     1.09046      9.5957    2.164970 
   14350.00     1.09274      9.8237    2.170330 
   14360.00     1.09511     10.0547    2.180630 
   14370.00     1.09748     10.0270    2.186830 
   14380.00     1.09973     11.0091    2.189560 
   14390.00     1.10198     11.0891    2.193230 
   14400.00     1.10424     11.2736    2.195220 
   14410.00     1.10640     12.0544    2.196660 
   14420.00     1.10857     11.7296    2.198490 
   14430.00     1.11079     12.6219    2.200410 
   14440.00     1.11293     12.7739    2.201940 
   14450.00     1.11499     13.1786    2.203710 
   14460.00     1.11705     13.4530    2.206570 
   14470.00     1.11909     13.7471    2.208250 
   14480.00     1.12104     14.1271    2.210140 
   14490.00     1.12308     14.5081    2.213130 
   14500.00     1.12507     14.9256    2.218190 
   14510.00     1.12699     15.2996    2.223900 
   14520.00     1.12881     15.4497    2.230900 
   14530.00     1.13069     15.8997    2.236180 
   14540.00     1.13252     16.1386    2.237460 
   14550.00     1.13435     16.0863    2.241160 
   14560.00     1.13605     16.2107    2.244120 
   14570.00     1.13780     16.9272    2.245180 
   14580.00     1.13950     16.9183    2.245320 
   14590.00     1.14116     17.0289    2.247490 
   14600.00     1.14272     17.5481    2.247870 
   14610.00     1.14432     17.5234    2.248550 
   14620.00     1.14592     17.8511    2.249710 
   14630.00     1.14746     18.1580    2.250850 
   14640.00     1.14894     18.4077    2.252000 
   14650.00     1.15031     18.5025    2.252870 
   14660.00     1.15171     18.8460    2.253310 
   14670.00     1.15310     18.8252    2.256010 
   14680.00     1.15449     19.2901    2.257810 
   14690.00     1.15578     19.3316    2.259940 
   14700.00     1.15699     19.4421    2.262440 
   14710.00     1.15817     19.5369    2.264830 
   14720.00     1.15938     19.8014    2.266720 
   14730.00     1.16056     19.7905    2.270750 
   14740.00     1.16170     19.9613    2.276610 
   14750.00     1.16274     20.2752    2.277380 
   14760.00     1.16370     20.3551    2.279430 
   14770.00     1.16464     20.3107    2.282260 
   14780.00     1.16557     20.6167    2.281420 
   14790.00     1.16649     20.7144    2.282820 
   14800.00     1.16738     20.8614    2.283810 
   14810.00     1.16819     20.9069    2.284450 
   14820.00     1.16896     21.0529    2.284550 
   14830.00     1.16969     21.1872    2.284900 
   14840.00     1.17039     20.9355    2.286120 
   14850.00     1.17104     21.1339    2.287350 
   14860.00     1.17156     20.9256    2.288490 
   14870.00     1.17216     21.0648    2.288060 
   14880.00     1.17268     21.1556    2.288480 
   14890.00     1.17312     21.1023    2.290130 
   14900.00     1.17356     21.0727    2.290930 
   14910.00     1.17399     20.9996    2.291020 
   14920.00     1.17435     20.9444    2.291100 
   14930.00     1.17464     20.7637    2.291660 
   14940.00     1.17486     20.7371    2.292530 
   14950.00     1.17511     20.6404    2.292880 
   14960.00     1.17532     20.5101    2.291780 
   14970.00     1.17545     20.3758    2.293090 
   14980.00     1.17557     20.3512    2.293380 
   14990.00     1.17557     20.1952    2.293270 
   15000.00     1.17555     19.9031    2.293790 
   15010.00     1.17553     19.9800    2.294010 
   15020.00     1.17545     19.3908    2.293930 
   15030.00     1.17534     19.3622    2.294090 
   15040.00     1.17516     19.2921    2.294420 
   15050.00     1.17491     19.1154    2.294440 
   15060.00     1.17464     19.1421    2.295070 
   15070.00     1.17435     18.6427    2.294920 
   15080.00     1.17403     18.3771    2.294490 
   15090.00     1.17364     18.2903    2.294850 
   15100.00     1.17320     17.7109    2.294810 
   15110.00     1.17272     17.5648    2.294670 
   15120.00     1.17222     17.5392    2.294540 
   15130.00     1.17160     17.0585    2.293980 
   15140.00     1.17110     16.8739    2.293550 
   15150.00     1.17046     16.4702    2.294230 
   15160.00     1.16979     16.2728    2.293820 
   15170.00     1.16908     15.7932    2.293400 
   15180.00     1.16827     15.6609    2.294130 
   15190.00     1.16744     15.1516    2.293510 
   15200.00     1.16659     14.9976    2.294290 
   15210.00     1.16568     14.5387    2.293380 
   15220.00     1.16478     14.2356    2.292790 
   15230.00     1.16383     13.8744    2.293250 
   15240.00     1.16283     13.6652    2.293120 
   15250.00     1.16177     13.3375    2.291830 
   15260.00     1.16066     12.5943    2.292280 
   15270.00     1.15952     12.4995    2.291720 
   15280.00     1.15832     11.9872    2.291870 
   15290.00     1.15711     11.6556    2.290560 
   15300.00     1.15592     11.3585    2.290800 
   15310.00     1.15459     11.0249    2.290470 
   15320.00     1.15324     10.8798    2.288980 
   15330.00     1.15191     10.6380    2.287900 
   15340.00     1.15050      9.8523    2.287430 
   15350.00     1.14909      9.6678    2.285750 
   15360.00     1.14763      9.3460    2.283060 
   15370.00     1.14605      9.1476    2.281800 
   15380.00     1.14449      8.6650    2.276120 
   15390.00     1.14291      8.0915    2.273610 
   15400.00     1.14135      7.9750    2.267490 
   15410.00     1.13967      7.7688    2.265720 
   15420.00     1.13798      7.5812    2.263410 
   15430.00     1.13622      7.2279    2.260110 
   15440.00     1.13453      6.9397    2.258410 
   15450.00     1.13272      6.7423    2.257720 
   15460.00     1.13089      6.5814    2.255410 
   15470.00     1.12902      6.3386    2.254030 
   15480.00     1.12717      6.0879    2.253420 
   15490.00     1.12524      5.7158    2.251420 
   15500.00     1.12328      5.6605    2.249960 
   15510.00     1.12127      5.3950    2.249400 
   15520.00     1.11934      5.0347    2.247700 
   15530.00     1.11730      4.9893    2.246000 
   15540.00     1.11520      4.7594    2.244120 
   15550.00     1.11310      4.6113    2.240740 
   15560.00     1.11102      4.3794    2.237890 
   15570.00     1.10884      4.3804    2.233280 
   15580.00     1.10665      4.3290    2.225990 
   15590.00     1.10453      4.0132    2.217040 
   15600.00     1.10224      3.9747    2.212570 
   15610.00     1.09996      3.7260    2.208670 
   15620.00     1.09773      3.7023    2.205130 
   15630.00     1.09538      3.5019    2.202440 
   15640.00     1.09303      3.3904    2.200620 
   15650.00     1.09075      3.2552    2.198860 
   15660.00     1.08834      3.3075    2.195760 
   15670.00     1.08592      3.1683    2.193600 
   15680.00     1.08351      3.1268    2.192990 
   15690.00     1.08110      2.8090    2.188320 
   15700.00     1.07863      2.8159    2.183760 
   15710.00     1.07620      2.8396    2.178090 
   15720.00     1.07368      2.7923    2.169780 
   15730.00     1.07112      2.6067    2.162890 
   15740.00     1.06867      2.7054    2.159430 
   15750.00     1.06609      2.4083    2.156960 
   15760.00     1.06351      2.3886    2.153990 
   15770.00     1.06100      2.2672    2.151320 
   15780.00     1.05834      2.2010    2.149960 
   15790.00     1.05572      2.1882    2.148030 
   15800.00     1.05314      2.1359    2.144790 
   15810.00     1.05048      2.0500    2.143910 
   15820.00     1.04784      1.9878    2.133160 
   15830.00     1.04514      1.8921    2.123190 
   15840.00     1.04245      2.0026    2.119120 
   15850.00     1.03979      1.8724    2.116430 
   15860.00     1.03711      1.8487    2.117590 
   15870.00     1.03437      1.8368    2.118490 
   15880.00     1.03171      2.0036    2.122040 
   15890.00     1.02898      1.9385    2.131670 
   15900.00     1.02624      2.0066    2.136130 
   15910.00     1.02353      1.7638    2.139450 
   15920.00     1.02077      1.8398    2.137470 
   15930.00     1.01807      1.6305    2.136410 
   15940.00     1.01536      1.6769    2.137270 
   15950.00     1.01256      1.5950    2.135420 
   15960.00     1.00983      1.5980    2.131400 
   15970.00     1.00703      1.5022    2.128870 
   15980.00     1.00430      1.4341    2.127990 
   15990.00     1.00154      1.5101    2.121180 
   16000.00     0.99886      1.3779    2.107900 
   16010.00     0.99615      1.3946    2.099290 
   16020.00     0.99335      1.5170    2.098680 
   16030.00     0.99056      1.4647    2.095400 
   16040.00     0.98786      1.5871    2.090490 
   16050.00     0.98509      1.6108    2.088830 
   16060.00     0.98237      1.3374    2.080450 
   16070.00     0.97963      1.5407    2.057300 
   16080.00     0.97686      1.4549    2.053070 
   16090.00     0.97416      1.5170    2.061340 
   16100.00     0.97141      1.4637    2.058520 
   16110.00     0.96871      1.5624    2.041650 
   16120.00     0.96605      1.3946    2.044460 
   16130.00     0.96331      1.3384    2.044660 
   16140.00     0.96062      1.3917    2.033750 
   16150.00     0.95792      1.4529    2.023190 
   16160.00     0.95522      1.2663    2.018980 
   16170.00     0.95262      1.3413    2.035110 
   16180.00     0.94998      1.4065    1.986080 
   16190.00     0.94730      1.4558    2.010310 
   16200.00     0.94470      1.1884    2.006240 
   16210.00     0.94206      1.3344    1.980870 
   16220.00     0.93948      1.2012    1.955810 
   16230.00     0.93694      1.2229    1.965060 
   16240.00     0.93432      1.3700    1.980420 
   16250.00     0.93181      1.3216    1.964380 
   16260.00     0.92925      1.1015    1.948350 
   16270.00     0.92671      1.1824    1.997830 
   16280.00     0.92424      1.1963    1.947330 
   16290.00     0.92179      1.2653    1.975600 
   16300.00     0.91934      1.2012    2.019730 
   16310.00     0.91694      1.1588    1.989680 
   16320.00     0.91449      1.2594    1.972080 
   16330.00     0.91206      1.1331    2.242680 
   16340.00     0.90969      1.0837    2.500000 
   16350.00     0.90734      1.1262    2.338490 
   16360.00     0.90501      1.1222    2.056540 
   16370.00     0.90274      1.1617    2.457670 
   16380.00     0.90046      1.2584    1.970830 
   16390.00     0.89813      1.3048    1.957570 
   16400.00     0.89590      1.4894    2.421280 
   16410.00     0.89374      1.4045    2.499200 
   16420.00     0.89156      1.1479    2.499610 
   16430.00     0.88938      1.2594    2.448570 
   16440.00     0.88730      1.0206    2.439140 
   16450.00     0.88516      1.2742    2.493320 
   16460.00     0.88306      1.0186    2.497650 
   16470.00     0.88108      1.1370    2.477280 
   16480.00     0.87908      1.1272    2.362520 
   16490.00     0.87707      1.1943    2.351300 
   16500.00     0.87509      1.1469    2.477260 
   16510.00     0.87322      1.0433    2.417340 
   16520.00     0.87131      1.1282    2.404300 
   16530.00     0.86944      0.9880    2.458780 
   16540.00     0.86763      1.3236    2.498120 
   16550.00     0.86590      1.1647    2.496970 
   16560.00     0.86410      1.1676    2.500000 
   16570.00     0.86235      1.1133    2.486010 
   16580.00     0.86064      1.1311    2.360080 
   16590.00     0.85902      1.0561    2.360230 
   16600.00     0.85740      1.0068    2.171170 
   16610.00     0.85582      0.9663    2.310350 
   16620.00     0.85424      1.1637    2.452670 
   16630.00     0.85270      1.1400    2.449690 
   16640.00     0.85125      1.0600    2.026160 
   16650.00     0.84983      0.9929    1.845660 
   16660.00     0.84846      1.0828    2.364150 
   16670.00     0.84709      1.0482    1.923840 
   16680.00     0.84570      1.0709    2.374570 
   16690.00     0.84449      1.0462    2.361910 
   16700.00     0.84322      1.0482    2.360830 
   16710.00     0.84198      1.1558    2.339870 
   16720.00     0.84081      1.1913    2.039160 
   16730.00     0.83967      1.2802    1.683570 
   16740.00     0.83857      1.2565    1.768930 
   16750.00     0.83755      1.3423    2.090540 
   16760.00     0.83653      1.1676    2.163780 
   16770.00     0.83553      1.3068    2.377810 
   16780.00     0.83462      1.2042    2.500000 
   16790.00     0.83370      1.1499    2.500000 
   16800.00     0.83285      1.3413    2.374360 
   16810.00     0.83198      1.2130    2.155270 
   16820.00     0.83125      1.1242    1.735960 
   16830.00     0.83054      1.2742    2.043070 
   16840.00     0.82988      1.0591    2.397160 
   16850.00     0.82923      1.2130    2.367840 
   16860.00     0.82861      1.2496    2.354100 
   16870.00     0.82805      1.2357    2.310260 
   16880.00     0.82748      1.1676    2.094720 
   16890.00     0.82703      1.0344    2.354890 
   16900.00     0.82663      1.0581    2.342870 
   16910.00     0.82624      1.2308    1.517940 
   16920.00     0.82584      1.3601    2.027270 
   16930.00     0.82553      1.1548    1.894680 
   16940.00     0.82528      1.3206    1.925570 
   16950.00     0.82509      1.1222    2.361530 
   16960.00     0.82493      1.2120    2.367520 
   16970.00     0.82482      1.2091    2.295540 
   16980.00     0.82468      1.1805    1.884450 
   16990.00     0.82464      1.1943    1.555180 
   17000.00     0.82466      1.2584    2.290830 
   17010.00     0.82468      1.0472    1.704090 
   17020.00     0.82478      1.1637    2.134610 
   17030.00     0.82491      1.3492    2.455860 
   17040.00     0.82507      1.2871    2.437100 
   17050.00     0.82526      1.1874    2.366850 
   17060.00     0.82549      1.1568    2.156000 
   17070.00     0.82578      1.2782    1.669910 
   17080.00     0.82618      1.3196    2.333430 
   17090.00     0.82659      1.1745    1.552430 
   17100.00     0.82697      1.1479    2.297530 
   17110.00     0.82742      1.1035    1.687270 
   17120.00     0.82798      1.2831    1.929400 
   17130.00     0.82855      1.3917    2.335740 
   17140.00     0.82917      1.2446    2.223140 
   17150.00     0.82983      1.2663    2.139510 
   17160.00     0.83046      1.2496    2.500000 
   17170.00     0.83116      1.1755    2.500000 
   17180.00     0.83191      1.1953    2.493900 
   17190.00     0.83274      1.1430    2.364500 
   17200.00     0.83358      1.4361    1.375090 
   17210.00     0.83451      1.3236    2.174910 
   17220.00     0.83543      1.3038    2.459160 
   17230.00     0.83642      1.0285    2.500000 
   17240.00     0.83746      1.1489    2.426280 
   17250.00     0.83844      1.2111    2.352130 
   17260.00     0.83956      1.0650    2.357770 
   17270.00     0.84071      1.2604    2.361710 
   17280.00     0.84187      1.2091    2.361490 
   17290.00     0.84308      1.2871    2.362210 
   17300.00     0.84435      1.1489    1.588860 
   17310.00     0.84557      1.2446    2.338100 
   17320.00     0.84692      1.2683    2.404480 
   17330.00     0.84830      1.2732    2.371200 
   17340.00     0.84967      1.2594    1.841050 
   17350.00     0.85110      1.1439    1.615050 
   17360.00     0.85254      1.3413    2.173500 
   17370.00     0.85405      1.2900    2.324380 
   17380.00     0.85565      1.3019    2.067250 
   17390.00     0.85724      1.2417    2.082520 
   17400.00     0.85884      1.2535    2.466060 
   17410.00     0.86042      1.1390    2.371310 
   17420.00     0.86216      1.2387    2.460410 
   17430.00     0.86389      1.2555    2.450600 
   17440.00     0.86568      1.2584    2.400260 
   17450.00     0.86742      1.4035    2.371840 
   17460.00     0.86925      1.3739    2.390690 
   17470.00     0.87110      1.3413    2.473510 
   17480.00     0.87301      1.2989    2.499310 
   17490.00     0.87486      1.4736    2.490840 
   17500.00     0.87686      1.3394    2.358970 
   17510.00     0.87886      1.1943    2.478960 
   17520.00     0.88085      1.0699    2.392920 
   17530.00     0.88281      1.1351    2.447540 
   17540.00     0.88491      1.2584    2.500000 
   17550.00     0.88707      1.1666    2.489610 
   17560.00     0.88913      1.2446    2.482610 
   17570.00     0.89131      1.3473    2.500000 
   17580.00     0.89349      1.3344    2.500000 
   17590.00     0.89568      1.4252    2.500000 
   17600.00     0.89786      1.4361    2.500000 
   17610.00     0.90021      1.4460    2.500000 
   17620.00     0.90250      1.3394    2.500000 
   17630.00     0.90476      1.3591    2.500000 
   17640.00     0.90709      1.2811    2.187110 
   17650.00     0.90944      1.4785    1.936420 
   17660.00     0.91179      1.4440    2.138770 
   17670.00     0.91422      1.5378    2.386670 
   17680.00     0.91667      1.3058    1.952640 
   17690.00     0.91904      1.4578    2.004700 
   17700.00     0.92152      1.6197    1.978700 
   17710.00     0.92399      1.5486    1.938610 
   17720.00     0.92642      1.6276    1.943530 
   17730.00     0.92898      1.6740    1.960160 
   17740.00     0.93154      1.6296    1.966750 
   17750.00     0.93405      1.5249    1.957020 
   17760.00     0.93665      1.7539    1.947510 
   17770.00     0.93921      1.6305    1.946760 
   17780.00     0.94177      1.4509    1.926300 
   17790.00     0.94441      1.5654    1.970830 
   17800.00     0.94701      1.5180    1.971580 
   17810.00     0.94967      1.8013    1.963350 
   17820.00     0.95233      1.9158    1.950100 
   17830.00     0.95491      1.6740    1.978730 
   17840.00     0.95761      1.8250    1.992310 
   17850.00     0.96033      1.8210    1.995910 
   17860.00     0.96301      1.7500    2.006860 
   17870.00     0.96574      1.7816    2.016830 
   17880.00     0.96842      1.9957    2.026150 
   17890.00     0.97110      1.8674    2.035120 
   17900.00     0.97387      2.0125    2.045590 
   17910.00     0.97655      1.9997    2.042320 
   17920.00     0.97931      2.1744    1.999650 
   17930.00     0.98206      2.1092    2.008260 
   17940.00     0.98478      2.2227    2.018750 
   17950.00     0.98755      2.3214    2.020380 
   17960.00     0.99027      2.4665    2.027220 
   17970.00     0.99304      2.4024    2.040320 
   17980.00     0.99586      2.4892    2.049480 
   17990.00     0.99859      2.4419    2.056550 
   18000.00     1.00125      2.5692    2.064360 
   18010.00     1.00399      2.8199    2.074170 
   18020.00     1.00672      2.6570    2.079170 
   18030.00     1.00952      2.8742    2.086710 
   18040.00     1.01227      3.1407    2.094520 
   18050.00     1.01503      3.1377    2.098370 
   18060.00     1.01778      3.2621    2.099760 
   18070.00     1.02046      3.4871    2.106270 
   18080.00     1.02322      3.6894    2.120490 
   18090.00     1.02595      3.7210    2.122450 
   18100.00     1.02867      3.7092    2.126620 
   18110.00     1.03143      4.0122    2.131640 
   18120.00     1.03408      3.9174    2.137270 
   18130.00     1.03680      4.0625    2.135550 
   18140.00     1.03952      4.3310    2.137640 
   18150.00     1.04214      4.4021    2.140480 
   18160.00     1.04486      4.6952    2.140030 
   18170.00     1.04757      4.7041    2.139110 
   18180.00     1.05019      5.0653    2.140870 
   18190.00     1.05283      5.3565    2.138580 
   18200.00     1.05543      5.3121    2.140350 
   18210.00     1.05805      5.5796    2.139080 
   18220.00     1.06073      5.7306    2.139720 
   18230.00     1.06326      6.1096    2.136240 
   18240.00     1.06582      6.4442    2.135250 
   18250.00     1.06838      6.7136    2.141020 
   18260.00     1.07085      6.8548    2.143990 
   18270.00     1.07339      7.0522    2.139680 
   18280.00     1.07592      7.6217    2.142200 
   18290.00     1.07836      7.5881    2.149800 
   18300.00     1.08083      8.0649    2.149510 
   18310.00     1.08328      8.3126    2.151360 
   18320.00     1.08563      8.6502    2.153500 
   18330.00     1.08807      8.8476    2.158840 
   18340.00     1.09050      9.0558    2.164670 
   18350.00     1.09277      9.1891    2.170150 
   18360.00     1.09514      9.6085    2.177620 
   18370.00     1.09746     10.2264    2.186060 
   18380.00     1.09971     10.8591    2.189630 
   18390.00     1.10198     10.4663    2.192070 
   18400.00     1.10424     11.4592    2.194520 
   18410.00     1.10642     11.6339    2.196540 
   18420.00     1.10859     12.0119    2.198690 
   18430.00     1.11079     12.1708    2.199870 
   18440.00     1.11291     12.7788    2.200820 
   18450.00     1.11497     13.0088    2.203080 
   18460.00     1.11707     13.1095    2.205430 
   18470.00     1.11911     13.6109    2.206750 
   18480.00     1.12108     13.9849    2.208480 
   18490.00     1.12308     14.4182    2.211390 
   18500.00     1.12505     14.6285    2.216950 
   18510.00     1.12697     14.9137    2.224240 
   18520.00     1.12881     15.1694    2.228680 
   18530.00     1.13071     15.3648    2.234280 
   18540.00     1.13254     15.6648    2.237450 
   18550.00     1.13435     16.0142    2.239490 
   18560.00     1.13605     16.1129    2.242310 
   18570.00     1.13778     16.5522    2.245180 
   18580.00     1.13952     16.7051    2.246080 
   18590.00     1.14119     17.1463    2.246790 
   18600.00     1.14274     17.3023    2.247920 
   18610.00     1.14432     17.4257    2.248370 
   18620.00     1.14590     17.4602    2.249030 
   18630.00     1.14746     17.9093    2.250170 
   18640.00     1.14896     18.1166    2.250620 
   18650.00     1.15033     18.2015    2.251310 
   18660.00     1.15173     18.6565    2.252890 
   18670.00     1.15310     18.8450    2.254750 
   18680.00     1.15443     19.0868    2.255940 
   18690.00     1.15576     19.2161    2.257220 
   18700.00     1.15699     19.5221    2.260590 
   18710.00     1.15821     19.4816    2.261330 
   18720.00     1.15940     19.4648    2.262140 
   18730.00     1.16054     19.8508    2.268450 
   18740.00     1.16166     19.9248    2.271200 
   18750.00     1.16272     20.2071    2.273620 
   18760.00     1.16372     20.2564    2.276740 
   18770.00     1.16466     20.0018    2.278970 
   18780.00     1.16559     20.4074    2.279880 
   18790.00     1.16649     20.4222    2.280330 
   18800.00     1.16734     20.5397    2.282410 
   18810.00     1.16817     20.4282    2.281960 
   18820.00     1.16898     20.7055    2.282880 
   18830.00     1.16971     20.7262    2.284420 
   18840.00     1.17040     20.8486    2.285550 
   18850.00     1.17102     20.6009    2.286250 
   18860.00     1.17154     20.7450    2.286930 
   18870.00     1.17214     20.8447    2.287840 
   18880.00     1.17268     20.5821    2.288760 
   18890.00     1.17314     20.6986    2.289200 
   18900.00     1.17360     20.5653    2.289890 
   18910.00     1.17397     20.4755    2.290040 
   18920.00     1.17432     20.6354    2.290980 
   18930.00     1.17461     20.4913    2.290520 
   18940.00     1.17487     20.2574    2.291160 
   18950.00     1.17514     20.4943    2.291650 
   18960.00     1.17534     20.2564    2.291720 
   18970.00     1.17543     20.1538    2.292070 
   18980.00     1.17553     19.9870    2.292820 
   18990.00     1.17555     19.7254    2.292990 
   19000.00     1.17555     19.8508    2.293400 
   19010.00     1.17555     19.7116    2.294010 
   19020.00     1.17547     19.4915    2.292920 
   19030.00     1.17532     19.1895    2.293620 
   19040.00     1.17514     18.9595    2.293650 
   19050.00     1.17489     18.6920    2.294150 
   19060.00     1.17466     18.2814    2.294060 
   19070.00     1.17439     18.2054    2.293500 
   19080.00     1.17405     18.0801    2.294050 
   19090.00     1.17364     17.8550    2.295170 
   19100.00     1.17316     17.4819    2.294770 
   19110.00     1.17272     17.2776    2.294460 
   19120.00     1.17224     17.1000    2.294600 
   19130.00     1.17162     17.0536    2.294010 
   19140.00     1.17110     16.6982    2.293750 
   19150.00     1.17046     16.4367    2.293700 
   19160.00     1.16977     16.1406    2.293630 
   19170.00     1.16906     15.8455    2.293330 
   19180.00     1.16827     15.4309    2.292900 
   19190.00     1.16748     15.1269    2.292860 
   19200.00     1.16659     14.7509    2.293390 
   19210.00     1.16570     14.5880    2.292940 
   19220.00     1.16476     13.8754    2.292660 
   19230.00     1.16380     13.8063    2.292760 
   19240.00     1.16283     13.2871    2.292040 
   19250.00     1.16179     13.1884    2.291810 
   19260.00     1.16067     12.5785    2.291730 
   19270.00     1.15952     12.4521    2.291400 
   19280.00     1.15830     11.6023    2.290870 
   19290.00     1.15709     11.4700    2.290260 
   19300.00     1.15593     11.4345    2.290610 
   19310.00     1.15464     11.0417    2.289580 
   19320.00     1.15329     10.7989    2.288170 
   19330.00     1.15189      9.8415    2.287060 
   19340.00     1.15048      9.4674    2.286410 
   19350.00     1.14909      9.2128    2.284770 
   19360.00     1.14763      9.0588    2.282240 
   19370.00     1.14609      8.9611    2.279550 
   19380.00     1.14451      8.4607    2.276840 
   19390.00     1.14289      8.1172    2.272930 
   19400.00     1.14133      7.7609    2.266880 
   19410.00     1.13965      7.8280    2.263950 
   19420.00     1.13800      7.3177    2.262090 
   19430.00     1.13628      6.8962    2.260590 
   19440.00     1.13457      6.6909    2.258430 
   19450.00     1.13274      6.7689    2.255950 
   19460.00     1.13089      6.0987    2.254940 
   19470.00     1.12902      6.0267    2.254110 
   19480.00     1.12719      5.8905    2.252500 
   19490.00     1.12528      5.7168    2.252060 
   19500.00     1.12329      5.6457    2.249720 
   19510.00     1.12127      5.1650    2.249150 
   19520.00     1.11931      5.2144    2.247280 
   19530.00     1.11728      4.7979    2.246280 
   19540.00     1.11522      4.6301    2.243440 
   19550.00     1.11314      4.5353    2.240480 
   19560.00     1.11104      4.4948    2.237760 
   19570.00     1.10882      4.4406    2.233860 
   19580.00     1.10665      4.3428    2.226350 
   19590.00     1.10449      3.8780    2.215860 
   19600.00     1.10224      3.8632    2.211250 
   19610.00     1.09998      3.7812    2.207950 
   19620.00     1.09775      3.4930    2.203870 
   19630.00     1.09536      3.4970    2.201620 
   19640.00     1.09299      3.2226    2.200900 
   19650.00     1.09073      3.3154    2.198390 
   19660.00     1.08836      3.1555    2.195700 
   19670.00     1.08595      3.2127    2.194340 
   19680.00     1.08355      3.1969    2.192710 
   19690.00     1.08110      2.9995    2.188410 
   19700.00     1.07859      2.7774    2.183260 
   19710.00     1.07618      2.6787    2.179870 
   19720.00     1.07368      2.5613    2.166470 
   19730.00     1.07114      2.6531    2.161290 
   19740.00     1.06867      2.6008    2.158450 
   19750.00     1.06609      2.5208    2.156490 
   19760.00     1.06351      2.6254    2.153460 
   19770.00     1.06098      2.4488    2.150960 
   19780.00     1.05834      2.2918    2.149910 
   19790.00     1.05576      2.4389    2.148120 
   19800.00     1.05316      2.3106    2.145180 
   19810.00     1.05048      2.0727    2.141110 
   19820.00     1.04784      2.0885    2.136650 
   19830.00     1.04514      2.2000    2.123020 
   19840.00     1.04247      2.0253    2.118050 
   19850.00     1.03983      1.8023    2.116770 
   19860.00     1.03711      2.0569    2.116220 
   19870.00     1.03437      1.9178    2.117880 
   19880.00     1.03170      1.9711    2.123930 
   19890.00     1.02896      1.8339    2.131470 
   19900.00     1.02626      1.7174    2.132440 
   19910.00     1.02356      1.7658    2.137300 
   19920.00     1.02079      1.9247    2.140000 
   19930.00     1.01807      1.5378    2.136860 
   19940.00     1.01532      1.6740    2.135220 
   19950.00     1.01254      1.5930    2.133960 
   19960.00     1.00985      1.7213    2.132150 
   19970.00     1.00705      1.7223    2.129180 
   19980.00     1.00432      1.7223    2.127510 
   19990.00     1.00154      1.7816    2.123680 
   20000.00     0.99886      1.6829    2.102570 
   20010.00     0.99613      1.6503    2.095340 
   20020.00     0.99337      1.6868    2.097600 
   20030.00     0.99060      1.5911    2.092760 
   20040.00     0.98790      1.5545    2.087430 
   20050.00     0.98509      1.4983    2.084010 
   20060.00     0.98235      1.5822    2.080540 
   20070.00     0.97961      1.6789    2.067480 
   20080.00     0.97684      1.5723    2.056190 
   20090.00     0.97420      1.5358    2.062810 
   20100.00     0.97143      1.5911    2.064510 
   20110.00     0.96869      1.5082    2.028810 
   20120.00     0.96601      1.5644    2.052000 
   20130.00     0.96329      1.3048    2.046710 
   20140.00     0.96064      1.3581    2.024150 
   20150.00     0.95796      1.2959    2.015930 
   20160.00     0.95524      1.3413    2.016130 
   20170.00     0.95262      1.1538    2.015210 
   20180.00     0.94994      1.1588    2.010780 
   20190.00     0.94730      1.3058    2.006110 
   20200.00     0.94472      1.2940    2.000050 
   20210.00     0.94210      1.1588    1.969350 
   20220.00     0.93950      1.2584    1.974030 
   20230.00     0.93692      1.2269    1.984050 
   20240.00     0.93430      1.0699    1.973600 
   20250.00     0.93179      1.3029    1.949720 
   20260.00     0.92929      1.1509    1.989560 
   20270.00     0.92674      1.1953    1.991240 
   20280.00     0.92428      1.1578    1.957750 
   20290.00     0.92177      1.0373    1.973330 
   20300.00     0.91931      1.1884    1.970420 
   20310.00     0.91690      1.1410    1.939360 
   20320.00     0.91449      1.0265    1.967620 
   20330.00     0.91206      0.9979    2.452090 
   20340.00     0.90973      0.9199    2.500000 
   20350.00     0.90734      1.1548    2.115390 
   20360.00     0.90499      1.1676    2.195270 
   20370.00     0.90272      1.1943    2.432880 
   20380.00     0.90050      1.3068    2.274900 
   20390.00     0.89815      1.1499    2.010610 
   20400.00     0.89593      1.0531    2.382950 
   20410.00     0.89374      1.1262    2.482600 
   20420.00     0.89152      0.9110    1.919860 
   20430.00     0.88936      0.8626    1.916490 
   20440.00     0.88730      1.0462    2.392000 
   20450.00     0.88518      0.9633    2.077880 
   20460.00     0.88308      1.0591    2.173490 
   20470.00     0.88104      0.9584    2.367700 
   20480.00     0.87904      0.9367    2.200630 
   20490.00     0.87705      1.1321    2.064180 
   20500.00     0.87511      0.9021    2.480990 
   20510.00     0.87326      0.9041    2.374170 
   20520.00     0.87133      1.0591    2.500000 
   20530.00     0.86944      1.2328    2.500000 
   20540.00     0.86761      1.2959    1.656300 
   20550.00     0.86588      1.0373    2.201620 
   20560.00     0.86410      1.1203    2.497230 
   20570.00     0.86237      1.0689    2.032760 
   20580.00     0.86064      1.0531    1.761980 
   20590.00     0.85902      1.0531    2.212280 
   20600.00     0.85740      1.0423    2.500000 
   20610.00     0.85580      1.2249    2.500000 
   20620.00     0.85424      1.2071    2.500000 
   20630.00     0.85274      1.0107    2.368620 
   20640.00     0.85129      1.1005    1.998140 
   20650.00     0.84983      0.8942    2.233030 
   20660.00     0.84844      1.0610    2.354710 
   20670.00     0.84705      0.9238    2.352600 
   20680.00     0.84570      0.8913    2.354190 
   20690.00     0.84451      0.9742    2.400130 
   20700.00     0.84326      0.9456    2.339330 
   20710.00     0.84200      0.9367    1.586100 
   20720.00     0.84079      1.1133    2.075350 
   20730.00     0.83965      1.1380    2.103030 
   20740.00     0.83857      1.0186    2.438670 
   20750.00     0.83761      0.9752    2.406350 
   20760.00     0.83655      1.2061    2.213840 
   20770.00     0.83553      1.0373    2.314030 
   20780.00     0.83461      0.9613    2.446410 
   20790.00     0.83368      1.0097    2.286200 
   20800.00     0.83285      1.1064    2.136740 
   20810.00     0.83200      1.0926    2.279060 
   20820.00     0.83125      1.1291    1.387180 
   20830.00     0.83052      1.1854    1.845260 
   20840.00     0.82987      1.1489    2.305580 
   20850.00     0.82923      1.0531    1.759460 
   20860.00     0.82863      1.0216    1.745120 
   20870.00     0.82809      1.0877    1.880200 
   20880.00     0.82751      1.0936    2.002630 
   20890.00     0.82703      0.8646    2.224610 
   20900.00     0.82663      1.1114    2.374480 
   20910.00     0.82622      1.0462    2.353100 
   20920.00     0.82584      1.0413    2.365880 
   20930.00     0.82555      1.0196    1.937240 
   20940.00     0.82530      1.0176    2.072470 
   20950.00     0.82507      0.8942    2.288820 
   20960.00     0.82489      0.9663    2.357020 
   20970.00     0.82480      0.9870    2.353900 
   20980.00     0.82470      0.9673    2.352380 
   20990.00     0.82470      1.0749    2.357870 
   21000.00     0.82470      1.0502    2.367010 
   21010.00     0.82468      1.0452    2.390380 
   21020.00     0.82478      1.2535    2.366640 
   21030.00     0.82491      1.1242    2.357020 
   21040.00     0.82505      1.1301    2.480680 
   21050.00     0.82528      1.0186    2.393430 
   21060.00     0.82551      1.0275    2.358800 
   21070.00     0.82578      1.2496    1.915400 
   21080.00     0.82617      1.0600    1.889640 
   21090.00     0.82659      1.2900    2.213210 
   21100.00     0.82699      1.0719    1.836990 
   21110.00     0.82746      1.0008    1.567660 
   21120.00     0.82802      1.0443    1.889950 
   21130.00     0.82855      1.2466    1.533450 
   21140.00     0.82915      0.8172    2.378730 
   21150.00     0.82981      0.9989    2.394610 
   21160.00     0.83046      1.0373    2.362220 
   21170.00     0.83118      0.9673    2.365060 
   21180.00     0.83191      1.1114    2.426580 
   21190.00     0.83274      0.8942    2.451510 
   21200.00     0.83355      1.0640    2.357190 
   21210.00     0.83451      0.9120    2.336270 
   21220.00     0.83545      0.7679    2.058890 
   21230.00     0.83645      1.0373    1.303860 
   21240.00     0.83748      1.0837    2.241450 
   21250.00     0.83844      1.0502    2.468610 
   21260.00     0.83952      0.9564    2.405330 
   21270.00     0.84067      1.0946    2.437830 
   21280.00     0.84187      0.9762    2.431880 
   21290.00     0.84310      1.0176    2.265830 
   21300.00     0.84435      1.1686    2.173330 
   21310.00     0.84557      1.0038    2.279220 
   21320.00     0.84688      0.9811    1.477310 
   21330.00     0.84827      1.0758    2.500000 
   21340.00     0.84969      1.2525    2.107540 
   21350.00     0.85114      1.0916    2.325520 
   21360.00     0.85256      1.3236    2.466210 
   21370.00     0.85405      1.3325    2.432880 
   21380.00     0.85563      1.1380    2.000120 
   21390.00     0.85723      1.0650    1.841440 
   21400.00     0.85884      1.2347    2.364790 
   21410.00     0.86044      1.2989    2.361830 
   21420.00     0.86218      1.2318    2.355190 
   21430.00     0.86391      1.1607    2.354890 
   21440.00     0.86566      0.9238    2.350190 
   21450.00     0.86740      1.2505    2.359220 
   21460.00     0.86927      1.0186    2.457100 
   21470.00     0.87112      1.1094    2.427690 
   21480.00     0.87303      1.2565    2.433930 
   21490.00     0.87486      1.3019    2.436610 
   21500.00     0.87684      1.3107    2.330060 
   21510.00     0.87884      1.1716    2.312850 
   21520.00     0.88087      1.1242    2.106140 
   21530.00     0.88285      1.0778    2.500000 
   21540.00     0.88495      1.2150    2.500000 
   21550.00     0.88705      1.2851    2.500000 
   21560.00     0.88911      1.1232    2.500000 
   21570.00     0.89129      1.3246    2.159430 
   21580.00     0.89353      1.1212    1.913680 
   21590.00     0.89572      1.1114    2.124420 
   21600.00     0.89790      1.3038    2.500000 
   21610.00     0.90021      1.2920    2.500000 
   21620.00     0.90247      1.1647    2.500000 
   21630.00     0.90474      1.4252    2.500000 
   21640.00     0.90709      1.4568    1.975510 
   21650.00     0.90946      1.3325    2.006680 
   21660.00     0.91181      1.3295    2.361630 
   21670.00     0.91420      1.4874    2.183500 
   21680.00     0.91663      1.4785    1.974070 
   21690.00     0.91902      1.4627    2.174940 
   21700.00     0.92152      1.2624    2.356300 
   21710.00     0.92403      1.5881    1.962080 
   21720.00     0.92645      1.5703    1.933150 
   21730.00     0.92898      1.3927    1.952970 
   21740.00     0.93150      1.3946    1.967600 
   21750.00     0.93401      1.6098    1.948140 
   21760.00     0.93665      1.5615    1.951400 
   21770.00     0.93921      1.7154    1.926610 
   21780.00     0.94179      1.7144    1.923820 
   21790.00     0.94441      1.6197    1.951110 
   21800.00     0.94699      1.6296    1.971670 
   21810.00     0.94965      1.5871    1.968530 
   21820.00     0.95233      1.7016    1.950880 
   21830.00     0.95495      1.5615    2.001800 
   21840.00     0.95763      1.9227    1.985790 
   21850.00     0.96033      1.7292    1.989350 
   21860.00     0.96299      1.8240    2.002040 
   21870.00     0.96572      1.9523    2.013440 
   21880.00     0.96842      2.0668    2.023820 
   21890.00     0.97112      2.1685    2.035950 
   21900.00     0.97387      2.2178    2.045470 
   21910.00     0.97653      2.0786    2.045240 
   21920.00     0.97929      2.3392    2.041570 
   21930.00     0.98204      1.9701    2.032780 
   21940.00     0.98480      2.0707    2.014900 
   21950.00     0.98757      2.3728    2.019740 
   21960.00     0.99031      2.6225    2.027950 
   21970.00     0.99303      2.6511    2.038690 
   21980.00     0.99582      2.4251    2.049080 
   21990.00     0.99855      2.5396    2.064090 
   22000.00     1.00123      2.6669    2.077900 
   22010.00     1.00401      2.6876    2.077850 
   22020.00     1.00674      2.9847    2.083620 
   22030.00     1.00952      3.0124    2.092740 
   22040.00     1.01224      3.1999    2.095100 
   22050.00     1.01501      3.0528    2.097420 
   22060.00     1.01780      3.3647    2.096400 
   22070.00     1.02048      3.5582    2.116750 
   22080.00     1.02326      3.4585    2.116240 
   22090.00     1.02595      3.5809    2.113200 
   22100.00     1.02863      3.7457    2.121720 
   22110.00     1.03141      4.1849    2.119080 
   22120.00     1.03408      4.0132    2.130840 
   22130.00     1.03682      4.1800    2.135010 
   22140.00     1.03954      4.3014    2.131120 
   22150.00     1.04216      4.4396    2.135790 
   22160.00     1.04484      4.7041    2.138030 
   22170.00     1.04753      4.7071    2.140800 
   22180.00     1.05021      4.9015    2.138820 
   22190.00     1.05287      5.1956    2.137650 
   22200.00     1.05547      5.4680    2.139200 
   22210.00     1.05805      5.5500    2.138030 
   22220.00     1.06069      5.8934    2.137000 
   22230.00     1.06322      6.2211    2.128300 
   22240.00     1.06582      6.3366    2.129200 
   22250.00     1.06842      6.6426    2.139090 
   22260.00     1.07087      6.6880    2.132100 
   22270.00     1.07339      7.0956    2.133140 
   22280.00     1.07592      7.2535    2.142080 
   22290.00     1.07832      7.7362    2.147440 
   22300.00     1.08083      7.6355    2.147250 
   22310.00     1.08329      7.9336    2.149460 
   22320.00     1.08568      8.3669    2.154070 
   22330.00     1.08807      8.9936    2.157900 
   22340.00     1.09048      9.2147    2.163540 
   22350.00     1.09276      9.2424    2.165160 
   22360.00     1.09513      9.1585    2.178820 
   22370.00     1.09748      9.9017    2.185660 
   22380.00     1.09973     10.2945    2.189250 
   22390.00     1.10197     10.4307    2.191890 
   22400.00     1.10422     11.0989    2.194180 
   22410.00     1.10640     11.2243    2.196480 
   22420.00     1.10859     11.7760    2.197710 
   22430.00     1.11081     12.0850    2.199870 
   22440.00     1.11293     12.4462    2.201840 
   22450.00     1.11495     12.5548    2.203480 
   22460.00     1.11705     12.7482    2.204990 
   22470.00     1.11911     13.5062    2.207410 
   22480.00     1.12106     13.7382    2.209450 
   22490.00     1.12308     14.0037    2.212130 
   22500.00     1.12505     14.1488    2.215990 
   22510.00     1.12696     14.5969    2.221430 
   22520.00     1.12879     14.7933    2.229580 
   22530.00     1.13067     15.0381    2.234710 
   22540.00     1.13254     15.5276    2.237550 
   22550.00     1.13437     15.5494    2.238790 
   22560.00     1.13607     15.8919    2.242220 
   22570.00     1.13778     16.2422    2.244190 
   22580.00     1.13950     16.5107    2.246220 
   22590.00     1.14116     16.7130    2.247100 
   22600.00     1.14272     16.9578    2.247130 
   22610.00     1.14434     17.1829    2.248000 
   22620.00     1.14592     17.4434    2.249270 
   22630.00     1.14744     17.7662    2.250070 
   22640.00     1.14892     18.0317    2.250370 
   22650.00     1.15031     18.3130    2.252040 
   22660.00     1.15175     18.5785    2.253430 
   22670.00     1.15314     18.7265    2.254260 
   22680.00     1.15447     18.7670    2.255480 
   22690.00     1.15576     19.2201    2.257400 
   22700.00     1.15697     19.1648    2.259540 
   22710.00     1.15817     19.3592    2.261490 
   22720.00     1.15938     19.5398    2.263320 
   22730.00     1.16054     19.6297    2.264320 
   22740.00     1.16166     20.0422    2.269740 
   22750.00     1.16272     20.0412    2.273960 
   22760.00     1.16368     20.0482    2.276930 
   22770.00     1.16464     20.0274    2.276670 
   22780.00     1.16559     20.0037    2.278410 
   22790.00     1.16651     20.2840    2.280480 
   22800.00     1.16738     20.2673    2.281420 
   22810.00     1.16817     20.4005    2.282040 
   22820.00     1.16894     20.3571    2.282840 
   22830.00     1.16969     20.3719    2.283570 
   22840.00     1.17039     20.5496    2.285310 
   22850.00     1.17104     20.7025    2.285020 
   22860.00     1.17154     20.8279    2.286770 
   22870.00     1.17216     20.5180    2.287140 
   22880.00     1.17264     20.5357    2.287420 
   22890.00     1.17310     20.6127    2.288280 
   22900.00     1.17358     20.4291    2.289150 
   22910.00     1.17401     20.5624    2.289600 
   22920.00     1.17434     20.5515    2.290160 
   22930.00     1.17462     20.4666    2.290750 
   22940.00     1.17486     20.5417    2.289890 
   22950.00     1.17513     20.2219    2.292050 
   22960.00     1.17534     20.1923    2.291660 
   22970.00     1.17545     20.1725    2.292340 
   22980.00     1.17557     19.9761    2.293110 
   22990.00     1.17555     19.9169    2.293320 
   23000.00     1.17555     19.6376    2.293480 
   23010.00     1.17555     19.3523    2.293600 
   23020.00     1.17549     19.4323    2.293050 
   23030.00     1.17536     19.1717    2.293550 
   23040.00     1.17516     19.0759    2.293550 
   23050.00     1.17489     18.8055    2.292380 
   23060.00     1.17464     18.5992    2.293750 
   23070.00     1.17437     18.1669    2.294910 
   23080.00     1.17405     17.9448    2.294560 
   23090.00     1.17366     17.8846    2.294320 
   23100.00     1.17318     17.7336    2.294090 
   23110.00     1.17272     17.4257    2.293730 
   23120.00     1.17220     17.0407    2.294330 
   23130.00     1.17160     16.5393    2.294950 
   23140.00     1.17110     16.4051    2.293400 
   23150.00     1.17048     16.1860    2.293690 
   23160.00     1.16977     15.8958    2.294230 
   23170.00     1.16904     15.7142    2.293970 
   23180.00     1.16825     15.0697    2.293170 
   23190.00     1.16746     14.7449    2.292710 
   23200.00     1.16659     14.5732    2.292440 
   23210.00     1.16570     14.1695    2.292360 
   23220.00     1.16476     13.9178    2.292910 
   23230.00     1.16382     13.7234    2.293310 
   23240.00     1.16283     13.3207    2.292330 
   23250.00     1.16177     12.8627    2.291580 
   23260.00     1.16067     12.6564    2.292360 
   23270.00     1.15954     12.2409    2.291670 
   23280.00     1.15832     12.1570    2.290820 
   23290.00     1.15711     11.6625    2.290330 
   23300.00     1.15592     11.0506    2.290060 
   23310.00     1.15462     10.3222    2.289550 
   23320.00     1.15328     10.7653    2.288590 
   23330.00     1.15191     10.1169    2.287500 
   23340.00     1.15048      9.8908    2.285160 
   23350.00     1.14908      9.6303    2.284250 
   23360.00     1.14761      8.8811    2.280100 
   23370.00     1.14607      8.7943    2.277980 
   23380.00     1.14451      8.3402    2.274530 
   23390.00     1.14293      8.1705    2.270600 
   23400.00     1.14137      7.7924    2.267470 
   23410.00     1.13967      7.5171    2.264770 
   23420.00     1.13798      7.2308    2.262130 
   23430.00     1.13624      6.9486    2.260750 
   23440.00     1.13455      6.8370    2.258300 
   23450.00     1.13274      6.5419    2.256470 
   23460.00     1.13092      6.3721    2.254710 
   23470.00     1.12902      6.2221    2.253890 
   23480.00     1.12715      6.0030    2.252610 
   23490.00     1.12524      5.6398    2.251530 
   23500.00     1.12331      5.5529    2.249890 
   23510.00     1.12131      5.2904    2.248120 
   23520.00     1.11936      5.0614    2.247480 
   23530.00     1.11730      5.1038    2.246660 
   23540.00     1.11520      4.8018    2.244070 
   23550.00     1.11312      4.4593    2.239840 
   23560.00     1.11104      4.3774    2.238200 
   23570.00     1.10886      4.2106    2.231900 
   23580.00     1.10667      4.1533    2.222710 
   23590.00     1.10449      3.8967    2.215610 
   23600.00     1.10222      4.0408    2.211860 
   23610.00     1.09996      3.7733    2.208700 
   23620.00     1.09773      3.5128    2.204540 
   23630.00     1.09541      3.5078    2.202190 
   23640.00     1.09304      3.4930    2.200270 
   23650.00     1.09073      3.3509    2.198180 
   23660.00     1.08834      3.2976    2.195130 
   23670.00     1.08593      2.9729    2.194090 
   23680.00     1.08353      2.9166    2.191940 
   23690.00     1.08112      2.9670    2.187380 
   23700.00     1.07863      2.6886    2.182820 
   23710.00     1.07618      2.6126    2.176070 
   23720.00     1.07366      2.8426    2.166440 
   23730.00     1.07112      2.4577    2.161070 
   23740.00     1.06869      2.4044    2.157090 
   23750.00     1.06613      2.6787    2.155150 
   23760.00     1.06353      2.3570    2.152340 
   23770.00     1.06100      2.3826    2.150500 
   23780.00     1.05832      2.0007    2.148950 
   23790.00     1.05574      2.2435    2.146820 
   23800.00     1.05316      1.9632    2.144100 
   23810.00     1.05048      2.2109    2.140890 
   23820.00     1.04786      2.0569    2.133700 
   23830.00     1.04514      2.2020    2.119530 
   23840.00     1.04245      2.1744    2.116390 
   23850.00     1.03981      2.1803    2.116240 
   23860.00     1.03713      2.0007    2.114960 
   23870.00     1.03441      2.1270    2.115860 
   23880.00     1.03171      1.9622    2.124480 
   23890.00     1.02894      2.0263    2.129620 
   23900.00     1.02624      1.9414    2.133550 
   23910.00     1.02355      1.9701    2.135960 
   23920.00     1.02079      1.7105    2.134520 
   23930.00     1.01809      1.6256    2.133910 
   23940.00     1.01534      1.8427    2.137430 
   23950.00     1.01256      1.7638    2.130580 
   23960.00     1.00981      1.7944    2.130440 
   23970.00     1.00703      1.7016    2.129550 
   23980.00     1.00432      1.6128    2.126750 
   23990.00     1.00158      1.7786    2.117860 
   24000.00     0.99888      1.6641    2.105560 
   24010.00     0.99613      1.5960    2.098390 
   24020.00     0.99333      1.7628    2.096500 
   24030.00     0.99058      1.6641    2.091020 
   24040.00     0.98788      1.6611    2.088200 
   24050.00     0.98509      1.5911    2.083590 
   24060.00     0.98235      1.6128    2.059670 
   24070.00     0.97961      1.5486    2.055210 
   24080.00     0.97682      1.4272    2.058910 
   24090.00     0.97418      1.3907    2.068620 
   24100.00     0.97143      1.4884    2.051010 
   24110.00     0.96873      1.4706    2.032550 
   24120.00     0.96605      1.3068    2.041560 
   24130.00     0.96329      1.4470    2.044420 
   24140.00     0.96062      1.3611    2.018510 
   24150.00     0.95792      1.1666    2.013090 
   24160.00     0.95524      1.1410    2.005660 
   24170.00     0.95262      1.1657    2.011890 
   24180.00     0.94998      1.1390    2.007450 
   24190.00     0.94730      1.4726    1.998880 
   24200.00     0.94466      1.2871    1.983110 
   24210.00     0.94206      1.3937    1.969080 
   24220.00     0.93952      1.3640    1.970940 
   24230.00     0.93696      1.2890    1.982680 
   24240.00     0.93434      1.0906    1.969370 
   24250.00     0.93179      1.3522    1.911470 
   24260.00     0.92927      1.2426    1.940330 
   24270.00     0.92672      1.1765    1.951660 
   24280.00     0.92428      1.1834    1.960360 
   24290.00     0.92181      1.2338    2.012830 
   24300.00     0.91934      1.2910    2.009820 
   24310.00     0.91692      1.2713    1.976360 
   24320.00     0.91447      1.3976    2.004010 
   24330.00     0.91206      1.1716    2.165650 
   24340.00     0.90971      1.2831    2.457920 
   24350.00     0.90736      1.3700    1.974030 
   24360.00     0.90503      1.2505    1.934900 
   24370.00     0.90274      1.2249    2.423580 
   24380.00     0.90046      1.2496    2.035550 
   24390.00     0.89815      1.2792    2.194170 
   24400.00     0.89593      1.2525    2.422330 
   24410.00     0.89376      1.2614    2.239210 
   24420.00     0.89154      1.2120    2.089640 
   24430.00     0.88936      1.3127    2.456960 
   24440.00     0.88728      1.2969    2.389860 
   24450.00     0.88516      1.2486    2.500000 
   24460.00     0.88308      1.1854    2.376180 
   24470.00     0.88108      1.2012    2.484840 
   24480.00     0.87908      1.3413    2.425180 
   24490.00     0.87707      1.2940    2.405090 
   24500.00     0.87509      1.3029    2.457510 
   24510.00     0.87322      1.2397    2.455930 
   24520.00     0.87131      1.1084    2.431610 
   24530.00     0.86946      1.0206    2.500000 
   24540.00     0.86763      1.1094    2.458100 
   24550.00     0.86588      1.1242    2.100980 
   24560.00     0.86408      1.2081    2.498000 
   24570.00     0.86235      1.3335    2.375120 
   24580.00     0.86064      1.0551    2.154810 
   24590.00     0.85906      1.0452    2.273320 
   24600.00     0.85742      1.0906    2.332910 
   24610.00     0.85580      1.1765    2.201660 
   24620.00     0.85422      1.1597    2.210710 
   24630.00     0.85272      1.1666    2.359340 
   24640.00     0.85127      0.9613    1.864600 
   24650.00     0.84985      1.0571    1.897070 
   24660.00     0.84846      1.0077    2.102970 
   24670.00     0.84705      1.0413    2.322430 
   24680.00     0.84568      0.9683    1.710580 
   24690.00     0.84449      0.9090    1.918410 
   24700.00     0.84326      1.0719    2.325300 
   24710.00     0.84202      0.9140    2.065180 
   24720.00     0.84083      1.0561    1.831190 
   24730.00     0.83965      1.0245    2.303180 
   24740.00     0.83855      1.1370    2.120950 
   24750.00     0.83757      0.9949    2.497840 
   24760.00     0.83655      1.1627    2.355960 
   24770.00     0.83555      0.9653    2.486320 
   24780.00     0.83462      1.2071    2.495780 
   24790.00     0.83368      1.0867    2.213020 
   24800.00     0.83283      1.2051    2.246520 
   24810.00     0.83198      1.1666    2.241760 
   24820.00     0.83125      1.2802    2.190380 
   24830.00     0.83054      1.2545    2.307090 
   24840.00     0.82990      1.1459    2.032190 
   24850.00     0.82923      1.1390    1.336330 
   24860.00     0.82861      1.1183    2.351530 
   24870.00     0.82807      1.0502    1.461890 
   24880.00     0.82750      1.0758    1.633380 
   24890.00     0.82705      1.1124    1.583540 
   24900.00     0.82663      1.2269    1.861700 
   24910.00     0.82622      1.2130    2.211760 
   24920.00     0.82582      1.1548    2.351220 
   24930.00     0.82553      0.9416    2.290960 
   24940.00     0.82532      1.1380    1.975140 
   24950.00     0.82511      1.0008    1.417830 
   24960.00     0.82493      1.0285    2.351230 
   24970.00     0.82480      1.1854    2.378610 
   24980.00     0.82468      1.0038    2.356800 
   24990.00     0.82468      1.1696    1.778980 
   25000.00     0.82468      1.1203    2.032990 
   25010.00     0.82470      1.1262    1.970850 
   25020.00     0.82480      1.2111    1.751400 
   25030.00     0.82489      0.9910    2.162690 
   25040.00     0.82505      0.9910    2.364740 
   25050.00     0.82526      0.8380    2.369440 
   25060.00     0.82551      0.9840    2.367550 
   25070.00     0.82582      1.0541    2.366410 
   25080.00     0.82620      1.0591    2.361170 
   25090.00     0.82659      1.0749    2.381130 
   25100.00     0.82699      1.1193    2.394330 
   25110.00     0.82744      1.0492    1.974350 
   25120.00     0.82803      1.0245    1.854960 
   25130.00     0.82855      1.1203    2.404090 
   25140.00     0.82915      1.1479    2.475310 
   25150.00     0.82983      1.0946    2.362730 
   25160.00     0.83044      1.1676    2.500000 
   25170.00     0.83118      1.1163    1.370520 
   25180.00     0.83193      1.0285    1.959930 
   25190.00     0.83277      1.1706    2.388380 
   25200.00     0.83358      1.1518    2.500000 
   25210.00     0.83451      1.0285    2.426030 
   25220.00     0.83543      1.1124    2.367980 
   25230.00     0.83644      1.1341    2.420900 
   25240.00     0.83748      1.1163    2.474210 
   25250.00     0.83846      1.2308    2.352700 
   25260.00     0.83954      1.0383    2.354130 
   25270.00     0.84069      1.0413    2.366950 
   25280.00     0.84185      1.0936    2.357810 
   25290.00     0.84308      1.1114    1.995160 
   25300.00     0.84437      1.1331    2.179410 
   25310.00     0.84563      1.1114    1.941390 
   25320.00     0.84694      1.1272    1.871220 
   25330.00     0.84829      1.3650    2.364280 
   25340.00     0.84967      1.1518    2.180440 
   25350.00     0.85112      1.0995    1.380440 
   25360.00     0.85256      1.3186    2.355190 
   25370.00     0.85407      1.1696    2.033610 
   25380.00     0.85565      1.1903    1.407850 
   25390.00     0.85723      1.2861    2.097280 
   25400.00     0.85882      1.1449    2.337150 
   25410.00     0.86042      1.0512    2.345200 
   25420.00     0.86218      1.1390    2.425550 
   25430.00     0.86393      1.1607    2.458910 
   25440.00     0.86568      1.1745    2.363320 
   25450.00     0.86742      1.0828    2.355130 
   25460.00     0.86923      1.1341    2.356110 
   25470.00     0.87110      1.2209    2.422160 
   25480.00     0.87303      1.0887    2.367240 
   25490.00     0.87487      1.1963    2.465310 
   25500.00     0.87686      1.4529    2.416150 
   25510.00     0.87884      1.1617    2.384530 
   25520.00     0.88083      1.2051    2.375890 
   25530.00     0.88283      1.3157    2.394500 
   25540.00     0.88497      1.4706    2.500000 
   25550.00     0.88709      1.3789    2.492630 
   25560.00     0.88915      1.2417    2.418060 
   25570.00     0.89129      1.3473    2.498770 
   25580.00     0.89349      1.4183    2.500000 
   25590.00     0.89568      1.1874    2.500000 
   25600.00     0.89790      1.2012    2.500000 
   25610.00     0.90021      1.5684    2.500000 
   25620.00     0.90252      1.4006    2.493020 
   25630.00     0.90474      1.4509    2.307490 
   25640.00     0.90707      1.4341    2.060880 
   25650.00     0.90944      1.3818    2.500000 
   25660.00     0.91179      1.3038    2.500000 
   25670.00     0.91424      1.4302    1.968010 
   25680.00     0.91667      1.5387    1.970900 
   25690.00     0.91904      1.5950    2.331140 
   25700.00     0.92150      1.4322    2.126420 
   25710.00     0.92401      1.3413    1.955430 
   25720.00     0.92645      1.4588    1.947010 
   25730.00     0.92900      1.6493    1.956040 
   25740.00     0.93152      1.6838    1.962550 
   25750.00     0.93403      1.6019    1.964850 
   25760.00     0.93663      1.6829    1.955210 
   25770.00     0.93921      1.6217    1.945190 
   25780.00     0.94179      1.4381    1.922250 
   25790.00     0.94445      1.5802    1.946630 
   25800.00     0.94701      1.6444    1.965890 
   25810.00     0.94965      1.6641    1.970110 
   25820.00     0.95233      1.7628    1.983440 
   25830.00     0.95493      1.7766    1.995800 
   25840.00     0.95763      1.8654    1.985560 
   25850.00     0.96035      1.6641    1.985780 
   25860.00     0.96301      1.7944    2.003030 
   25870.00     0.96572      1.7480    2.013700 
   25880.00     0.96838      1.8901    2.022080 
   25890.00     0.97112      2.0836    2.029200 
   25900.00     0.97389      1.9138    2.040030 
   25910.00     0.97657      1.8931    2.043930 
   25920.00     0.97933      2.0204    2.044820 
   25930.00     0.98206      2.1606    2.033310 
   25940.00     0.98476      2.1833    2.011720 
   25950.00     0.98755      2.2593    2.018160 
   25960.00     0.99029      2.4024    2.022830 
   25970.00     0.99306      2.4330    2.045750 
   25980.00     0.99584      2.3688    2.049930 
   25990.00     0.99855      2.3471    2.060400 
   26000.00     1.00121      2.6442    2.073650 
   26010.00     1.00399      2.5110    2.083310 
   26020.00     1.00674      2.9373    2.087880 
   26030.00     1.00954      2.8870    2.090840 
   26040.00     1.01227      2.8870    2.094190 
   26050.00     1.01501      2.9275    2.095060 
   26060.00     1.01778      3.2226    2.096370 
   26070.00     1.02046      3.4111    2.103730 
   26080.00     1.02324      3.5019    2.101190 
   26090.00     1.02597      3.5828    2.105340 
   26100.00     1.02867      3.8138    2.124590 
   26110.00     1.03139      3.8030    2.128690 
   26120.00     1.03407      4.0191    2.128080 
   26130.00     1.03680      4.0675    2.129960 
   26140.00     1.03954      4.1879    2.132900 
   26150.00     1.04218      4.2471    2.141240 
   26160.00     1.04486      4.4179    2.137640 
   26170.00     1.04755      4.5314    2.135160 
   26180.00     1.05017      4.9074    2.138000 
   26190.00     1.05285      4.9864    2.138210 
   26200.00     1.05543      5.2805    2.135490 
   26210.00     1.05805      5.4473    2.136050 
   26220.00     1.06069      5.7256    2.136470 
   26230.00     1.06322      5.9793    2.130600 
   26240.00     1.06580      6.1659    2.125390 
   26250.00     1.06838      6.4087    2.133510 
   26260.00     1.07085      6.6870    2.132920 
   26270.00     1.07343      6.8449    2.133790 
   26280.00     1.07593      7.1539    2.143690 
   26290.00     1.07834      7.7026    2.144830 
   26300.00     1.08081      7.8191    2.145590 
   26310.00     1.08326      7.9277    2.151000 
   26320.00     1.08566      8.3225    2.155160 
   26330.00     1.08809      8.5426    2.157500 
   26340.00     1.09050      9.2424    2.162040 
   26350.00     1.09276      9.2236    2.169420 
   26360.00     1.09511      9.5908    2.176960 
   26370.00     1.09746     10.0201    2.183990 
   26380.00     1.09973     10.2146    2.188800 
   26390.00     1.10200     10.6104    2.192380 
   26400.00     1.10426     10.8403    2.194440 
   26410.00     1.10642     11.3911    2.195930 
   26420.00     1.10859     11.4434    2.197830 
   26430.00     1.11079     11.9014    2.199590 
   26440.00     1.11291     12.6475    2.200680 
   26450.00     1.11497     12.6308    2.202090 
   26460.00     1.11709     12.8943    2.204660 
   26470.00     1.11913     13.1805    2.205660 
   26480.00     1.12106     13.4835    2.209930 
   26490.00     1.12304     13.9277    2.211780 
   26500.00     1.12507     14.2712    2.214110 
   26510.00     1.12701     14.5387    2.219330 
   26520.00     1.12881     14.7963    2.228390 
   26530.00     1.13069     15.0371    2.234940 
   26540.00     1.13252     15.3816    2.236720 
   26550.00     1.13434     15.6935    2.239210 
   26560.00     1.13605     15.9955    2.243140 
   26570.00     1.13780     16.2689    2.244260 
   26580.00     1.13952     16.3479    2.245000 
   26590.00     1.14118     16.7298    2.245950 
   26600.00     1.14272     17.1661    2.246780 
   26610.00     1.14432     17.5402    2.246620 
   26620.00     1.14592     17.6073    2.248030 
   26630.00     1.14748     17.8037    2.249710 
   26640.00     1.14896     18.0228    2.250400 
   26650.00     1.15033     18.2172    2.251620 
   26660.00     1.15173     18.4541    2.253510 
   26670.00     1.15310     18.5874    2.252960 
   26680.00     1.15447     18.6841    2.254160 
   26690.00     1.15578     18.8568    2.257790 
   26700.00     1.15701     19.0690    2.259000 
   26710.00     1.15819     19.1677    2.259620 
   26720.00     1.15936     19.6010    2.262710 
   26730.00     1.16052     19.6938    2.266300 
   26740.00     1.16166     19.8034    2.268800 
   26750.00     1.16274     19.7629    2.271330 
   26760.00     1.16372     20.2189    2.272920 
   26770.00     1.16464     20.0926    2.275390 
   26780.00     1.16557     20.2416    2.278120 
   26790.00     1.16649     20.2989    2.280030 
   26800.00     1.16736     20.2347    2.280980 
   26810.00     1.16819     20.4647    2.281590 
   26820.00     1.16898     20.4005    2.282390 
   26830.00     1.16969     20.4666    2.283140 
   26840.00     1.17039     20.4745    2.283480 
   26850.00     1.17102     20.5653    2.284100 
   26860.00     1.17156     20.5061    2.286260 
   26870.00     1.17218     20.5061    2.286530 
   26880.00     1.17268     20.5022    2.287450 
   26890.00     1.17312     20.5387    2.286900 
   26900.00     1.17358     20.6117    2.288390 
   26910.00     1.17399     20.5377    2.289640 
   26920.00     1.17432     20.4035    2.289700 
   26930.00     1.17462     20.3877    2.289710 
   26940.00     1.17487     20.5367    2.290510 
   26950.00     1.17513     20.2130    2.291450 
   26960.00     1.17532     20.1913    2.291470 
   26970.00     1.17543     19.9613    2.290810 
   26980.00     1.17557     19.9169    2.291410 
   26990.00     1.17557     19.6978    2.292510 
   27000.00     1.17557     19.6879    2.292750 
   27010.00     1.17555     19.7205    2.292580 
   27020.00     1.17547     19.4579    2.292740 
   27030.00     1.17534     19.2428    2.292940 
   27040.00     1.17516     19.0345    2.292780 
   27050.00     1.17489     18.7789    2.292780 
   27060.00     1.17466     18.3426    2.293720 
   27070.00     1.17437     18.4423    2.293860 
   27080.00     1.17403     17.9804    2.294010 
   27090.00     1.17364     17.8688    2.293030 
   27100.00     1.17318     17.6547    2.293680 
   27110.00     1.17274     17.2727    2.293750 
   27120.00     1.17224     16.9914    2.293880 
   27130.00     1.17160     16.7792    2.293500 
   27140.00     1.17108     16.6193    2.292990 
   27150.00     1.17046     16.3390    2.293170 
   27160.00     1.16977     15.9373    2.293400 
   27170.00     1.16908     15.6639    2.293370 
   27180.00     1.16829     15.5059    2.292630 
   27190.00     1.16746     15.0322    2.293330 
   27200.00     1.16657     14.6334    2.293020 
   27210.00     1.16568     14.3304    2.292190 
   27220.00     1.16478     14.0886    2.292230 
   27230.00     1.16383     13.6513    2.292550 
   27240.00     1.16285     13.2022    2.292630 
   27250.00     1.16177     12.8874    2.292390 
   27260.00     1.16066     12.5666    2.291670 
   27270.00     1.15952     12.2073    2.291380 
   27280.00     1.15832     12.1126    2.290650 
   27290.00     1.15711     11.7217    2.289510 
   27300.00     1.15593     11.0259    2.289300 
   27310.00     1.15461     10.8502    2.288520 
   27320.00     1.15326     10.3271    2.288210 
   27330.00     1.15189      9.9046    2.286940 
   27340.00     1.15048     10.1060    2.285090 
   27350.00     1.14911      9.6609    2.283990 
   27360.00     1.14763      9.0854    2.282440 
   27370.00     1.14607      9.1348    2.277690 
   27380.00     1.14449      8.5218    2.272640 
   27390.00     1.14291      8.3185    2.269630 
   27400.00     1.14135      7.9089    2.266780 
   27410.00     1.13969      7.7727    2.264920 
   27420.00     1.13798      7.2437    2.261960 
   27430.00     1.13624      6.8656    2.259520 
   27440.00     1.13453      6.9624    2.258060 
   27450.00     1.13274      6.6169    2.256550 
   27460.00     1.13091      6.1007    2.254500 
   27470.00     1.12904      6.0069    2.253080 
   27480.00     1.12719      5.8579    2.252500 
   27490.00     1.12526      5.4552    2.251200 
   27500.00     1.12328      5.4799    2.249330 
   27510.00     1.12127      5.1502    2.247880 
   27520.00     1.11933      5.0022    2.246700 
   27530.00     1.11730      4.7979    2.246880 
   27540.00     1.11522      4.8650    2.244660 
   27550.00     1.11312      4.5087    2.239550 
   27560.00     1.11102      4.3961    2.236870 
   27570.00     1.10882      4.3271    2.233570 
   27580.00     1.10667      4.2175    2.222140 
   27590.00     1.10453      4.1129    2.216420 
   27600.00     1.10225      3.9125    2.211750 
   27610.00     1.09996      3.7220    2.207590 
   27620.00     1.09773      3.4466    2.204590 
   27630.00     1.09539      3.2354    2.202330 
   27640.00     1.09303      3.3282    2.200540 
   27650.00     1.09075      3.1841    2.198440 
   27660.00     1.08836      2.9344    2.195570 
   27670.00     1.08593      3.1683    2.194100 
   27680.00     1.08353      3.0222    2.192840 
   27690.00     1.08108      2.9413    2.186510 
   27700.00     1.07861      2.7686    2.181920 
   27710.00     1.07620      2.6817    2.175480 
   27720.00     1.07370      2.6314    2.166580 
   27730.00     1.07114      2.5840    2.160510 
   27740.00     1.06867      2.2987    2.157890 
   27750.00     1.06609      2.4626    2.155690 
   27760.00     1.06351      2.5258    2.152480 
   27770.00     1.06100      2.5110    2.149840 
   27780.00     1.05836      2.2218    2.150120 
   27790.00     1.05574      2.1260    2.147130 
   27800.00     1.05314      2.0026    2.143750 
   27810.00     1.05046      1.9553    2.142550 
   27820.00     1.04786      1.7875    2.129240 
   27830.00     1.04516      1.8131    2.118770 
   27840.00     1.04247      1.8585    2.117030 
   27850.00     1.03981      1.7618    2.117460 
   27860.00     1.03711      1.6365    2.114480 
   27870.00     1.03437      1.7134    2.115310 
   27880.00     1.03171      1.7490    2.135770 
   27890.00     1.02896      1.9138    2.126710 
   27900.00     1.02626      1.4785    2.129440 
   27910.00     1.02355      1.3700    2.137930 
   27920.00     1.02075      1.5743    2.134810 
   27930.00     1.01807      1.5348    2.131700 
   27940.00     1.01534      1.4618    2.134900 
   27950.00     1.01260      1.4460    2.135960 
   27960.00     1.00985      1.3937    2.128960 
   27970.00     1.00703      1.4183    2.126630 
   27980.00     1.00430      1.3789    2.127990 
   27990.00     1.00156      1.4134    2.115020 
   28000.00     0.99888      1.2811    2.098180 
   28010.00     0.99615      1.5348    2.107640 
   28020.00     0.99335      1.4933    2.097920 
   28030.00     0.99060      1.5585    2.089970 
   28040.00     0.98786      1.3611    2.090010 
   28050.00     0.98507      1.3038    2.081630 
   28060.00     0.98235      1.2061    2.060940 
   28070.00     0.97965      1.2496    2.056960 
   28080.00     0.97688      1.0837    2.073590 
   28090.00     0.97418      1.0324    2.081300 
   28100.00     0.97141      1.1094    2.036250 
   28110.00     0.96871      1.1291    2.029550 
   28120.00     0.96603      1.0946    2.044480 
   28130.00     0.96331      1.1370    2.031540 
   28140.00     0.96064      1.0295    2.015030 
   28150.00     0.95794      1.0739    2.021940 
   28160.00     0.95522      1.1943    2.032950 
   28170.00     0.95260      0.9959    2.017170 
   28180.00     0.94996      0.8834    2.011830 
   28190.00     0.94732      1.0660    2.004390 
   28200.00     0.94472      0.8666    1.975510 
   28210.00     0.94208      1.0304    1.974730 
   28220.00     0.93950      0.9436    1.981570 
   28230.00     0.93694      0.8853    1.979940 
   28240.00     0.93432      0.8686    1.972400 
   28250.00     0.93181      0.9762    1.987680 
   28260.00     0.92929      1.0877    2.008290 
   28270.00     0.92672      1.0887    1.964210 
   28280.00     0.92426      1.0216    1.971470 
   28290.00     0.92177      1.0334    2.052310 
   28300.00     0.91933      1.1430    1.984220 
   28310.00     0.91694      1.0749    1.970890 
   28320.00     0.91451      1.0828    2.340740 
   28330.00     0.91208      0.8814    2.213260 
   28340.00     0.90971      1.0413    2.247280 
   28350.00     0.90734      0.9623    2.281300 
   28360.00     0.90499      0.9939    1.912000 
   28370.00     0.90274      1.0008    1.899030 
   28380.00     0.90048      0.9090    1.920010 
   28390.00     0.89815      0.8745    2.374110 
   28400.00     0.89592      1.0482    2.369830 
   28410.00     0.89374      0.9771    2.001930 
   28420.00     0.89154      0.8528    2.193980 
   28430.00     0.88940      0.9910    2.422070 
   28440.00     0.88732      1.0275    2.495070 
   28450.00     0.88516      0.9544    2.346710 
   28460.00     0.88306      1.0541    2.189160 
   28470.00     0.88106      1.0235    2.386940 
   28480.00     0.87908      0.8587    2.378670 
   28490.00     0.87707      0.9919    2.500000 
   28500.00     0.87511      0.9386    2.373680 
   28510.00     0.87322      1.0176    2.357470 
   28520.00     0.87131      0.9643    2.362020 
   28530.00     0.86944      0.9613    2.447160 
   28540.00     0.86761      1.0008    2.500000 
   28550.00     0.86590      0.9732    2.500000 
   28560.00     0.86412      1.0502    2.500000 
   28570.00     0.86235      0.9840    2.427880 
   28580.00     0.86062      0.9278    2.105040 
   28590.00     0.85902      1.0778    2.374110 
   28600.00     0.85740      0.8271    2.356860 
   28610.00     0.85582      0.9673    2.476950 
   28620.00     0.85426      0.9584    2.500000 
   28630.00     0.85272      0.8518    2.416650 
   28640.00     0.85127      0.9752    2.365340 
   28650.00     0.84981      0.9041    2.362430 
   28660.00     0.84844      0.8696    2.359590 
   28670.00     0.84707      0.9071    2.363340 
   28680.00     0.84574      1.0482    2.376400 
   28690.00     0.84451      0.9860    2.500000 
   28700.00     0.84324      0.9337    2.114450 
   28710.00     0.84200      1.0670    2.316020 
   28720.00     0.84083      0.9248    2.325520 
   28730.00     0.83965      1.0068    2.133980 
   28740.00     0.83857      0.8784    1.930550 
   28750.00     0.83759      1.0699    2.051280 
   28760.00     0.83653      0.9317    2.355270 
   28770.00     0.83553      1.0630    2.358810 
   28780.00     0.83461      0.9406    2.374200 
   28790.00     0.83372      0.9031    2.500000 
   28800.00     0.83287      0.8015    1.585890 
   28810.00     0.83200      0.7511    2.250770 
   28820.00     0.83125      0.9258    2.356070 
   28830.00     0.83052      0.9011    2.356290 
   28840.00     0.82988      0.8301    2.353290 
   28850.00     0.82923      1.0551    2.015160 
   28860.00     0.82863      0.9831    1.477390 
   28870.00     0.82807      0.9979    1.424110 
   28880.00     0.82750      0.8666    1.848430 
   28890.00     0.82703      0.6988    1.465610 
   28900.00     0.82665      0.8814    2.354150 
   28910.00     0.82624      0.8626    1.655060 
   28920.00     0.82584      0.9890    2.172470 
   28930.00     0.82555      0.8775    2.367150 
   28940.00     0.82530      0.8488    2.361170 
   28950.00     0.82509      0.8074    2.419030 
   28960.00     0.82491      0.8567    2.192630 
   28970.00     0.82480      0.9298    1.718120 
   28980.00     0.82470      0.9248    2.369640 
   28990.00     0.82466      0.8932    2.362370 
   29000.00     0.82466      0.8784    1.551310 
   29010.00     0.82466      0.7146    2.262180 
   29020.00     0.82478      0.9268    2.000940 
   29030.00     0.82491      0.8775    2.210510 
   29040.00     0.82507      0.8478    1.934740 
   29050.00     0.82526      0.7837    1.936800 
   29060.00     0.82551      0.8597    2.383860 
   29070.00     0.82580      0.6899    2.293650 
   29080.00     0.82618      0.7926    2.106030 
   29090.00     0.82661      0.8518    2.357940 
   29100.00     0.82701      0.9110    2.366590 
   29110.00     0.82744      0.9416    1.931940 
   29120.00     0.82798      1.0857    2.237920 
   29130.00     0.82854      1.0561    2.445460 
   29140.00     0.82915      0.9801    2.411820 
   29150.00     0.82983      1.0413    1.988080 
   29160.00     0.83048      1.0324    1.828430 
   29170.00     0.83116      1.1232    2.392490 
   29180.00     0.83189      0.9791    2.488450 
   29190.00     0.83276      1.2071    2.392730 
   29200.00     0.83358      1.0887    1.304630 
   29210.00     0.83451      1.0571    1.518450 
   29220.00     0.83543      1.1755    2.241420 
   29230.00     0.83644      1.0640    2.386290 
   29240.00     0.83746      1.0196    1.890590 
   29250.00     0.83844      1.2496    1.904380 
   29260.00     0.83956      1.1479    2.347100 
   29270.00     0.84071      1.1183    2.351760 
   29280.00     0.84187      1.0719    2.358560 
   29290.00     0.84308      1.0433    2.382670 
   29300.00     0.84435      1.1193    2.360690 
   29310.00     0.84557      0.9623    2.305420 
   29320.00     0.84692      0.8794    2.345900 
   29330.00     0.84830      1.0443    2.364290 
   29340.00     0.84969      1.0304    1.888140 
   29350.00     0.85112      1.2120    1.783820 
   29360.00     0.85254      0.9781    2.216890 
   29370.00     0.85405      0.9505    2.464030 
   29380.00     0.85563      0.8765    2.355930 
   29390.00     0.85724      1.0956    2.359240 
   29400.00     0.85886      1.0620    2.500000 
   29410.00     0.86044      1.2920    1.616580 
   29420.00     0.86214      1.3019    2.204710 
   29430.00     0.86389      1.1686    2.361220 
   29440.00     0.86566      0.9840    2.417000 
   29450.00     0.86742      1.2160    2.476910 
   29460.00     0.86925      1.2969    2.466180 
   29470.00     0.87112      1.1548    2.182070 
   29480.00     0.87301      1.0976    1.686540 
   29490.00     0.87486      1.0847    2.500000 
   29500.00     0.87684      0.9308    2.500000 
   29510.00     0.87886      1.0916    2.500000 
   29520.00     0.88087      1.0285    2.500000 
   29530.00     0.88283      1.0788    2.500000 
   29540.00     0.88493      0.9801    2.500000 
   29550.00     0.88707      1.0620    2.436150 
   29560.00     0.88915      1.2486    2.419210 
   29570.00     0.89131      1.1617    2.500000 
   29580.00     0.89353      1.2604    2.494260 
   29590.00     0.89568      1.1203    2.437260 
   29600.00     0.89788      1.2575    1.926570 
   29610.00     0.90019      1.1420    2.465590 
   29620.00     0.90250      1.0206    2.496710 
   29630.00     0.90478      1.0837    2.498870 
   29640.00     0.90711      1.2802    2.500000 
   29650.00     0.90944      1.2604    2.500000 
   29660.00     0.91179      1.3690    2.500000 
   29670.00     0.91422      1.2959    2.332480 
   29680.00     0.91665      1.2180    2.003410 
   29690.00     0.91904      1.2130    2.467290 
   29700.00     0.92152      1.3739    1.954800 
   29710.00     0.92401      1.2811    1.969590 
   29720.00     0.92642      1.2693    1.980110 
   29730.00     0.92896      1.4322    1.946990 
   29740.00     0.93152      1.5437    1.954860 
   29750.00     0.93405      1.4351    1.963260 
   29760.00     0.93667      1.3749    1.958650 
   29770.00     0.93921      1.4983    1.949950 
   29780.00     0.94177      1.5032    1.927110 
   29790.00     0.94441      1.4608    1.916860 
   29800.00     0.94699      1.5289    1.970210 
   29810.00     0.94965      1.3917    1.971240 
   29820.00     0.95233      1.5763    1.971800 
   29830.00     0.95493      1.5723    1.950780 
   29840.00     0.95761      1.6296    1.967870 
   29850.00     0.96031      1.6444    1.988380 
   29860.00     0.96301      1.7973    1.997960 
   29870.00     0.96574      1.9138    2.008210 
   29880.00     0.96842      2.0747    2.020110 
   29890.00     0.97112      1.9405    2.026790 
   29900.00     0.97387      2.0836    2.043910 
   29910.00     0.97655      1.9444    2.045990 
   29920.00     0.97931      2.1152    2.043700 
   29930.00     0.98206      2.0372    2.017560 
   29940.00     0.98478      2.2445    2.010910 
   29950.00     0.98757      2.2642    2.015990 
   29960.00     0.99025      2.4577    2.023090 
   29970.00     0.99303      2.5830    2.032630 
   29980.00     0.99584      2.6333    2.048030 
   29990.00     0.99857      2.4843    2.069790 
   30000.00     1.00127      2.3807    2.079930 
   30010.00     1.00399      2.8238    2.083200 
   30020.00     1.00672      2.8485    2.088730 
   30030.00     1.00952      2.8268    2.094260 
   30040.00     1.01225      2.8456    2.094010 
   30050.00     1.01501      2.9610    2.093130 
   30060.00     1.01780      3.4644    2.094450 
   30070.00     1.02046      3.3618    2.096730 
   30080.00     1.02322      3.3697    2.097860 
   30090.00     1.02595      3.6737    2.099810 
   30100.00     1.02865      3.6756    2.126460 
   30110.00     1.03143      3.6904    2.110600 
   30120.00     1.03408      3.8701    2.124330 
   30130.00     1.03680      4.0329    2.132890 
   30140.00     1.03952      4.1662    2.132660 
   30150.00     1.04214      4.2876    2.134610 
   30160.00     1.04484      4.4346    2.136940 
   30170.00     1.04755      4.7988    2.137950 
   30180.00     1.05021      4.8215    2.139760 
   30190.00     1.05285      4.9923    2.137300 
   30200.00     1.05541      5.1216    2.138520 
   30210.00     1.05803      5.3299    2.135010 
   30220.00     1.06071      5.6891    2.134470 
   30230.00     1.06326      5.6418    2.124160 
   30240.00     1.06584      6.0908    2.126800 
   30250.00     1.06840      6.2172    2.133960 
   30260.00     1.07085      6.4975    2.133950 
   30270.00     1.07339      6.8686    2.132520 
   30280.00     1.07592      7.1025    2.139540 
   30290.00     1.07834      7.3838    2.144890 
   30300.00     1.08085      7.4144    2.148150 
   30310.00     1.08328      8.0441    2.151030 
   30320.00     1.08566      8.2494    2.154050 
   30330.00     1.08803      8.3916    2.157400 
   30340.00     1.09048      8.8258    2.163290 
   30350.00     1.09279      8.8693    2.168440 
   30360.00     1.09514      9.5641    2.176460 
   30370.00     1.09748      9.8662    2.184530 
   30380.00     1.09971      9.9234    2.187680 
   30390.00     1.10197     10.1514    2.191960 
   30400.00     1.10426     10.6528    2.194270 
   30410.00     1.10642     10.9667    2.196960 
   30420.00     1.10859     11.6220    2.198200 
   30430.00     1.11079     11.6388    2.199550 
   30440.00     1.11291     11.9033    2.201120 
   30450.00     1.11497     12.4423    2.203090 
   30460.00     1.11707     12.6130    2.205210 
   30470.00     1.11913     13.1184    2.207570 
   30480.00     1.12108     13.3967    2.209820 
   30490.00     1.12308     13.7875    2.211090 
   30500.00     1.12505     14.1547    2.215530 
   30510.00     1.12697     14.1409    2.218930 
   30520.00     1.12879     14.6640    2.227780 
   30530.00     1.13069     14.8407    2.232130 
   30540.00     1.13254     15.2799    2.235520 
   30550.00     1.13435     15.3993    2.240140 
   30560.00     1.13603     15.9797    2.243090 
   30570.00     1.13776     16.2047    2.243990 
   30580.00     1.13950     16.3834    2.244850 
   30590.00     1.14119     16.5541    2.245730 
   30600.00     1.14276     16.9164    2.246290 
   30610.00     1.14434     17.1681    2.247620 
   30620.00     1.14588     17.3329    2.248470 
   30630.00     1.14744     17.6241    2.249660 
   30640.00     1.14894     17.7543    2.250230 
   30650.00     1.15033     17.8540    2.252180 
   30660.00     1.15173     18.1738    2.253120 
   30670.00     1.15312     18.3643    2.253210 
   30680.00     1.15445     18.4512    2.254860 
   30690.00     1.15576     18.8401    2.257680 
   30700.00     1.15697     18.7690    2.258510 
   30710.00     1.15821     19.1283    2.259670 
   30720.00     1.15940     19.4500    2.261240 
   30730.00     1.16054     19.4836    2.264270 
   30740.00     1.16166     19.5073    2.266730 
   30750.00     1.16272     19.5922    2.268110 
   30760.00     1.16370     19.8508    2.271240 
   30770.00     1.16466     19.9791    2.275150 
   30780.00     1.16561     19.8843    2.277290 
   30790.00     1.16649     19.9998    2.278600 
   30800.00     1.16734     20.2722    2.280140 
   30810.00     1.16817     20.2604    2.280430 
   30820.00     1.16896     20.4222    2.282750 
   30830.00     1.16971     20.2347    2.283630 
   30840.00     1.17040     20.1775    2.284230 
   30850.00     1.17104     20.5851    2.285320 
   30860.00     1.17154     20.4854    2.286230 
   30870.00     1.17214     20.3877    2.287140 
   30880.00     1.17268     20.4499    2.288230 
   30890.00     1.17312     20.3650    2.288640 
   30900.00     1.17362     20.3156    2.288590 
   30910.00     1.17399     20.3541    2.289580 
   30920.00     1.17432     20.4607    2.290170 
   30930.00     1.17462     20.2150    2.290190 
   30940.00     1.17487     19.9524    2.290640 
   30950.00     1.17514     20.0077    2.291470 
   30960.00     1.17536     20.0324    2.291630 
   30970.00     1.17545     19.8498    2.290970 
   30980.00     1.17553     19.6010    2.290570 
   30990.00     1.17553     19.6040    2.291480 
   31000.00     1.17555     19.6109    2.293040 
   31010.00     1.17557     19.3059    2.292480 
   31020.00     1.17547     19.1776    2.292780 
   31030.00     1.17534     18.7858    2.293050 
   31040.00     1.17514     18.9585    2.293200 
   31050.00     1.17487     18.7127    2.293540 
   31060.00     1.17466     18.3505    2.293860 
   31070.00     1.17439     18.1570    2.293560 
   31080.00     1.17405     17.9942    2.293460 
   31090.00     1.17366     17.7395    2.294530 
   31100.00     1.17316     17.4622    2.294130 
   31110.00     1.17272     17.1552    2.293850 
   31120.00     1.17222     16.9776    2.294150 
   31130.00     1.17162     16.6479    2.293760 
   31140.00     1.17112     16.4140    2.293120 
   31150.00     1.17046     16.0330    2.293330 
   31160.00     1.16975     15.9116    2.293220 
   31170.00     1.16904     15.5099    2.292680 
   31180.00     1.16827     15.3608    2.292520 
   31190.00     1.16748     15.0460    2.292940 
   31200.00     1.16661     14.6551    2.292830 
   31210.00     1.16568     14.4390    2.291870 
   31220.00     1.16476     13.8557    2.292770 
   31230.00     1.16380     13.7037    2.292110 
   31240.00     1.16283     13.2013    2.291790 
   31250.00     1.16177     12.9585    2.291520 
   31260.00     1.16067     12.5084    2.291160 
   31270.00     1.15952     12.4077    2.290690 
   31280.00     1.15830     12.0257    2.290640 
   31290.00     1.15709     11.7543    2.290960 
   31300.00     1.15592     10.9667    2.289700 
   31310.00     1.15464     10.7939    2.288210 
   31320.00     1.15329     10.2698    2.287150 
   31330.00     1.15189     10.2244    2.285920 
   31340.00     1.15046      9.9708    2.284100 
   31350.00     1.14908      9.2651    2.282720 
   31360.00     1.14761      9.1368    2.280890 
   31370.00     1.14609      8.5297    2.278460 
   31380.00     1.14451      8.2218    2.274570 
   31390.00     1.14291      8.0056    2.269920 
   31400.00     1.14133      7.6454    2.268430 
   31410.00     1.13967      7.6474    2.264370 
   31420.00     1.13798      7.1696    2.261050 
   31430.00     1.13626      6.9782    2.259950 
   31440.00     1.13457      6.6880    2.257910 
   31450.00     1.13274      6.3761    2.256040 
   31460.00     1.13089      6.2152    2.255400 
   31470.00     1.12902      5.9744    2.254070 
   31480.00     1.12717      5.7701    2.252290 
   31490.00     1.12526      5.4976    2.251460 
   31500.00     1.12331      5.2075    2.249850 
   31510.00     1.12129      5.1640    2.248370 
   31520.00     1.11933      5.0752    2.247310 
   31530.00     1.11728      4.8857    2.246200 
   31540.00     1.11520      4.6488    2.243290 
   31550.00     1.11316      4.5699    2.239970 
   31560.00     1.11104      4.2866    2.236650 
   31570.00     1.10884      4.1968    2.232020 
   31580.00     1.10663      4.0023    2.224380 
   31590.00     1.10449      3.8168    2.215560 
   31600.00     1.10222      3.8039    2.211250 
   31610.00     1.09998      3.7299    2.207850 
   31620.00     1.09775      3.4723    2.204130 
   31630.00     1.09539      3.5266    2.201890 
   31640.00     1.09301      3.4980    2.200450 
   31650.00     1.09071      3.1752    2.197940 
   31660.00     1.08834      3.2088    2.195340 
   31670.00     1.08597      2.7705    2.193990 
   31680.00     1.08355      2.8041    2.191640 
   31690.00     1.08110      3.0864    2.186530 
   31700.00     1.07861      2.8653    2.181760 
   31710.00     1.07618      2.6353    2.177140 
   31720.00     1.07368      2.7686    2.164920 
   31730.00     1.07114      2.7005    2.159840 
   31740.00     1.06869      2.5554    2.157170 
   31750.00     1.06609      2.4498    2.154420 
   31760.00     1.06349      2.4863    2.152200 
   31770.00     1.06098      2.2366    2.150370 
   31780.00     1.05836      2.2721    2.148610 
   31790.00     1.05576      2.1862    2.146400 
   31800.00     1.05318      2.2247    2.143140 
   31810.00     1.05048      2.0303    2.139370 
   31820.00     1.04784      1.9809    2.126620 
   31830.00     1.04514      1.9227    2.118010 
   31840.00     1.04247      1.8556    2.115320 
   31850.00     1.03981      1.7806    2.114430 
   31860.00     1.03713      2.0915    2.114440 
   31870.00     1.03439      1.8911    2.115550 
   31880.00     1.03171      1.8260    2.118490 
   31890.00     1.02894      1.8763    2.123680 
   31900.00     1.02624      1.8181    2.129890 
   31910.00     1.02355      1.9444    2.133820 
   31920.00     1.02079      1.7687    2.131960 
   31930.00     1.01809      1.8072    2.128350 
   31940.00     1.01532      1.6907    2.137060 
   31950.00     1.01256      1.7401    2.132740 
   31960.00     1.00983      1.4973    2.129110 
   31970.00     1.00703      1.5457    2.128680 
   31980.00     1.00430      1.5842    2.124540 
   31990.00     1.00154      1.5536    2.112350 
   32000.00     0.99884      1.5259    2.099200 
   32010.00     0.99611      1.6562    2.099000 
   32020.00     0.99337      1.5585    2.092440 
   32030.00     0.99062      1.5062    2.090680 
   32040.00     0.98788      1.4164    2.087360 
   32050.00     0.98507      1.4173    2.076700 
   32060.00     0.98235      1.3650    2.063730 
   32070.00     0.97961      1.4479    2.056510 
   32080.00     0.97684      1.3502    2.059840 
   32090.00     0.97420      1.3552    2.057680 
   32100.00     0.97143      1.4647    2.032860 
   32110.00     0.96871      1.2584    2.023730 
   32120.00     0.96603      1.3789    2.051390 
   32130.00     0.96329      1.3048    2.018090 
   32140.00     0.96062      1.4420    2.011580 
   32150.00     0.95796      1.3117    2.039950 
   32160.00     0.95524      1.2693    2.022200 
   32170.00     0.95262      1.2002    2.007510 
   32180.00     0.94994      1.2407    2.009140 
   32190.00     0.94728      1.1588    1.999630 
   32200.00     0.94470      1.2190    1.972640 
   32210.00     0.94208      1.1528    1.960190 
   32220.00     0.93950      1.2782    2.001800 
   32230.00     0.93694      1.1400    1.979070 
   32240.00     0.93430      1.3196    1.965460 
   32250.00     0.93177      1.3443    2.021560 
   32260.00     0.92927      1.3354    1.996220 
   32270.00     0.92676      1.1282    1.968190 
   32280.00     0.92430      1.2219    1.990510 
   32290.00     0.92179      1.1824    2.016440 
   32300.00     0.91931      1.1903    1.992450 
   32310.00     0.91692      1.0926    1.971710 
   32320.00     0.91451      1.1824    1.967010 
   32330.00     0.91208      1.1785    2.492010 
   32340.00     0.90973      1.2663    2.500000 
   32350.00     0.90736      1.1854    2.070550 
   32360.00     0.90499      1.3937    2.303520 
   32370.00     0.90272      1.5239    2.205760 
   32380.00     0.90048      1.1884    2.196050 
   32390.00     0.89817      1.1815    2.448790 
   32400.00     0.89595      1.3354    2.272480 
   32410.00     0.89376      1.2367    1.974230 
   32420.00     0.89154      1.0216    2.310180 
   32430.00     0.88936      1.1449    2.499050 
   32440.00     0.88730      1.0867    2.500000 
   32450.00     0.88516      1.1538    2.500000 
   32460.00     0.88312      1.0482    2.402380 
   32470.00     0.88108      1.1341    2.102880 
   32480.00     0.87904      1.0324    2.150380 
   32490.00     0.87705      1.1025    2.423100 
   32500.00     0.87509      0.9722    2.260930 
   32510.00     0.87326      1.2476    1.948510 
   32520.00     0.87133      1.1775    2.341080 
   32530.00     0.86946      1.2377    1.535640 
   32540.00     0.86761      1.2940    2.053240 
   32550.00     0.86588      1.2328    2.418260 
   32560.00     0.86410      1.1775    2.223450 
   32570.00     0.86237      1.1479    2.242810 
   32580.00     0.86064      1.0946    2.356410 
   32590.00     0.85902      1.1617    2.355570 
   32600.00     0.85738      1.0837    2.394940 
   32610.00     0.85580      1.1232    2.500000 
   32620.00     0.85424      1.0364    2.484500 
   32630.00     0.85274      1.0551    1.466980 
   32640.00     0.85131      1.1064    2.029840 
   32650.00     0.84985      0.9801    2.308250 
   32660.00     0.84844      0.9919    1.643050 
   32670.00     0.84705      1.0591    1.658570 
   32680.00     0.84570      0.9939    2.146570 
   32690.00     0.84449      1.2130    2.104070 
   32700.00     0.84328      1.3394    1.685320 
   32710.00     0.84202      1.1627    2.087170 
   32720.00     0.84081      1.2723    2.103520 
   32730.00     0.83963      1.1844    2.355040 
   32740.00     0.83855      1.2407    2.487680 
   32750.00     0.83761      1.3048    2.386500 
   32760.00     0.83657      1.2012    2.362080 
   32770.00     0.83555      1.1824    2.184100 
   32780.00     0.83461      1.1834    2.270930 
   32790.00     0.83368      1.1479    2.129350 
   32800.00     0.83285      1.1163    1.500790 
   32810.00     0.83200      1.2653    1.672320 
   32820.00     0.83125      1.2209    2.386250 
   32830.00     0.83054      1.2732    1.908870 
   32840.00     0.82987      1.2249    2.287700 
   32850.00     0.82921      1.1509    1.616490 
   32860.00     0.82861      1.1795    1.874520 
   32870.00     0.82809      1.1963    1.604550 
   32880.00     0.82753      1.1459    1.415080 
   32890.00     0.82703      0.9811    1.661550 
   32900.00     0.82663      1.0186    1.992160 
   32910.00     0.82622      1.0995    2.324230 
   32920.00     0.82584      1.1459    2.357800 
   32930.00     0.82555      1.0176    2.343440 
   32940.00     0.82530      1.0176    1.604130 
   32950.00     0.82509      1.1321    1.347920 
   32960.00     0.82489      1.1360    2.056940 
   32970.00     0.82476      1.0798    2.366100 
   32980.00     0.82468      1.1548    2.367940 
   32990.00     0.82472      1.2663    2.183560 
   33000.00     0.82470      1.1597    2.021570 
   33010.00     0.82468      1.0423    2.225770 
   33020.00     0.82476      1.2535    1.583080 
   33030.00     0.82489      1.1449    2.364040 
   33040.00     0.82507      1.1064    2.360580 
   33050.00     0.82526      1.3275    2.365100 
   33060.00     0.82553      1.1518    2.168230 
   33070.00     0.82580      1.1025    1.975990 
   33080.00     0.82617      1.1074    1.728080 
   33090.00     0.82657      1.1647    1.871390 
   33100.00     0.82699      1.1736    2.231660 
   33110.00     0.82746      1.2496    1.925490 
   33120.00     0.82803      1.1104    1.951080 
   33130.00     0.82855      1.0768    2.500000 
   33140.00     0.82915      1.2377    2.356880 
   33150.00     0.82983      1.1992    1.668980 
   33160.00     0.83046      1.0137    1.538500 
   33170.00     0.83118      1.1193    1.549920 
   33180.00     0.83193      1.0492    1.732650 
   33190.00     0.83276      1.1992    2.088430 
   33200.00     0.83356      1.1647    2.232940 
   33210.00     0.83449      1.1124    1.978580 
   33220.00     0.83543      1.2861    2.355730 
   33230.00     0.83645      1.2219    2.361910 
   33240.00     0.83750      1.1509    1.907060 
   33250.00     0.83844      1.1321    1.599760 
   33260.00     0.83954      1.1045    1.551010 
   33270.00     0.84069      1.1143    2.153690 
   33280.00     0.84187      1.3147    2.427860 
   33290.00     0.84310      1.4736    2.361610 
   33300.00     0.84437      1.3374    2.360910 
   33310.00     0.84559      1.1982    2.365980 
   33320.00     0.84690      1.2318    2.374900 
   33330.00     0.84829      1.3522    2.500000 
   33340.00     0.84967      1.2861    2.355390 
   33350.00     0.85116      0.9781    2.353280 
   33360.00     0.85258      1.0581    2.360890 
   33370.00     0.85407      1.2357    1.830050 
   33380.00     0.85563      1.1212    1.853550 
   33390.00     0.85723      1.2150    2.048420 
   33400.00     0.85884      1.1982    2.120240 
   33410.00     0.86044      1.3937    2.417890 
   33420.00     0.86218      1.4154    2.121420 
   33430.00     0.86391      1.4726    2.330630 
   33440.00     0.86566      1.3364    2.347760 
   33450.00     0.86742      1.3433    2.348830 
   33460.00     0.86925      1.2407    2.182100 
   33470.00     0.87112      1.3670    2.286450 
   33480.00     0.87304      1.3305    2.374860 
   33490.00     0.87487      1.3335    2.433530 
   33500.00     0.87684      1.2565    2.495090 
   33510.00     0.87884      1.4795    2.447590 
   33520.00     0.88085      1.2861    2.268820 
   33530.00     0.88283      1.4114    1.905820 
   33540.00     0.88495      1.3640    2.364650 
   33550.00     0.88709      1.5654    2.397020 
   33560.00     0.88911      1.4529    2.477820 
   33570.00     0.89127      1.4006    2.500000 
   33580.00     0.89351      1.3818    2.418570 
   33590.00     0.89572      1.6049    2.419290 
   33600.00     0.89792      1.5861    2.307700 
   33610.00     0.90021      1.5516    2.055120 
   33620.00     0.90249      1.5052    2.499490 
   33630.00     0.90474      1.5526    2.495600 
   33640.00     0.90709      1.4243    2.500000 
   33650.00     0.90946      1.6710    2.500000 
   33660.00     0.91183      1.6977    2.500000 
   33670.00     0.91422      1.5763    2.147130 
   33680.00     0.91663      1.5654    2.272600 
   33690.00     0.91902      1.7579    2.238400 
   33700.00     0.92152      1.5190    1.944360 
   33710.00     0.92403      1.4460    1.970940 
   33720.00     0.92647      1.6424    1.970690 
   33730.00     0.92900      1.7243    1.928550 
   33740.00     0.93152      1.7391    1.958160 
   33750.00     0.93403      1.6996    1.962720 
   33760.00     0.93665      1.5901    1.951670 
   33770.00     0.93923      1.9138    1.952670 
   33780.00     0.94181      1.7046    1.930110 
   33790.00     0.94443      1.8122    1.932300 
   33800.00     0.94701      1.8043    1.961310 
   33810.00     0.94965      1.7746    1.972820 
   33820.00     0.95233      1.8033    1.971800 
   33830.00     0.95495      1.8487    1.944600 
   33840.00     0.95765      1.8339    1.982730 
   33850.00     0.96033      2.1083    1.986500 
   33860.00     0.96301      2.2227    1.997590 
   33870.00     0.96572      2.0895    2.008440 
   33880.00     0.96840      2.0796    2.018150 
   33890.00     0.97112      2.2109    2.028200 
   33900.00     0.97389      2.1724    2.038780 
   33910.00     0.97655      2.1290    2.045550 
   33920.00     0.97927      2.2800    2.043190 
   33930.00     0.98204      2.3965    2.036710 
   33940.00     0.98478      2.3284    2.006230 
   33950.00     0.98759      2.3935    2.017940 
   33960.00     0.99033      2.5682    2.027220 
   33970.00     0.99304      2.4685    2.035250 
   33980.00     0.99582      2.6422    2.046980 
   33990.00     0.99855      2.6531    2.063660 
   34000.00     1.00125      2.5771    2.074170 
   34010.00     1.00401      2.9285    2.077260 
   34020.00     1.00676      2.8248    2.090150 
   34030.00     1.00952      2.9699    2.099040 
   34040.00     1.01224      3.1199    2.093350 
   34050.00     1.01499      3.3154    2.093210 
   34060.00     1.01778      3.3381    2.098610 
   34070.00     1.02050      3.4634    2.101620 
   34080.00     1.02326      3.7210    2.099680 
   34090.00     1.02595      3.7013    2.101410 
   34100.00     1.02865      3.7704    2.106360 
   34110.00     1.03141      4.0073    2.111300 
   34120.00     1.03408      4.0773    2.121650 
   34130.00     1.03682      4.2599    2.138330 
   34140.00     1.03954      4.3734    2.140350 
   34150.00     1.04216      4.5284    2.135020 
   34160.00     1.04484      4.6656    2.138650 
   34170.00     1.04755      4.8650    2.142530 
   34180.00     1.05019      5.1502    2.139390 
   34190.00     1.05287      5.0249    2.137460 
   34200.00     1.05547      5.3180    2.137490 
   34210.00     1.05805      5.6437    2.135900 
   34220.00     1.06069      5.8056    2.134000 
   34230.00     1.06322      6.0425    2.130070 
   34240.00     1.06582      6.2892    2.122650 
   34250.00     1.06840      6.4333    2.134020 
   34260.00     1.07087      6.7808    2.127980 
   34270.00     1.07341      6.9199    2.136140 
   34280.00     1.07590      7.4194    2.141440 
   34290.00     1.07832      7.5388    2.143740 
   34300.00     1.08083      7.8645    2.147190 
   34310.00     1.08329      8.0589    2.151180 
   34320.00     1.08568      8.5159    2.152700 
   34330.00     1.08809      8.6827    2.155300 
   34340.00     1.09048      9.1437    2.162780 
   34350.00     1.09276      9.1901    2.166760 
   34360.00     1.09513      9.8770    2.176030 
   34370.00     1.09748     10.0132    2.184180 
   34380.00     1.09973     10.3370    2.188760 
   34390.00     1.10198     10.5729    2.191220 
   34400.00     1.10424     10.8068    2.193860 
   34410.00     1.10640     11.1966    2.196620 
   34420.00     1.10857     11.5480    2.197990 
   34430.00     1.11083     11.7908    2.199800 
   34440.00     1.11293     12.2616    2.200930 
   34450.00     1.11497     12.5794    2.202860 
   34460.00     1.11705     13.1835    2.204760 
   34470.00     1.11909     13.3760    2.206780 
   34480.00     1.12108     13.7402    2.208620 
   34490.00     1.12308     14.0965    2.211670 
   34500.00     1.12507     14.2968    2.215170 
   34510.00     1.12697     14.5100    2.219510 
   34520.00     1.12879     14.8091    2.226390 
   34530.00     1.13067     15.1378    2.233250 
   34540.00     1.13254     15.5879    2.237400 
   34550.00     1.13437     15.6727    2.241750 
   34560.00     1.13607     15.9738    2.242750 
   34570.00     1.13780     16.2047    2.243710 
   34580.00     1.13950     16.3587    2.245860 
   34590.00     1.14118     16.7200    2.246610 
   34600.00     1.14272     16.9953    2.246730 
   34610.00     1.14434     17.4316    2.247610 
   34620.00     1.14593     17.5451    2.248600 
   34630.00     1.14748     17.7988    2.248980 
   34640.00     1.14894     18.1738    2.250210 
   34650.00     1.15031     18.0623    2.251880 
   34660.00     1.15173     18.5459    2.252300 
   34670.00     1.15314     18.5913    2.253060 
   34680.00     1.15449     18.9032    2.255090 
   34690.00     1.15576     19.0345    2.256010 
   34700.00     1.15697     19.1490    2.256620 
   34710.00     1.15817     19.2783    2.258710 
   34720.00     1.15938     19.5162    2.261940 
   34730.00     1.16054     19.7126    2.264000 
   34740.00     1.16168     19.8063    2.264440 
   34750.00     1.16274     19.9613    2.271120 
   34760.00     1.16370     19.9800    2.274920 
   34770.00     1.16462     19.8596    2.275750 
   34780.00     1.16559     20.0353    2.277600 
   34790.00     1.16651     20.1735    2.278610 
   34800.00     1.16738     20.4745    2.279230 
   34810.00     1.16817     20.3749    2.280760 
   34820.00     1.16896     20.4933    2.282850 
   34830.00     1.16969     20.6088    2.283730 
   34840.00     1.17039     20.6877    2.283330 
   34850.00     1.17104     20.4193    2.284240 
   34860.00     1.17156     20.4528    2.285480 
   34870.00     1.17216     20.6256    2.286460 
   34880.00     1.17266     20.4183    2.287000 
   34890.00     1.17312     20.4627    2.287490 
   34900.00     1.17358     20.4341    2.288250 
   34910.00     1.17401     20.2811    2.288930 
   34920.00     1.17434     20.3314    2.289530 
   34930.00     1.17462     20.2525    2.290760 
   34940.00     1.17486     20.1508    2.290500 
   34950.00     1.17513     20.1301    2.290650 
   34960.00     1.17534     20.1251    2.291060 
   34970.00     1.17545     19.9366    2.291600 
   34980.00     1.17555     19.5606    2.291930 
   34990.00     1.17555     19.6761    2.292200 
   35000.00     1.17553     19.4964    2.292610 
   35010.00     1.17555     19.2763    2.293160 
   35020.00     1.17547     19.1766    2.293320 
   35030.00     1.17536     19.1648    2.292610 
   35040.00     1.17518     18.9634    2.292530 
   35050.00     1.17491     18.7769    2.294010 
   35060.00     1.17464     18.4729    2.294010 
   35070.00     1.17435     18.2824    2.292890 
   35080.00     1.17403     18.1067    2.293170 
   35090.00     1.17366     17.7307    2.293400 
   35100.00     1.17320     17.5865    2.293320 
   35110.00     1.17274     17.0960    2.293590 
   35120.00     1.17222     16.6489    2.293890 
   35130.00     1.17160     16.6509    2.293160 
   35140.00     1.17110     16.2126    2.293510 
   35150.00     1.17048     16.0004    2.292790 
   35160.00     1.16979     15.6609    2.292360 
   35170.00     1.16906     15.6155    2.293590 
   35180.00     1.16827     15.2414    2.293200 
   35190.00     1.16746     14.9720    2.292480 
   35200.00     1.16659     14.6768    2.291950 
   35210.00     1.16570     14.3393    2.291890 
   35220.00     1.16476     13.9642    2.292130 
   35230.00     1.16382     13.7264    2.292000 
   35240.00     1.16283     13.3306    2.291860 
   35250.00     1.16177     12.9150    2.291720 
   35260.00     1.16067     12.3978    2.291140 
   35270.00     1.15954     12.2498    2.290980 
   35280.00     1.15834     11.8915    2.291070 
   35290.00     1.15709     11.6201    2.289980 
   35300.00     1.15592     11.0713    2.289040 
   35310.00     1.15461     10.7318    2.288520 
   35320.00     1.15328     10.5867    2.287620 
   35330.00     1.15189      9.9125    2.286370 
   35340.00     1.15050      9.4388    2.285470 
   35350.00     1.14911      9.3381    2.283330 
   35360.00     1.14761      8.8782    2.281010 
   35370.00     1.14607      8.3037    2.278050 
   35380.00     1.14451      8.2711    2.272030 
   35390.00     1.14295      8.3777    2.269100 
   35400.00     1.14139      7.9849    2.266350 
   35410.00     1.13969      7.5881    2.263320 
   35420.00     1.13800      7.1835    2.261270 
   35430.00     1.13624      7.0147    2.259240 
   35440.00     1.13455      6.7896    2.257940 
   35450.00     1.13274      6.3889    2.257230 
   35460.00     1.13091      6.4235    2.254160 
   35470.00     1.12904      6.1461    2.253380 
   35480.00     1.12717      5.9625    2.252360 
   35490.00     1.12522      5.6477    2.252140 
   35500.00     1.12329      5.4177    2.250510 
   35510.00     1.12131      5.1078    2.248180 
   35520.00     1.11936      5.0841    2.247290 
   35530.00     1.11730      5.0278    2.247080 
   35540.00     1.11518      4.6498    2.243230 
   35550.00     1.11312      4.6320    2.240140 
   35560.00     1.11104      4.5126    2.239700 
   35570.00     1.10884      4.2935    2.232560 
   35580.00     1.10667      3.9905    2.222810 
   35590.00     1.10451      3.8888    2.215720 
   35600.00     1.10222      3.6796    2.211580 
   35610.00     1.09996      3.6964    2.208070 
   35620.00     1.09773      3.6470    2.204750 
   35630.00     1.09541      3.5523    2.202660 
   35640.00     1.09304      3.3164    2.200760 
   35650.00     1.09075      3.3114    2.197570 
   35660.00     1.08834      3.0143    2.195620 
   35670.00     1.08593      3.0439    2.194120 
   35680.00     1.08355      2.9630    2.191010 
   35690.00     1.08110      3.0420    2.186230 
   35700.00     1.07863      3.0291    2.182170 
   35710.00     1.07620      2.7587    2.175040 
   35720.00     1.07368      2.7557    2.165390 
   35730.00     1.07112      2.6965    2.160010 
   35740.00     1.06867      2.7251    2.158320 
   35750.00     1.06611      2.7557    2.154080 
   35760.00     1.06353      2.4527    2.152270 
   35770.00     1.06102      2.4231    2.151170 
   35780.00     1.05834      2.2366    2.148560 
   35790.00     1.05574      2.3491    2.146510 
   35800.00     1.05314      2.1191    2.146100 
   35810.00     1.05050      2.1931    2.140600 
   35820.00     1.04786      2.0520    2.128550 
   35830.00     1.04516      2.0668    2.117810 
   35840.00     1.04245      1.9878    2.115140 
   35850.00     1.03979      1.9592    2.113640 
   35860.00     1.03713      1.7243    2.112730 
   35870.00     1.03441      1.7658    2.113820 
   35880.00     1.03171      1.9760    2.117760 
   35890.00     1.02896      1.7559    2.121310 
   35900.00     1.02624      1.7687    2.127970 
   35910.00     1.02353      1.8043    2.132050 
   35920.00     1.02079      1.6671    2.130870 
   35930.00     1.01807      1.7381    2.132000 
   35940.00     1.01534      1.8714    2.139610 
   35950.00     1.01256      1.5200    2.125860 
   35960.00     1.00983      1.6493    2.126460 
   35970.00     1.00701      1.5348    2.133330 
   35980.00     1.00430      1.5427    2.122640 
   35990.00     1.00158      1.7519    2.110680 
   36000.00     0.99888      1.6552    2.100600 
   36010.00     0.99615      1.5851    2.096320 
   36020.00     0.99335      1.7204    2.094960 
   36030.00     0.99058      1.5703    2.092800 
   36040.00     0.98786      1.5772    2.092400 
   36050.00     0.98507      1.4855    2.078890 
   36060.00     0.98235      1.4716    2.056430 
   36070.00     0.97961      1.6276    2.057960 
   36080.00     0.97684      1.1992    2.058350 
   36090.00     0.97416      1.2604    2.035980 
   36100.00     0.97143      1.2259    2.039390 
   36110.00     0.96873      1.0867    2.038880 
   36120.00     0.96605      1.3532    2.028230 
   36130.00     0.96329      1.5358    2.025720 
   36140.00     0.96062      1.4410    2.019380 
   36150.00     0.95792      1.4203    2.040950 
   36160.00     0.95522      1.5210    2.009580 
   36170.00     0.95262      1.4519    2.012670 
   36180.00     0.95000      1.4045    2.012940 
   36190.00     0.94730      1.3591    1.988690 
   36200.00     0.94468      1.4884    1.968850 
   36210.00     0.94206      1.3749    1.971660 
   36220.00     0.93950      1.3394    1.981130 
   36230.00     0.93696      1.1311    1.977040 
   36240.00     0.93434      1.3137    1.959390 
   36250.00     0.93181      1.3759    1.912140 
   36260.00     0.92927      1.3443    1.994170 
   36270.00     0.92672      1.1597    1.976190 
   36280.00     0.92428      1.4509    1.981450 
   36290.00     0.92179      1.4173    1.968800 
   36300.00     0.91934      1.3729    1.979980 
   36310.00     0.91694      1.4410    1.967790 
   36320.00     0.91449      1.2476    2.154880 
   36330.00     0.91204      1.3719    2.500000 
   36340.00     0.90971      1.3838    2.500000 
   36350.00     0.90738      1.4351    2.500000 
   36360.00     0.90503      1.2653    2.500000 
   36370.00     0.90274      1.1479    1.939750 
   36380.00     0.90046      1.3423    2.031660 
   36390.00     0.89813      1.4331    2.270790 
   36400.00     0.89593      1.2673    2.091400 
   36410.00     0.89376      1.3088    2.213520 
   36420.00     0.89154      1.2496    2.498810 
   36430.00     0.88938      1.3078    2.494560 
   36440.00     0.88730      1.3127    2.490370 
   36450.00     0.88514      1.3048    2.491290 
   36460.00     0.88306      1.3058    2.354890 
   36470.00     0.88108      1.3196    2.039460 
   36480.00     0.87908      1.2130    2.315540 
   36490.00     0.87707      1.3838    1.675050 
   36500.00     0.87509      1.3492    1.998990 
   36510.00     0.87322      1.3226    2.353640 
   36520.00     0.87131      1.3917    2.349730 
   36530.00     0.86944      1.1617    2.391240 
   36540.00     0.86763      1.2683    2.473920 
   36550.00     0.86590      1.2308    2.368880 
   36560.00     0.86410      1.4549    2.500000 
   36570.00     0.86233      1.3789    2.368900 
   36580.00     0.86064      1.2259    2.479520 
   36590.00     0.85904      1.3818    2.402780 
   36600.00     0.85744      1.3858    1.848270 
   36610.00     0.85580      1.4144    1.977010 
   36620.00     0.85422      1.2673    2.169990 
   36630.00     0.85272      1.3562    2.067520 
   36640.00     0.85129      1.3147    2.473100 
   36650.00     0.84985      1.4361    2.361710 
   36660.00     0.84846      1.2180    2.357940 
   36670.00     0.84707      1.3325    1.413780 
   36680.00     0.84570      1.4529    2.209730 
   36690.00     0.84449      1.3986    2.120330 
   36700.00     0.84324      1.2367    1.931000 
   36710.00     0.84202      1.4252    1.892880 
   36720.00     0.84085      1.4539    2.094980 
   36730.00     0.83967      1.2298    2.200280 
   36740.00     0.83855      1.1755    2.016590 
   36750.00     0.83759      1.4499    2.486720 
   36760.00     0.83653      1.1548    2.352450 
   36770.00     0.83555      1.3532    2.111520 
   36780.00     0.83462      1.1972    2.333760 
   36790.00     0.83370      1.3265    2.467850 
   36800.00     0.83283      1.1588    2.406370 
   36810.00     0.83198      1.4341    2.369800 
   36820.00     0.83125      1.2841    2.175830 
   36830.00     0.83054      1.3078    1.810740 
   36840.00     0.82990      1.3562    1.764880 
   36850.00     0.82923      1.5249    2.317320 
   36860.00     0.82861      1.4124    2.348630 
   36870.00     0.82807      1.3660    2.343620 
   36880.00     0.82751      1.3236    1.433600 
   36890.00     0.82705      1.6187    2.118210 
   36900.00     0.82663      1.4795    2.360070 
   36910.00     0.82624      1.3512    2.437100 
   36920.00     0.82582      1.3522    2.437060 
   36930.00     0.82553      1.5101    2.085480 
   36940.00     0.82530      1.3581    1.531600 
   36950.00     0.82511      1.2890    1.628460 
   36960.00     0.82493      1.4045    2.356880 
   36970.00     0.82482      1.4065    1.902920 
   36980.00     0.82468      1.4440    1.594920 
   36990.00     0.82466      1.2269    1.358330 
   37000.00     0.82468      1.2890    1.837630 
   37010.00     0.82468      1.3295    1.792650 
   37020.00     0.82480      1.4154    1.794860 
   37030.00     0.82491      1.3117    2.085770 
   37040.00     0.82505      1.1893    2.139310 
   37050.00     0.82524      1.3660    2.238120 
   37060.00     0.82551      1.4361    1.315260 
   37070.00     0.82584      1.3453    2.367860 
   37080.00     0.82620      1.4065    2.358190 
   37090.00     0.82659      1.4410    2.383140 
   37100.00     0.82699      1.4805    2.464750 
   37110.00     0.82744      1.3226    1.953800 
   37120.00     0.82802      1.1133    1.911770 
   37130.00     0.82857      1.3601    2.345020 
   37140.00     0.82917      1.3710    2.392610 
   37150.00     0.82983      1.3956    2.360070 
   37160.00     0.83046      1.4025    1.440380 
   37170.00     0.83116      1.3029    2.093050 
   37180.00     0.83191      1.4085    2.336260 
   37190.00     0.83277      1.4914    1.516080 
   37200.00     0.83360      1.1972    2.030600 
   37210.00     0.83453      1.2061    2.358010 
   37220.00     0.83543      1.4460    2.359380 
   37230.00     0.83642      1.2900    2.359620 
   37240.00     0.83748      1.3453    2.395420 
   37250.00     0.83844      1.2042    2.481460 
   37260.00     0.83956      1.1726    2.367340 
   37270.00     0.84071      1.3305    2.360530 
   37280.00     0.84185      1.3759    2.361660 
   37290.00     0.84306      1.4144    2.353550 
   37300.00     0.84435      1.2505    2.364810 
   37310.00     0.84561      1.2140    1.893100 
   37320.00     0.84694      1.3670    1.941690 
   37330.00     0.84830      1.3029    2.355460 
   37340.00     0.84967      1.1657    2.357930 
   37350.00     0.85114      1.1430    2.374060 
   37360.00     0.85256      1.3048    2.495390 
   37370.00     0.85407      1.4203    2.384640 
   37380.00     0.85563      1.3848    2.360090 
   37390.00     0.85724      1.4845    2.362880 
   37400.00     0.85884      1.2417    2.388270 
   37410.00     0.86042      1.3127    2.389620 
   37420.00     0.86218      1.4045    2.371690 
   37430.00     0.86393      1.4529    2.351180 
   37440.00     0.86570      1.2742    2.359110 
   37450.00     0.86744      1.3473    2.408890 
   37460.00     0.86925      1.1617    2.368870 
   37470.00     0.87112      1.2624    2.370450 
   37480.00     0.87303      1.2476    2.360750 
   37490.00     0.87487      1.4154    1.967210 
   37500.00     0.87686      1.4815    2.225460 
   37510.00     0.87884      1.5318    2.444300 
   37520.00     0.88085      1.5220    2.214360 
   37530.00     0.88283      1.4657    2.082160 
   37540.00     0.88493      1.5476    2.375630 
   37550.00     0.88709      1.3581    2.476160 
   37560.00     0.88917      1.2505    2.366840 
   37570.00     0.89131      1.5082    2.477570 
   37580.00     0.89349      1.5111    2.388710 
   37590.00     0.89568      1.4312    1.968490 
   37600.00     0.89790      1.3719    2.232870 
   37610.00     0.90021      1.4154    2.447470 
   37620.00     0.90250      1.2249    2.201640 
   37630.00     0.90476      1.2653    2.145510 
   37640.00     0.90707      1.3542    2.500000 
   37650.00     0.90942      1.2397    2.500000 
   37660.00     0.91181      1.4706    2.457830 
   37670.00     0.91424      1.4558    1.897580 
   37680.00     0.91669      1.5032    2.475900 
   37690.00     0.91906      1.4549    2.500000 
   37700.00     0.92150      1.4785    2.094280 
   37710.00     0.92401      1.4983    1.967720 
   37720.00     0.92645      1.5328    1.952010 
   37730.00     0.92900      1.5713    1.931530 
   37740.00     0.93152      1.4884    1.942830 
   37750.00     0.93403      1.6039    1.964630 
   37760.00     0.93663      1.8082    1.954340 
   37770.00     0.93921      1.8724    1.945500 
   37780.00     0.94179      1.7825    1.913060 
   37790.00     0.94443      1.6177    1.921730 
   37800.00     0.94703      1.9178    1.960180 
   37810.00     0.94965      1.9030    1.975040 
   37820.00     0.95233      1.8240    1.962560 
   37830.00     0.95493      2.1537    1.973300 
   37840.00     0.95763      2.0480    1.997850 
   37850.00     0.96033      2.0934    1.981690 
   37860.00     0.96301      1.8714    1.985400 
   37870.00     0.96574      2.1162    2.003170 
   37880.00     0.96840      1.7401    2.020820 
   37890.00     0.97110      2.0046    2.025290 
   37900.00     0.97387      1.8605    2.038780 
   37910.00     0.97657      1.9651    2.045520 
   37920.00     0.97933      2.0757    2.044060 
   37930.00     0.98206      2.1507    2.028070 
   37940.00     0.98476      2.1389    2.012570 
   37950.00     0.98755      2.2060    2.019580 
   37960.00     0.99027      2.1665    2.024390 
   37970.00     0.99304      2.2326    2.033540 
   37980.00     0.99584      2.5702    2.044420 
   37990.00     0.99855      2.6008    2.068160 
   38000.00     1.00121      2.7271    2.075050 
   38010.00     1.00399      2.7133    2.082100 
   38020.00     1.00674      3.0518    2.093420 
   38030.00     1.00954      2.8998    2.096460 
   38040.00     1.01229      3.0301    2.091830 
   38050.00     1.01501      3.2048    2.093040 
   38060.00     1.01778      3.2038    2.096200 
   38070.00     1.02044      3.3489    2.095810 
   38080.00     1.02324      3.6332    2.099000 
   38090.00     1.02595      3.7398    2.098320 
   38100.00     1.02865      3.9086    2.103950 
   38110.00     1.03141      3.8750    2.104540 
   38120.00     1.03407      3.9145    2.121280 
   38130.00     1.03680      4.1622    2.128850 
   38140.00     1.03952      4.3873    2.125830 
   38150.00     1.04216      4.3833    2.134680 
   38160.00     1.04487      4.5847    2.138760 
   38170.00     1.04755      4.7643    2.139410 
   38180.00     1.05019      4.9844    2.137450 
   38190.00     1.05285      5.0219    2.137040 
   38200.00     1.05545      5.0643    2.136990 
   38210.00     1.05805      5.4671    2.133860 
   38220.00     1.06071      5.6566    2.132060 
   38230.00     1.06324      6.1362    2.126880 
   38240.00     1.06580      6.2122    2.125400 
   38250.00     1.06836      6.4629    2.131590 
   38260.00     1.07085      6.7265    2.126400 
   38270.00     1.07341      6.9949    2.135310 
   38280.00     1.07593      7.0315    2.142790 
   38290.00     1.07834      7.4095    2.143620 
   38300.00     1.08081      7.7846    2.145290 
   38310.00     1.08326      7.8783    2.149800 
   38320.00     1.08565      8.3462    2.154120 
   38330.00     1.08809      8.5149    2.157190 
   38340.00     1.09050      9.2108    2.160830 
   38350.00     1.09277      9.1249    2.167510 
   38360.00     1.09511      9.4368    2.177220 
   38370.00     1.09744      9.9609    2.186360 
   38380.00     1.09971     10.5580    2.189030 
   38390.00     1.10200     10.6528    2.191430 
   38400.00     1.10426     10.9331    2.194690 
   38410.00     1.10642     11.0318    2.196500 
   38420.00     1.10859     11.6645    2.197860 
   38430.00     1.11079     11.7770    2.198490 
   38440.00     1.11289     12.1333    2.199930 
   38450.00     1.11497     12.4640    2.202730 
   38460.00     1.11707     13.0562    2.203890 
   38470.00     1.11913     13.1035    2.206060 
   38480.00     1.12106     13.3069    2.208400 
   38490.00     1.12306     13.7668    2.212090 
   38500.00     1.12505     14.0777    2.214500 
   38510.00     1.12699     14.3077    2.219160 
   38520.00     1.12882     14.6156    2.227420 
   38530.00     1.13069     14.9226    2.233600 
   38540.00     1.13252     15.4151    2.236840 
   38550.00     1.13435     15.6964    2.239690 
   38560.00     1.13605     15.8593    2.242190 
   38570.00     1.13778     16.1899    2.244190 
   38580.00     1.13950     16.6311    2.245790 
   38590.00     1.14118     16.8552    2.245210 
   38600.00     1.14272     16.9499    2.246560 
   38610.00     1.14430     17.1947    2.246750 
   38620.00     1.14590     17.4049    2.248370 
   38630.00     1.14748     17.6645    2.249370 
   38640.00     1.14896     18.1324    2.249420 
   38650.00     1.15033     18.2301    2.250230 
   38660.00     1.15173     18.2123    2.252140 
   38670.00     1.15310     18.5528    2.253550 
   38680.00     1.15445     18.9062    2.255550 
   38690.00     1.15576     18.9417    2.256420 
   38700.00     1.15701     19.4402    2.257370 
   38710.00     1.15819     19.3582    2.257870 
   38720.00     1.15938     19.5458    2.260740 
   38730.00     1.16052     19.6316    2.263270 
   38740.00     1.16166     19.8172    2.265010 
   38750.00     1.16274     19.8389    2.268200 
   38760.00     1.16372     20.1557    2.272880 
   38770.00     1.16466     20.0768    2.274010 
   38780.00     1.16559     20.1232    2.273860 
   38790.00     1.16649     20.1320    2.278260 
   38800.00     1.16736     20.2584    2.279740 
   38810.00     1.16817     20.4153    2.279970 
   38820.00     1.16898     20.4597    2.281600 
   38830.00     1.16971     20.5683    2.283340 
   38840.00     1.17039     20.7193    2.284340 
   38850.00     1.17102     20.6897    2.284920 
   38860.00     1.17154     20.5861    2.285760 
   38870.00     1.17218     20.4765    2.287130 
   38880.00     1.17270     20.6798    2.286990 
   38890.00     1.17312     20.4449    2.288320 
   38900.00     1.17358     20.3146    2.288230 
   38910.00     1.17399     20.4025    2.289920 
   38920.00     1.17432     20.4321    2.289810 
   38930.00     1.17462     20.3808    2.289430 
   38940.00     1.17489     20.3502    2.289560 
   38950.00     1.17513     20.1340    2.289920 
   38960.00     1.17532     20.1320    2.290430 
   38970.00     1.17543     20.0452    2.290880 
   38980.00     1.17555     19.7787    2.291720 
   38990.00     1.17557     19.5122    2.291870 
   39000.00     1.17557     19.4944    2.292140 
   39010.00     1.17555     19.3089    2.292750 
   39020.00     1.17547     19.3118    2.292940 
   39030.00     1.17534     19.1164    2.293020 
   39040.00     1.17516     18.7937    2.293030 
   39050.00     1.17491     18.7571    2.293320 
   39060.00     1.17466     18.4413    2.293780 
   39070.00     1.17437     18.2054    2.292560 
   39080.00     1.17403     17.9547    2.294770 
   39090.00     1.17362     17.8432    2.294620 
   39100.00     1.17318     17.3566    2.293010 
   39110.00     1.17276     17.2865    2.293840 
   39120.00     1.17224     16.8404    2.293560 
   39130.00     1.17162     16.7150    2.293410 
   39140.00     1.17110     16.6252    2.293550 
   39150.00     1.17046     16.2403    2.293450 
   39160.00     1.16977     16.0221    2.293080 
   39170.00     1.16906     15.4625    2.292530 
   39180.00     1.16829     15.3332    2.292940 
   39190.00     1.16746     15.1299    2.292330 
   39200.00     1.16657     14.6127    2.292740 
   39210.00     1.16566     14.2702    2.292430 
   39220.00     1.16476     13.8468    2.292120 
   39230.00     1.16383     13.7096    2.292190 
   39240.00     1.16285     13.3493    2.292050 
   39250.00     1.16177     13.0868    2.291930 
   39260.00     1.16066     12.6456    2.292020 
   39270.00     1.15952     12.1965    2.290990 
   39280.00     1.15832     11.6329    2.291260 
   39290.00     1.15709     11.4483    2.290500 
   39300.00     1.15592     10.9716    2.289120 
   39310.00     1.15462     10.5275    2.288610 
   39320.00     1.15326     10.3547    2.288200 
   39330.00     1.15187     10.1553    2.286590 
   39340.00     1.15048      9.7704    2.284060 
   39350.00     1.14911      9.4240    2.282040 
   39360.00     1.14763      9.1338    2.280610 
   39370.00     1.14607      8.7933    2.277790 
   39380.00     1.14449      8.5031    2.274200 
   39390.00     1.14289      8.2484    2.268370 
   39400.00     1.14135      7.7530    2.265460 
   39410.00     1.13969      7.5260    2.262740 
   39420.00     1.13800      7.2002    2.262640 
   39430.00     1.13624      6.9041    2.260680 
   39440.00     1.13453      6.7650    2.258130 
   39450.00     1.13274      6.6001    2.256810 
   39460.00     1.13089      6.2359    2.255710 
   39470.00     1.12902      5.9734    2.253700 
   39480.00     1.12719      5.6506    2.252620 
   39490.00     1.12528      5.4443    2.251590 
   39500.00     1.12329      5.3901    2.249620 
   39510.00     1.12129      5.1601    2.247840 
   39520.00     1.11934      5.0239    2.247360 
   39530.00     1.11730      5.0150    2.245350 
   39540.00     1.11522      4.8827    2.242870 
   39550.00     1.11314      4.5353    2.240820 
   39560.00     1.11102      4.2797    2.238270 
   39570.00     1.10882      4.1474    2.233640 
   39580.00     1.10667      3.9925    2.225010 
   39590.00     1.10453      3.7872    2.215880 
   39600.00     1.10225      3.9599    2.210520 
   39610.00     1.09998      3.8523    2.207220 
   39620.00     1.09773      3.6016    2.204850 
   39630.00     1.09538      3.5059    2.202230 
   39640.00     1.09303      3.2107    2.199880 
   39650.00     1.09073      3.0528    2.197930 
   39660.00     1.08836      3.2739    2.195820 
   39670.00     1.08593      3.1259    2.193520 
   39680.00     1.08353      3.0341    2.191250 
   39690.00     1.08108      3.1071    2.186740 
   39700.00     1.07861      2.8357    2.179750 
   39710.00     1.07620      2.7172    2.171660 
   39720.00     1.07372      2.5978    2.164390 
   39730.00     1.07114      2.7409    2.159680 
   39740.00     1.06867      2.6481    2.156460 
   39750.00     1.06609      2.4271    2.153910 
   39760.00     1.06351      2.3214    2.151850 
   39770.00     1.06100      2.2612    2.149940 
   39780.00     1.05836      2.2622    2.147430 
   39790.00     1.05576      2.2287    2.145840 
   39800.00     1.05316      2.1862    2.141520 
   39810.00     1.05048      2.2010    2.140110 
   39820.00     1.04784      2.0135    2.126530 
   39830.00     1.04518      1.9681    2.118080 
   39840.00     1.04247      2.0668    2.115860 
   39850.00     1.03983      1.9809    2.114760 
   39860.00     1.03711      2.0056    2.113840 
   39870.00     1.03437      1.9148    2.115840 
   39880.00     1.03170      1.9118    2.117920 
   39890.00     1.02896      1.8615    2.124480 
   39900.00     1.02626      2.0579    2.129750 
   39910.00     1.02355      1.8852    2.134100 
   39920.00     1.02077      1.8793    2.130790 
   39930.00     1.01807      1.7569    2.132230 
   39940.00     1.01532      1.6266    2.131350 
   39950.00     1.01258      1.8082    2.127970 
   39960.00     1.00987      1.7302    2.128420 
   39970.00     1.00703      1.7510    2.130950 
   39980.00     1.00430      1.7065    2.122380 
   39990.00     1.00154      1.5496    2.109680 
   40000.00     0.99886      1.6829    2.103050 
   40010.00     0.99615      1.6355    2.095600 
   40020.00     0.99337      1.5743    2.092590 
   40030.00     0.99060      1.4637    2.090040 
   40040.00     0.98786      1.6029    2.089410 
   40050.00     0.98505      1.6552    2.076420 
   40060.00     0.98235      1.5318    2.056410 
   40070.00     0.97963      1.6789    2.060000 
   40080.00     0.97686      1.3700    2.079710 
   40090.00     0.97418      1.3542    2.033080 
   40100.00     0.97143      1.3769    2.032630 
   40110.00     0.96869      1.4144    2.027610 
   40120.00     0.96601      1.5437    2.028090 
   40130.00     0.96329      1.3107    2.019840 
   40140.00     0.96064      1.3660    2.024960 
   40150.00     0.95794      1.4973    2.027350 
   40160.00     0.95522      1.5091    2.016560 
   40170.00     0.95260      1.2565    2.010840 
   40180.00     0.94996      1.3117    2.009100 
   40190.00     0.94730      1.1943    1.985630 
   40200.00     0.94472      1.3710    1.965190 
   40210.00     0.94208      1.3236    1.978300 
   40220.00     0.93948      1.2604    1.982120 
   40230.00     0.93692      1.2407    1.978530 
   40240.00     0.93432      1.2061    1.938390 
   40250.00     0.93179      1.4144    1.938840 
   40260.00     0.92931      1.2032    1.976780 
   40270.00     0.92672      1.3078    1.972120 
   40280.00     0.92426      1.4835    1.978810 
   40290.00     0.92177      1.3897    2.046510 
   40300.00     0.91931      1.3601    1.967560 
   40310.00     0.91694      1.3631    1.974220 
   40320.00     0.91451      1.4282    2.381900 
   40330.00     0.91208      1.4262    2.084170 
   40340.00     0.90971      1.4598    2.221740 
   40350.00     0.90734      1.3423    2.500000 
   40360.00     0.90501      1.3660    2.299930 
   40370.00     0.90272      1.3877    2.037750 
   40380.00     0.90048      1.3473    2.475200 
   40390.00     0.89815      1.6088    2.364200 
   40400.00     0.89592      1.3621    2.365420 
   40410.00     0.89372      1.2199    2.485870 
   40420.00     0.89154      1.3601    2.177310 
   40430.00     0.88940      1.1469    2.368460 
   40440.00     0.88732      1.1884    2.500000 
   40450.00     0.88518      1.4647    2.440430 
   40460.00     0.88306      1.3167    2.369610 
   40470.00     0.88106      1.4312    2.372720 
   40480.00     0.87906      1.1232    2.344250 
   40490.00     0.87707      1.2120    2.102070 
   40500.00     0.87509      1.2535    2.364650 
   40510.00     0.87324      1.2170    2.418250 
   40520.00     0.87131      1.2486    2.379280 
   40530.00     0.86944      1.2861    2.187660 
   40540.00     0.86761      1.4361    2.249130 
   40550.00     0.86590      1.2505    1.861250 
   40560.00     0.86412      1.3759    1.670660 
   40570.00     0.86237      1.2318    2.346990 
   40580.00     0.86064      1.3818    2.381330 
   40590.00     0.85902      1.2407    2.419330 
   40600.00     0.85740      1.2772    2.500000 
   40610.00     0.85580      1.3364    2.500000 
   40620.00     0.85424      1.4124    2.176210 
   40630.00     0.85272      1.4983    2.283150 
   40640.00     0.85129      1.1815    2.089210 
   40650.00     0.84981      1.3374    2.122070 
   40660.00     0.84842      1.3167    2.364550 
   40670.00     0.84709      1.3048    2.356610 
   40680.00     0.84574      1.3729    2.360080 
   40690.00     0.84451      1.2723    2.376980 
   40700.00     0.84322      1.3177    2.371830 
   40710.00     0.84200      1.3285    2.362320 
   40720.00     0.84083      1.2782    2.406370 
   40730.00     0.83965      1.2308    2.475380 
   40740.00     0.83857      1.3917    2.413390 
   40750.00     0.83759      1.2584    2.349520 
   40760.00     0.83653      1.4262    2.010110 
   40770.00     0.83553      1.3019    1.630780 
   40780.00     0.83461      1.1489    1.997080 
   40790.00     0.83370      1.2466    1.550620 
   40800.00     0.83287      1.0966    1.554720 
   40810.00     0.83200      1.2012    2.295260 
   40820.00     0.83125      1.2624    2.362420 
   40830.00     0.83052      1.2693    2.365260 
   40840.00     0.82988      1.0749    2.356990 
   40850.00     0.82923      1.2367    2.425230 
   40860.00     0.82863      1.2417    2.127900 
   40870.00     0.82809      1.2239    1.472250 
   40880.00     0.82750      1.4233    1.473460 
   40890.00     0.82701      1.4114    2.345480 
   40900.00     0.82663      1.1538    2.095340 
   40910.00     0.82626      1.3433    2.095770 
   40920.00     0.82586      1.3413    2.320930 
   40930.00     0.82555      1.2545    2.146160 
   40940.00     0.82528      1.2061    2.248980 
   40950.00     0.82509      1.2298    2.363390 
   40960.00     0.82491      1.3789    2.365550 
   40970.00     0.82480      1.4312    2.371830 
   40980.00     0.82470      1.5397    2.372410 
   40990.00     0.82468      1.5299    2.374140 
   41000.00     0.82464      1.4835    2.359160 
   41010.00     0.82466      1.3670    2.358140 
   41020.00     0.82478      1.4292    1.823910 
   41030.00     0.82493      1.3650    1.874860 
   41040.00     0.82507      1.4933    1.689660 
   41050.00     0.82526      1.4509    1.952280 
   41060.00     0.82551      1.2042    2.346460 
   41070.00     0.82578      1.1331    2.367190 
   41080.00     0.82617      1.1114    2.214930 
   41090.00     0.82659      1.2318    1.558080 
   41100.00     0.82699      1.2032    1.866760 
   41110.00     0.82746      1.4252    2.344730 
   41120.00     0.82800      1.2190    2.386050 
   41130.00     0.82854      1.2417    2.365960 
   41140.00     0.82913      1.3354    2.188400 
   41150.00     0.82983      1.1805    2.094740 
   41160.00     0.83048      1.2969    2.202420 
   41170.00     0.83116      1.2278    2.353460 
   41180.00     0.83189      1.3226    2.357060 
   41190.00     0.83274      1.1528    2.291940 
   41200.00     0.83358      1.3937    1.548610 
   41210.00     0.83451      1.4055    2.342170 
   41220.00     0.83543      1.2120    2.133780 
   41230.00     0.83644      1.2032    2.077000 
   41240.00     0.83748      1.1203    2.262570 
   41250.00     0.83842      1.2575    2.370530 
   41260.00     0.83954      1.1716    2.365670 
   41270.00     0.84069      1.3443    2.100530 
   41280.00     0.84187      1.4697    1.710780 
   41290.00     0.84310      1.4588    2.315070 
   41300.00     0.84434      1.2772    1.889190 
   41310.00     0.84559      1.3216    2.089690 
   41320.00     0.84690      1.3325    1.928790 
   41330.00     0.84829      1.1884    1.448570 
   41340.00     0.84969      1.2120    1.996140 
   41350.00     0.85112      1.3818    2.215000 
   41360.00     0.85254      1.3354    2.206630 
   41370.00     0.85403      1.4618    2.399170 
   41380.00     0.85563      1.3670    2.464350 
   41390.00     0.85724      1.2792    2.341000 
   41400.00     0.85886      1.3601    2.366940 
   41410.00     0.86044      1.3483    2.351610 
   41420.00     0.86216      1.3581    2.410270 
   41430.00     0.86389      1.3413    2.169450 
   41440.00     0.86566      1.3364    2.365100 
   41450.00     0.86742      1.1992    2.276940 
   41460.00     0.86927      1.3571    2.276940 
   41470.00     0.87112      1.4351    2.451210 
   41480.00     0.87301      1.4558    2.385410 
   41490.00     0.87486      1.3700    2.497090 
   41500.00     0.87682      1.1390    2.473970 
   41510.00     0.87886      1.3413    2.334440 
   41520.00     0.88087      1.2890    2.482620 
   41530.00     0.88283      1.3374    2.186770 
   41540.00     0.88493      1.3729    2.372310 
   41550.00     0.88705      1.3127    2.409550 
   41560.00     0.88915      1.2505    2.353110 
   41570.00     0.89129      1.3315    2.370720 
   41580.00     0.89351      1.3858    2.406150 
   41590.00     0.89566      1.4223    2.429080 
   41600.00     0.89790      1.4647    1.915830 
   41610.00     0.90019      1.3483    2.362670 
   41620.00     0.90249      1.3394    1.953640 
   41630.00     0.90476      1.2042    1.899670 
   41640.00     0.90713      1.3206    2.310000 
   41650.00     0.90946      1.4292    2.155100 
   41660.00     0.91181      1.2101    1.898420 
   41670.00     0.91422      1.1459    2.110650 
   41680.00     0.91665      1.3927    2.353750 
   41690.00     0.91904      1.2999    1.906100 
   41700.00     0.92152      1.5249    1.939870 
   41710.00     0.92403      1.5249    2.500000 
   41720.00     0.92645      1.4470    2.011900 
   41730.00     0.92896      1.4430    1.936700 
   41740.00     0.93152      1.4805    1.933400 
   41750.00     0.93405      1.4578    1.945560 
   41760.00     0.93669      1.4223    1.952470 
   41770.00     0.93921      1.5911    1.954980 
   41780.00     0.94179      1.7292    1.945150 
   41790.00     0.94441      1.6829    1.909020 
   41800.00     0.94701      1.6246    1.960470 
   41810.00     0.94967      1.8052    1.973570 
   41820.00     0.95235      1.8921    1.976960 
   41830.00     0.95493      1.9819    1.949750 
   41840.00     0.95761      1.8635    1.973420 
   41850.00     0.96031      1.7164    1.987020 
   41860.00     0.96301      1.9030    1.988430 
   41870.00     0.96574      1.9000    1.998860 
   41880.00     0.96844      2.1063    2.016900 
   41890.00     0.97112      2.2030    2.024690 
   41900.00     0.97387      2.1063    2.040020 
   41910.00     0.97655      2.1764    2.047120 
   41920.00     0.97929      2.2701    2.042820 
   41930.00     0.98206      2.1843    2.038640 
   41940.00     0.98478      2.4182    2.018830 
   41950.00     0.98757      2.3284    2.016750 
   41960.00     0.99027      2.4883    2.022930 
   41970.00     0.99301      2.5001    2.031440 
   41980.00     0.99582      2.5040    2.047900 
   41990.00     0.99857      2.6511    2.067150 
   42000.00     1.00127      2.5564    2.073350 
   42010.00     1.00401      2.8574    2.083590 
   42020.00     1.00672      2.9492    2.105220 
   42030.00     1.00952      2.9393    2.094370 
   42040.00     1.01225      3.1377    2.092420 
   42050.00     1.01501      3.0193    2.102910 
   42060.00     1.01778      3.3973    2.102750 
   42070.00     1.02046      3.5157    2.095710 
   42080.00     1.02322      3.6608    2.095970 
   42090.00     1.02593      3.6381    2.100480 
   42100.00     1.02865      3.7605    2.108490 
   42110.00     1.03143      3.9530    2.102360 
   42120.00     1.03408      4.0961    2.120720 
   42130.00     1.03682      3.9865    2.124930 
   42140.00     1.03952      4.1899    2.128110 
   42150.00     1.04214      4.2747    2.137550 
   42160.00     1.04484      4.6311    2.138980 
   42170.00     1.04755      4.7169    2.136330 
   42180.00     1.05021      4.7495    2.137560 
   42190.00     1.05287      5.0722    2.137800 
   42200.00     1.05543      5.2519    2.138810 
   42210.00     1.05803      5.5105    2.133030 
   42220.00     1.06069      5.5993    2.133760 
   42230.00     1.06324      6.0040    2.129220 
   42240.00     1.06584      6.1649    2.125150 
   42250.00     1.06840      6.3188    2.128090 
   42260.00     1.07087      6.8953    2.129630 
   42270.00     1.07341      6.9900    2.133090 
   42280.00     1.07592      7.1321    2.139720 
   42290.00     1.07832      7.5408    2.142460 
   42300.00     1.08083      7.5723    2.147060 
   42310.00     1.08328      7.9642    2.150270 
   42320.00     1.08565      8.1320    2.152050 
   42330.00     1.08807      8.5406    2.157250 
   42340.00     1.09048      8.9443    2.161390 
   42350.00     1.09279      8.8663    2.166220 
   42360.00     1.09514      9.3835    2.176030 
   42370.00     1.09748      9.7388    2.184880 
   42380.00     1.09971     10.1771    2.188530 
   42390.00     1.10197     10.3488    2.190970 
   42400.00     1.10426     10.6064    2.194570 
   42410.00     1.10642     10.9992    2.196500 
   42420.00     1.10859     11.5036    2.197860 
   42430.00     1.11081     11.8540    2.199760 
   42440.00     1.11291     12.4097    2.202230 
   42450.00     1.11495     12.5192    2.203310 
   42460.00     1.11705     12.8992    2.204590 
   42470.00     1.11911     13.0345    2.206970 
   42480.00     1.12108     13.3799    2.209750 
   42490.00     1.12308     13.6513    2.212130 
   42500.00     1.12505     14.1429    2.214550 
   42510.00     1.12697     14.3738    2.218780 
   42520.00     1.12879     14.6127    2.226680 
   42530.00     1.13069     14.9631    2.232790 
   42540.00     1.13254     15.3431    2.236420 
   42550.00     1.13437     15.6412    2.239070 
   42560.00     1.13603     15.8050    2.241180 
   42570.00     1.13776     16.1810    2.243480 
   42580.00     1.13948     16.3627    2.244930 
   42590.00     1.14118     16.5216    2.244760 
   42600.00     1.14276     16.7200    2.246080 
   42610.00     1.14434     17.1167    2.247170 
   42620.00     1.14590     17.3694    2.248080 
   42630.00     1.14746     17.6320    2.249570 
   42640.00     1.14894     17.9014    2.249400 
   42650.00     1.15031     18.1373    2.250930 
   42660.00     1.15173     18.2715    2.252080 
   42670.00     1.15312     18.5815    2.252770 
   42680.00     1.15445     18.7907    2.254040 
   42690.00     1.15574     18.9713    2.255980 
   42700.00     1.15697     19.0858    2.257400 
   42710.00     1.15821     19.1628    2.257600 
   42720.00     1.15942     19.4698    2.261350 
   42730.00     1.16054     19.7392    2.262460 
   42740.00     1.16166     19.8458    2.264620 
   42750.00     1.16270     20.0363    2.268830 
   42760.00     1.16370     20.0116    2.271740 
   42770.00     1.16466     20.0057    2.272710 
   42780.00     1.16559     20.4193    2.274720 
   42790.00     1.16651     20.2554    2.277850 
   42800.00     1.16736     20.3827    2.276890 
   42810.00     1.16817     20.3749    2.279710 
   42820.00     1.16896     20.3966    2.281490 
   42830.00     1.16969     20.4173    2.282330 
   42840.00     1.17040     20.4805    2.283750 
   42850.00     1.17104     20.5653    2.285150 
   42860.00     1.17154     20.4015    2.285520 
   42870.00     1.17216     20.3916    2.285750 
   42880.00     1.17268     20.3818    2.286730 
   42890.00     1.17312     20.3887    2.288020 
   42900.00     1.17360     20.5229    2.288400 
   42910.00     1.17399     20.4676    2.288700 
   42920.00     1.17432     20.4311    2.289580 
   42930.00     1.17459     19.9958    2.290150 
   42940.00     1.17486     20.2011    2.290320 
   42950.00     1.17514     19.9751    2.290130 
   42960.00     1.17536     19.8744    2.290490 
   42970.00     1.17545     19.8962    2.291320 
   42980.00     1.17553     19.6010    2.291980 
   42990.00     1.17555     19.5892    2.292180 
   43000.00     1.17555     19.3888    2.292150 
   43010.00     1.17555     19.3750    2.292060 
   43020.00     1.17547     19.3345    2.292940 
   43030.00     1.17536     19.1342    2.293220 
   43040.00     1.17514     18.8726    2.292740 
   43050.00     1.17486     18.6752    2.292630 
   43060.00     1.17464     18.4304    2.292910 
   43070.00     1.17437     18.2212    2.293470 
   43080.00     1.17405     18.0810    2.293910 
   43090.00     1.17364     17.7109    2.293760 
   43100.00     1.17316     17.6073    2.293240 
   43110.00     1.17272     17.0644    2.294000 
   43120.00     1.17222     16.9924    2.293850 
   43130.00     1.17162     16.8325    2.292270 
   43140.00     1.17110     16.6114    2.293190 
   43150.00     1.17048     15.9728    2.293510 
   43160.00     1.16977     16.0004    2.293270 
   43170.00     1.16904     15.5652    2.292940 
   43180.00     1.16825     15.2848    2.292730 
   43190.00     1.16748     14.9729    2.292500 
   43200.00     1.16661     14.6778    2.292200 
   43210.00     1.16570     14.3975    2.292320 
   43220.00     1.16474     14.0274    2.292180 
   43230.00     1.16380     13.4599    2.292180 
   43240.00     1.16281     13.1598    2.292180 
   43250.00     1.16177     12.9150    2.291610 
   43260.00     1.16067     12.4719    2.291320 
   43270.00     1.15954     12.0938    2.291100 
   43280.00     1.15830     12.0346    2.290590 
   43290.00     1.15707     11.5786    2.289770 
   43300.00     1.15590     10.9430    2.288880 
   43310.00     1.15464     10.7367    2.287750 
   43320.00     1.15329     10.2274    2.287750 
   43330.00     1.15189      9.7151    2.285990 
   43340.00     1.15046      9.6105    2.283710 
   43350.00     1.14908      9.3302    2.282420 
   43360.00     1.14761      8.9403    2.279200 
   43370.00     1.14607      8.8318    2.275920 
   43380.00     1.14451      8.3116    2.273020 
   43390.00     1.14293      7.9721    2.269960 
   43400.00     1.14133      7.5783    2.266450 
   43410.00     1.13965      7.4954    2.261690 
   43420.00     1.13796      7.0976    2.262120 
   43430.00     1.13624      6.9535    2.260180 
   43440.00     1.13457      6.8864    2.257640 
   43450.00     1.13274      6.5567    2.256200 
   43460.00     1.13089      6.4383    2.254790 
   43470.00     1.12900      6.0672    2.253450 
   43480.00     1.12717      5.9300    2.252810 
   43490.00     1.12526      5.5174    2.251910 
   43500.00     1.12331      5.4957    2.249600 
   43510.00     1.12129      5.0742    2.248340 
   43520.00     1.11933      5.1867    2.247920 
   43530.00     1.11726      4.8462    2.245080 
   43540.00     1.11518      4.7771    2.243290 
   43550.00     1.11314      4.5195    2.240260 
   43560.00     1.11104      4.4208    2.236380 
   43570.00     1.10884      4.3389    2.230440 
   43580.00     1.10665      4.1978    2.223430 
   43590.00     1.10449      4.0161    2.216840 
   43600.00     1.10222      3.8859    2.211210 
   43610.00     1.09994      3.7121    2.207730 
   43620.00     1.09773      3.8730    2.204590 
   43630.00     1.09539      3.6737    2.202010 
   43640.00     1.09303      3.4861    2.199440 
   43650.00     1.09071      3.3845    2.198390 
   43660.00     1.08832      3.2522    2.195860 
   43670.00     1.08595      3.2601    2.193160 
   43680.00     1.08356      3.0992    2.191120 
   43690.00     1.08110      3.0341    2.187280 
   43700.00     1.07859      2.9670    2.179790 
   43710.00     1.07618      2.6876    2.172030 
   43720.00     1.07368      2.7735    2.164150 
   43730.00     1.07112      2.5791    2.159580 
   43740.00     1.06867      2.5110    2.156440 
   43750.00     1.06609      2.4458    2.153310 
   43760.00     1.06351      2.4764    2.151130 
   43770.00     1.06098      2.3382    2.148880 
   43780.00     1.05832      2.1793    2.147810 
   43790.00     1.05574      2.2040    2.145450 
   43800.00     1.05318      2.1537    2.140060 
   43810.00     1.05048      2.1231    2.136430 
   43820.00     1.04784      2.1152    2.124430 
   43830.00     1.04513      2.0747    2.119140 
   43840.00     1.04245      2.1931    2.116240 
   43850.00     1.03981      1.9878    2.113390 
   43860.00     1.03711      2.0767    2.113150 
   43870.00     1.03439      1.7914    2.114130 
   43880.00     1.03170      1.7026    2.116490 
   43890.00     1.02894      1.8980    2.120810 
   43900.00     1.02622      1.7648    2.126700 
   43910.00     1.02355      1.6779    2.132030 
   43920.00     1.02079      1.6177    2.131420 
   43930.00     1.01809      1.5506    2.128300 
   43940.00     1.01532      1.6434    2.131770 
   43950.00     1.01254      1.6276    2.126580 
   43960.00     1.00983      1.5911    2.130090 
   43970.00     1.00703      1.7440    2.122890 
   43980.00     1.00432      1.6532    2.111310 
   43990.00     1.00156      1.2979    2.106300 
   44000.00     0.99884      1.6592    2.103660 
   44010.00     0.99611      1.4627    2.093440 
   44020.00     0.99333      1.5032    2.092060 
   44030.00     0.99062      1.3719    2.090150 
   44040.00     0.98788      1.5684    2.093820 
   44050.00     0.98509      1.2959    2.066140 
   44060.00     0.98233      1.4479    2.057430 
   44070.00     0.97960      1.3779    2.071320 
   44080.00     0.97684      1.3601    2.062210 
   44090.00     0.97418      1.2861    2.037260 
   44100.00     0.97143      1.4292    2.027460 
   44110.00     0.96871      1.3364    2.022210 
   44120.00     0.96603      1.2861    2.027430 
   44130.00     0.96328      1.4164    2.012630 
   44140.00     0.96062      1.2713    2.024620 
   44150.00     0.95796      1.1696    2.023940 
   44160.00     0.95524      1.1805    2.016150 
   44170.00     0.95262      1.2861    2.012910 
   44180.00     0.94996      1.3344    2.007630 
   44190.00     0.94728      1.2969    1.989510 
   44200.00     0.94470      1.2683    1.968890 
   44210.00     0.94208      1.3246    1.972480 
   44220.00     0.93950      1.3946    1.993900 
   44230.00     0.93694      1.2209    1.977080 
   44240.00     0.93432      1.4667    1.925730 
   44250.00     0.93179      1.5230    2.018140 
   44260.00     0.92927      1.4065    1.988930 
   44270.00     0.92674      1.3562    1.969370 
   44280.00     0.92428      1.2703    2.004850 
   44290.00     0.92179      1.3986    2.016330 
   44300.00     0.91933      1.3068    2.082970 
   44310.00     0.91690      1.2673    2.298960 
   44320.00     0.91449      1.3512    2.072570 
   44330.00     0.91206      1.1765    2.500000 
   44340.00     0.90973      1.1943    2.500000 
   44350.00     0.90736      1.2002    2.056770 
   44360.00     0.90499      1.2604    1.963270 
   44370.00     0.90270      1.3453    2.297500 
   44380.00     0.90046      1.3433    2.500000 
   44390.00     0.89817      1.2091    2.439820 
   44400.00     0.89593      1.2950    2.393930 
   44410.00     0.89374      1.0235    2.497940 
   44420.00     0.89154      1.1657    2.489360 
   44430.00     0.88936      1.3542    2.500000 
   44440.00     0.88728      1.1084    2.500000 
   44450.00     0.88516      1.0679    2.389760 
   44460.00     0.88308      1.1647    2.365750 
   44470.00     0.88108      1.2022    2.073130 
   44480.00     0.87906      1.1726    2.217770 
   44490.00     0.87705      1.2683    2.464400 
   44500.00     0.87507      1.2338    2.393350 
   44510.00     0.87324      1.2614    2.200120 
   44520.00     0.87135      1.1578    1.613050 
   44530.00     0.86944      1.2535    2.362820 
   44540.00     0.86761      1.1874    2.368920 
   44550.00     0.86588      1.1805    2.352940 
   44560.00     0.86408      1.1203    2.462580 
   44570.00     0.86235      1.1203    2.500000 
   44580.00     0.86064      1.1834    2.426770 
   44590.00     0.85904      1.3384    2.385430 
   44600.00     0.85738      1.1578    2.305100 
   44610.00     0.85576      1.2269    2.045930 
   44620.00     0.85422      1.2387    1.933850 
   44630.00     0.85272      1.2575    1.533660 
   44640.00     0.85131      1.1824    2.326800 
   44650.00     0.84983      1.2071    2.359010 
   44660.00     0.84844      1.3591    1.551430 
   44670.00     0.84705      1.3729    2.086910 
   44680.00     0.84570      1.3502    2.265330 
   44690.00     0.84449      1.2061    2.197050 
   44700.00     0.84324      1.5328    2.367330 
   44710.00     0.84200      1.3858    2.261320 
   44720.00     0.84081      1.4588    1.823440 
   44730.00     0.83963      1.4203    1.422580 
   44740.00     0.83855      1.2397    1.891020 
   44750.00     0.83761      1.4154    2.292140 
   44760.00     0.83657      1.2930    2.149270 
   44770.00     0.83557      1.2959    2.358710 
   44780.00     0.83461      1.4400    2.423800 
   44790.00     0.83368      1.3236    2.245130 
   44800.00     0.83285      1.2969    1.888800 
   44810.00     0.83198      1.4953    1.654490 
   44820.00     0.83125      1.4943    2.311810 
   44830.00     0.83054      1.5378    2.321320 
   44840.00     0.82988      1.4164    2.366410 
   44850.00     0.82921      1.3877    2.335270 
   44860.00     0.82861      1.4134    2.335200 
   44870.00     0.82809      1.6276    2.015160 
   44880.00     0.82751      1.4341    1.680930 
   44890.00     0.82705      1.3226    1.528300 
   44900.00     0.82661      1.4983    1.801330 
   44910.00     0.82620      1.3976    2.357650 
   44920.00     0.82582      1.2278    2.354830 
   44930.00     0.82555      1.4272    2.351540 
   44940.00     0.82532      1.3631    2.091670 
   44950.00     0.82511      1.4420    2.308270 
   44960.00     0.82491      1.4420    1.973730 
   44970.00     0.82476      1.2042    2.278580 
   44980.00     0.82466      1.4430    2.134000 
   44990.00     0.82470      1.2900    2.103510 
   45000.00     0.82468      1.6197    2.358590 
   45010.00     0.82468      1.4065    2.359010 
   45020.00     0.82478      1.4095    2.361690 
   45030.00     0.82491      1.3413    2.344140 
   45040.00     0.82505      1.6315    1.555630 
   45050.00     0.82526      1.3098    2.303510 
   45060.00     0.82551      1.3413    2.360500 
   45070.00     0.82580      1.4460    2.362900 
   45080.00     0.82615      1.3749    2.191350 
   45090.00     0.82659      1.6552    2.000540 
   45100.00     0.82699      1.2871    1.793910 
   45110.00     0.82746      1.4361    1.535100 
   45120.00     0.82803      1.3088    1.604500 
   45130.00     0.82855      1.3502    2.355490 
   45140.00     0.82915      1.4085    2.355350 
   45150.00     0.82981      1.3177    2.352660 
   45160.00     0.83046      1.5151    2.472700 
   45170.00     0.83116      1.4598    2.386990 
   45180.00     0.83193      1.3621    2.433810 
   45190.00     0.83277      1.5200    2.500000 
   45200.00     0.83356      1.4322    2.500000 
   45210.00     0.83447      1.4430    2.461950 
   45220.00     0.83543      1.4114    2.357150 
   45230.00     0.83645      1.4766    2.366000 
   45240.00     0.83750      1.3571    2.500000 
   45250.00     0.83844      1.5536    2.500000 
   45260.00     0.83954      1.4884    1.653170 
   45270.00     0.84069      1.4746    1.778110 
   45280.00     0.84185      1.4430    1.997500 
   45290.00     0.84310      1.1666    2.068260 
   45300.00     0.84437      1.3186    2.239030 
   45310.00     0.84559      1.4677    2.239120 
   45320.00     0.84690      1.6582    1.703140 
   45330.00     0.84827      1.4104    2.470970 
   45340.00     0.84967      1.6592    1.919400 
   45350.00     0.85114      1.4805    2.465160 
   45360.00     0.85256      1.4894    2.500000 
   45370.00     0.85407      1.5970    2.500000 
   45380.00     0.85563      1.7737    1.914350 
   45390.00     0.85721      1.5506    1.502300 
   45400.00     0.85884      1.5526    1.712620 
   45410.00     0.86044      1.5299    2.171660 
   45420.00     0.86218      1.6602    2.353940 
   45430.00     0.86391      1.5476    2.363980 
   45440.00     0.86566      1.4716    2.360840 
   45450.00     0.86742      1.5595    2.418690 
   45460.00     0.86923      1.5634    2.368350 
   45470.00     0.87112      1.6039    2.462440 
   45480.00     0.87304      1.3611    2.415140 
   45490.00     0.87487      1.2861    2.361490 
   45500.00     0.87684      1.3956    2.409910 
   45510.00     0.87884      1.5012    2.448030 
   45520.00     0.88085      1.3867    2.385140 
   45530.00     0.88283      1.5091    2.489920 
   45540.00     0.88495      1.3423    2.355960 
   45550.00     0.88709      1.5674    2.355370 
   45560.00     0.88915      1.4282    2.351970 
   45570.00     0.89129      1.5111    2.461360 
   45580.00     0.89349      1.5259    2.489220 
   45590.00     0.89568      1.3700    2.491720 
   45600.00     0.89790      1.4697    2.444530 
   45610.00     0.90021      1.5259    2.407100 
   45620.00     0.90249      1.4766    2.500000 
   45630.00     0.90474      1.3453    2.500000 
   45640.00     0.90709      1.3463    2.500000 
   45650.00     0.90946      1.5032    2.500000 
   45660.00     0.91181      1.4924    1.983100 
   45670.00     0.91422      1.4351    2.352740 
   45680.00     0.91665      1.5763    2.500000 
   45690.00     0.91902      1.4805    2.191560 
   45700.00     0.92152      1.6434    1.932020 
   45710.00     0.92401      1.6078    1.958940 
   45720.00     0.92647      1.6878    1.965330 
   45730.00     0.92900      1.6720    1.927100 
   45740.00     0.93152      1.7095    1.929320 
   45750.00     0.93401      1.7233    1.962670 
   45760.00     0.93665      1.8822    1.965070 
   45770.00     0.93921      1.7885    1.957270 
   45780.00     0.94179      1.8181    1.920330 
   45790.00     0.94443      2.0451    1.921140 
   45800.00     0.94701      2.0905    1.952260 
   45810.00     0.94963      2.0638    1.973620 
   45820.00     0.95231      1.9819    1.970960 
   45830.00     0.95493      2.0244    1.951350 
   45840.00     0.95763      2.1625    2.002720 
   45850.00     0.96033      2.2178    1.988670 
   45860.00     0.96301      2.1991    1.983590 
   45870.00     0.96572      2.1813    2.000380 
   45880.00     0.96840      2.1961    2.017560 
   45890.00     0.97112      2.1823    2.028210 
   45900.00     0.97389      2.3718    2.037620 
   45910.00     0.97655      2.3570    2.043980 
   45920.00     0.97929      2.3708    2.041890 
   45930.00     0.98202      2.3747    2.039360 
   45940.00     0.98476      2.6363    2.011110 
   45950.00     0.98757      2.6580    2.023320 
   45960.00     0.99031      2.5672    2.020060 
   45970.00     0.99304      2.6077    2.030720 
   45980.00     0.99582      2.7153    2.055520 
   45990.00     0.99854      2.8179    2.069950 
   46000.00     1.00123      2.7932    2.074850 
   46010.00     1.00399      3.0736    2.083110 
   46020.00     1.00674      3.1476    2.094770 
   46030.00     1.00954      3.1308    2.094350 
   46040.00     1.01224      3.3252    2.093850 
   46050.00     1.01497      3.3470    2.097320 
   46060.00     1.01776      3.4999    2.096500 
   46070.00     1.02048      3.5513    2.092070 
   46080.00     1.02324      3.7279    2.096000 
   46090.00     1.02595      3.8069    2.110220 
   46100.00     1.02865      3.8760    2.110860 
   46110.00     1.03139      3.9382    2.101510 
   46120.00     1.03408      4.2037    2.109890 
   46130.00     1.03680      4.3942    2.133590 
   46140.00     1.03954      4.3369    2.129350 
   46150.00     1.04216      4.6153    2.135930 
   46160.00     1.04484      4.7357    2.138560 
   46170.00     1.04753      4.9370    2.139680 
   46180.00     1.05019      5.1798    2.137980 
   46190.00     1.05289      5.4651    2.138210 
   46200.00     1.05545      5.5381    2.136900 
   46210.00     1.05807      5.7296    2.133960 
   46220.00     1.06069      5.9171    2.132530 
   46230.00     1.06322      6.2103    2.130300 
   46240.00     1.06582      6.3406    2.123180 
   46250.00     1.06840      6.8291    2.130430 
   46260.00     1.07087      7.0463    2.134780 
   46270.00     1.07343      7.0867    2.136770 
   46280.00     1.07590      7.3345    2.139500 
   46290.00     1.07830      7.4470    2.141850 
   46300.00     1.08081      7.7520    2.146200 
   46310.00     1.08329      8.1675    2.150660 
   46320.00     1.08568      8.5041    2.152420 
   46330.00     1.08809      8.7183    2.154440 
   46340.00     1.09050      9.0894    2.161150 
   46350.00     1.09276      9.2226    2.168580 
   46360.00     1.09513      9.6727    2.178230 
   46370.00     1.09746      9.9777    2.183580 
   46380.00     1.09973     10.2708    2.187420 
   46390.00     1.10200     10.9538    2.191860 
   46400.00     1.10426     10.8127    2.194510 
   46410.00     1.10640     11.0910    2.195950 
   46420.00     1.10859     11.6082    2.198150 
   46430.00     1.11081     11.8836    2.199930 
   46440.00     1.11293     12.0859    2.201190 
   46450.00     1.11497     12.3465    2.203220 
   46460.00     1.11705     12.9219    2.203650 
   46470.00     1.11911     13.3839    2.206210 
   46480.00     1.12106     13.4845    2.208910 
   46490.00     1.12308     13.8714    2.211450 
   46500.00     1.12507     14.1804    2.214660 
   46510.00     1.12697     14.3847    2.219320 
   46520.00     1.12881     14.7074    2.225320 
   46530.00     1.13067     15.1605    2.231390 
   46540.00     1.13252     15.1249    2.236430 
   46550.00     1.13435     15.5484    2.238010 
   46560.00     1.13607     15.8346    2.241050 
   46570.00     1.13780     16.1643    2.243900 
   46580.00     1.13950     16.5077    2.244300 
   46590.00     1.14118     16.6509    2.245110 
   46600.00     1.14274     16.9568    2.247130 
   46610.00     1.14432     17.3822    2.247620 
   46620.00     1.14592     17.5520    2.246990 
   46630.00     1.14748     17.7810    2.248920 
   46640.00     1.14894     17.8935    2.249420 
   46650.00     1.15031     18.0830    2.250980 
   46660.00     1.15173     18.3584    2.251710 
   46670.00     1.15314     18.5291    2.253570 
   46680.00     1.15449     18.5538    2.254330 
   46690.00     1.15578     19.0710    2.254970 
   46700.00     1.15697     19.0325    2.256680 
   46710.00     1.15819     19.1184    2.258680 
   46720.00     1.15938     19.4352    2.260220 
   46730.00     1.16054     19.4244    2.261970 
   46740.00     1.16168     19.7639    2.264230 
   46750.00     1.16274     19.9327    2.267460 
   46760.00     1.16370     20.0353    2.270560 
   46770.00     1.16462     20.2002    2.272100 
   46780.00     1.16557     20.4064    2.274870 
   46790.00     1.16651     20.4913    2.277320 
   46800.00     1.16736     20.4815    2.278690 
   46810.00     1.16819     20.6226    2.279820 
   46820.00     1.16894     20.5910    2.281360 
   46830.00     1.16969     20.7035    2.282470 
   46840.00     1.17039     20.6532    2.282840 
   46850.00     1.17102     20.9750    2.284240 
   46860.00     1.17156     20.6147    2.284690 
   46870.00     1.17218     20.7252    2.284830 
   46880.00     1.17266     20.7233    2.286010 
   46890.00     1.17310     20.8950    2.287470 
   46900.00     1.17358     20.8190    2.288060 
   46910.00     1.17401     20.6532    2.288450 
   46920.00     1.17434     20.7144    2.289220 
   46930.00     1.17462     20.7124    2.289830 
   46940.00     1.17487     20.4627    2.290280 
   46950.00     1.17513     20.2692    2.291110 
   46960.00     1.17534     20.1765    2.290960 
   46970.00     1.17545     20.1330    2.291760 
   46980.00     1.17555     19.9218    2.291990 
   46990.00     1.17555     19.7649    2.292120 
   47000.00     1.17553     19.6208    2.292430 
   47010.00     1.17553     19.5181    2.292700 
   47020.00     1.17547     19.4184    2.292630 
   47030.00     1.17536     19.2773    2.292360 
   47040.00     1.17518     19.0148    2.292580 
   47050.00     1.17491     18.9170    2.293550 
   47060.00     1.17464     18.5716    2.293240 
   47070.00     1.17435     18.3229    2.293920 
   47080.00     1.17403     18.2607    2.293650 
   47090.00     1.17364     18.0218    2.292940 
   47100.00     1.17318     17.7366    2.293320 
   47110.00     1.17274     17.2717    2.293580 
   47120.00     1.17220     17.0299    2.293350 
   47130.00     1.17160     16.6558    2.293480 
   47140.00     1.17108     16.6015    2.293240 
   47150.00     1.17050     16.4387    2.293240 
   47160.00     1.16979     16.0152    2.292630 
   47170.00     1.16906     15.7112    2.292080 
   47180.00     1.16825     15.3737    2.293110 
   47190.00     1.16746     14.8881    2.292880 
   47200.00     1.16659     14.5071    2.292030 
   47210.00     1.16570     14.2297    2.291780 
   47220.00     1.16476     13.9820    2.292020 
   47230.00     1.16382     13.6543    2.291950 
   47240.00     1.16283     13.3167    2.291640 
   47250.00     1.16175     12.9733    2.291110 
   47260.00     1.16066     12.8617    2.291410 
   47270.00     1.15954     12.2054    2.290580 
   47280.00     1.15834     11.8737    2.289890 
   47290.00     1.15711     11.5362    2.289730 
   47300.00     1.15592     11.3259    2.288940 
   47310.00     1.15461     10.6775    2.287720 
   47320.00     1.15328     10.4939    2.286710 
   47330.00     1.15189     10.1188    2.285770 
   47340.00     1.15048      9.4881    2.284250 
   47350.00     1.14911      9.2335    2.283230 
   47360.00     1.14761      9.0381    2.280120 
   47370.00     1.14605      8.6511    2.273280 
   47380.00     1.14449      8.2642    2.272030 
   47390.00     1.14293      8.2119    2.268890 
   47400.00     1.14139      7.8606    2.265180 
   47410.00     1.13969      7.6829    2.262110 
   47420.00     1.13798      7.3690    2.260590 
   47430.00     1.13624      7.1529    2.259950 
   47440.00     1.13453      6.7827    2.257990 
   47450.00     1.13274      6.5893    2.256980 
   47460.00     1.13092      6.4975    2.254180 
   47470.00     1.12904      6.1876    2.253470 
   47480.00     1.12719      5.9497    2.253040 
   47490.00     1.12524      5.6921    2.251230 
   47500.00     1.12329      5.5233    2.249880 
   47510.00     1.12129      5.2154    2.248480 
   47520.00     1.11936      4.9469    2.247060 
   47530.00     1.11730      4.9508    2.245570 
   47540.00     1.11520      4.8058    2.243030 
   47550.00     1.11312      4.6962    2.241150 
   47560.00     1.11102      4.4652    2.237090 
   47570.00     1.10884      4.3290    2.231930 
   47580.00     1.10667      4.2126    2.222100 
   47590.00     1.10451      4.2145    2.216440 
   47600.00     1.10222      3.9757    2.211520 
   47610.00     1.09994      3.9253    2.207720 
   47620.00     1.09773      3.8227    2.204870 
   47630.00     1.09539      3.6144    2.202230 
   47640.00     1.09304      3.4812    2.200120 
   47650.00     1.09075      3.4506    2.198170 
   47660.00     1.08834      3.2818    2.195590 
   47670.00     1.08593      3.2019    2.193120 
   47680.00     1.08353      3.2502    2.190560 
   47690.00     1.08110      3.1298    2.186530 
   47700.00     1.07861      3.0755    2.180330 
   47710.00     1.07620      2.8811    2.171600 
   47720.00     1.07368      2.9521    2.164250 
   47730.00     1.07110      2.8840    2.160040 
   47740.00     1.06865      2.6639    2.156170 
   47750.00     1.06611      2.6274    2.153680 
   47760.00     1.06355      2.6235    2.152400 
   47770.00     1.06100      2.7301    2.148740 
   47780.00     1.05834      2.3639    2.147290 
   47790.00     1.05574      2.4507    2.147060 
   47800.00     1.05314      2.3432    2.141680 
   47810.00     1.05050      2.3965    2.134120 
   47820.00     1.04786      2.3609    2.125280 
   47830.00     1.04516      2.4774    2.118310 
   47840.00     1.04245      2.2099    2.116870 
   47850.00     1.03981      2.1329    2.112890 
   47860.00     1.03709      2.1221    2.111050 
   47870.00     1.03441      1.9247    2.112670 
   47880.00     1.03173      2.1783    2.114560 
   47890.00     1.02896      2.0629    2.119560 
   47900.00     1.02624      2.1418    2.127620 
   47910.00     1.02353      1.9928    2.131590 
   47920.00     1.02077      1.9316    2.130670 
   47930.00     1.01807      1.9257    2.131710 
   47940.00     1.01534      1.8447    2.135370 
   47950.00     1.01258      1.9395    2.126680 
   47960.00     1.00983      1.8200    2.131960 
   47970.00     1.00701      1.7115    2.124970 
   47980.00     1.00430      1.8872    2.113700 
   47990.00     1.00156      1.7855    2.109320 
   48000.00     0.99888      1.8793    2.102010 
   48010.00     0.99615      1.7490    2.096070 
   48020.00     0.99335      1.7598    2.092390 
   48030.00     0.99058      1.5920    2.090450 
   48040.00     0.98786      1.6661    2.085470 
   48050.00     0.98509      1.6039    2.064630 
   48060.00     0.98235      1.6424    2.055510 
   48070.00     0.97961      1.5289    2.061220 
   48080.00     0.97684      1.5082    2.051100 
   48090.00     0.97416      1.5792    2.028120 
   48100.00     0.97141      1.5575    2.042830 
   48110.00     0.96873      1.5368    2.036540 
   48120.00     0.96605      1.5230    2.019480 
   48130.00     0.96331      1.3838    2.018060 
   48140.00     0.96062      1.4144    2.020630 
   48150.00     0.95792      1.4578    2.015650 
   48160.00     0.95522      1.5545    2.012790 
   48170.00     0.95262      1.5812    2.017210 
   48180.00     0.94998      1.7115    1.996550 
   48190.00     0.94732      1.6532    1.977800 
   48200.00     0.94470      1.4785    2.014260 
   48210.00     0.94206      1.5486    2.005230 
   48220.00     0.93948      1.8122    1.980070 
   48230.00     0.93694      1.6276    1.975000 
   48240.00     0.93435      1.2950    1.973070 
   48250.00     0.93181      1.3917    1.980250 
   48260.00     0.92927      1.3492    1.966800 
   48270.00     0.92674      1.5901    2.016140 
   48280.00     0.92428      1.4549    2.033760 
   48290.00     0.92179      1.5891    1.990140 
   48300.00     0.91933      1.1943    1.932580 
   48310.00     0.91694      1.4677    1.945410 
   48320.00     0.91449      1.4924    1.925770 
   48330.00     0.91204      1.5417    2.091070 
   48340.00     0.90971      1.4549    2.366150 
   48350.00     0.90736      1.4568    1.936340 
   48360.00     0.90503      1.5950    1.905540 
   48370.00     0.90274      1.5387    2.497860 
   48380.00     0.90046      1.3453    2.483360 
   48390.00     0.89815      1.3532    2.047320 
   48400.00     0.89593      1.3078    1.954430 
   48410.00     0.89376      1.3877    2.197480 
   48420.00     0.89154      1.4065    2.428060 
   48430.00     0.88938      1.4144    2.495280 
   48440.00     0.88730      1.2851    2.466130 
   48450.00     0.88514      1.2989    2.382790 
   48460.00     0.88306      1.1390    2.491820 
   48470.00     0.88108      1.1449    2.090910 
   48480.00     0.87908      1.3946    2.337340 
   48490.00     0.87707      1.1972    2.472740 
   48500.00     0.87509      1.4430    2.437010 
   48510.00     0.87324      1.3877    1.895830 
   48520.00     0.87131      1.3867    1.925230 
   48530.00     0.86944      1.3325    2.189990 
   48540.00     0.86763      1.3137    2.052900 
   48550.00     0.86590      1.2811    2.412980 
   48560.00     0.86410      1.2713    1.935180 
   48570.00     0.86233      1.3502    2.357640 
   48580.00     0.86062      1.4065    2.352980 
   48590.00     0.85904      1.4223    2.356330 
   48600.00     0.85742      1.5012    2.457870 
   48610.00     0.85582      1.5160    1.933470 
   48620.00     0.85422      1.4391    2.014400 
   48630.00     0.85270      1.2535    2.437060 
   48640.00     0.85129      1.4341    2.326650 
   48650.00     0.84983      1.3611    2.320250 
   48660.00     0.84844      1.1282    2.345120 
   48670.00     0.84709      1.3344    1.901550 
   48680.00     0.84570      1.2032    2.329400 
   48690.00     0.84447      1.2199    1.692270 
   48700.00     0.84322      1.1755    1.821520 
   48710.00     0.84200      1.2150    2.034680 
   48720.00     0.84083      1.3344    1.706360 
   48730.00     0.83967      1.3848    1.762870 
   48740.00     0.83855      1.1805    2.460510 
   48750.00     0.83757      1.4539    2.359530 
   48760.00     0.83655      1.4075    2.357930 
   48770.00     0.83555      1.2851    2.069400 
   48780.00     0.83462      1.2032    1.569470 
   48790.00     0.83372      1.4055    2.013070 
   48800.00     0.83285      1.5309    2.132580 
   48810.00     0.83198      1.3344    2.242520 
   48820.00     0.83125      1.3522    2.334090 
   48830.00     0.83054      1.3996    2.356840 
   48840.00     0.82990      1.1736    2.123190 
   48850.00     0.82923      1.3285    1.709570 
   48860.00     0.82863      1.3986    2.495320 
   48870.00     0.82807      1.3759    2.427980 
   48880.00     0.82750      1.2515    2.375370 
   48890.00     0.82703      1.3601    2.109730 
   48900.00     0.82663      1.2861    1.507020 
   48910.00     0.82624      1.2496    1.795980 
   48920.00     0.82582      1.1548    2.211100 
   48930.00     0.82553      1.2357    2.008230 
   48940.00     0.82528      1.4203    1.646910 
   48950.00     0.82511      1.2051    1.982690 
   48960.00     0.82493      1.1745    2.362020 
   48970.00     0.82482      1.2959    2.391660 
   48980.00     0.82468      1.4144    2.346900 
   48990.00     0.82468      1.2565    2.353940 
   49000.00     0.82468      1.5062    2.360650 
   49010.00     0.82468      1.3344    2.199730 
   49020.00     0.82480      1.3650    1.809990 
   49030.00     0.82491      1.3650    1.773690 
   49040.00     0.82505      1.2693    1.925770 
   49050.00     0.82524      1.1657    1.701010 
   49060.00     0.82551      1.3927    2.374710 
   49070.00     0.82580      1.2644    2.366330 
   49080.00     0.82620      1.4440    1.569650 
   49090.00     0.82661      1.3473    2.253910 
   49100.00     0.82699      1.3838    1.751350 
   49110.00     0.82744      1.3581    1.392160 
   49120.00     0.82802      1.3127    1.943800 
   49130.00     0.82855      1.2683    2.436120 
   49140.00     0.82915      1.2772    2.097410 
   49150.00     0.82983      1.1509    1.714240 
   49160.00     0.83044      1.2130    2.357580 
   49170.00     0.83116      1.2377    2.373050 
   49180.00     0.83191      1.3413    2.357720 
   49190.00     0.83277      1.4055    2.386050 
   49200.00     0.83360      1.1094    2.365740 
   49210.00     0.83453      1.3226    1.826640 
   49220.00     0.83543      1.1262    1.994700 
   49230.00     0.83642      1.2407    2.356870 
   49240.00     0.83748      1.1548    2.363160 
   49250.00     0.83844      1.2081    2.154730 
   49260.00     0.83956      1.2209    1.364100 
   49270.00     0.84071      1.2831    1.865840 
   49280.00     0.84185      1.2821    2.354720 
   49290.00     0.84308      1.2515    2.401740 
   49300.00     0.84434      1.2042    2.374630 
   49310.00     0.84559      1.2673    2.364810 
   49320.00     0.84694      1.1736    2.439160 
   49330.00     0.84830      1.3078    2.324970 
   49340.00     0.84969      1.4045    2.190540 
   49350.00     0.85112      1.3453    2.352380 
   49360.00     0.85256      1.2989    2.335870 
   49370.00     0.85405      1.3532    2.102760 
   49380.00     0.85565      1.5180    2.365720 
   49390.00     0.85724      1.3719    2.355940 
   49400.00     0.85884      1.3956    1.531480 
   49410.00     0.86042      1.3186    2.111950 
   49420.00     0.86216      1.3789    2.443270 
   49430.00     0.86393      1.3029    2.376640 
   49440.00     0.86570      1.2782    2.400800 
   49450.00     0.86744      1.4085    2.405630 
   49460.00     0.86925      1.3413    2.138330 
   49470.00     0.87112      1.3591    2.350340 
   49480.00     0.87303      1.4489    1.918180 
   49490.00     0.87487      1.3976    1.880420 
   49500.00     0.87686      1.5871    2.051130 
   49510.00     0.87886      1.4440    2.373250 
   49520.00     0.88085      1.4450    2.500000 
   49530.00     0.88281      1.4400    2.439540 
   49540.00     0.88493      1.4243    2.417030 
   49550.00     0.88709      1.3413    2.495480 
   49560.00     0.88915      1.5111    2.484030 
   49570.00     0.89131      1.6463    2.496890 
   49580.00     0.89349      1.3966    2.375640 
   49590.00     0.89568      1.4539    2.489430 
   49600.00     0.89790      1.3275    2.390140 
   49610.00     0.90021      1.4075    2.458110 
   49620.00     0.90249      1.3601    2.500000 
   49630.00     0.90476      1.4341    2.499280 
   49640.00     0.90709      1.3581    2.282920 
   49650.00     0.90942      1.3966    1.900340 
   49660.00     0.91179      1.3956    1.988850 
   49670.00     0.91422      1.2377    2.500000 
   49680.00     0.91667      1.3729    2.500000 
   49690.00     0.91906      1.2693    1.951090 
   49700.00     0.92152      1.3956    2.390220 
   49710.00     0.92401      1.3581    2.130650 
   49720.00     0.92644      1.4371    1.966180 
   49730.00     0.92900      1.7421    1.944730 
   49740.00     0.93154      1.6118    1.929630 
   49750.00     0.93405      1.5220    1.943740 
   49760.00     0.93665      1.5940    1.964960 
   49770.00     0.93921      1.6809    1.946340 
   49780.00     0.94177      1.6187    1.912380 
   49790.00     0.94443      1.5822    1.921510 
   49800.00     0.94703      1.7983    1.968600 
   49810.00     0.94967      1.7302    1.974420 
   49820.00     0.95233      1.8122    1.972990 
   49830.00     0.95491      1.7737    1.988370 
   49840.00     0.95761      1.8092    1.997210 
   49850.00     0.96033      1.9493    1.984720 
   49860.00     0.96301      1.9957    1.981690 
   49870.00     0.96574      1.8566    1.993900 
   49880.00     0.96842      2.0796    2.015530 
   49890.00     0.97110      2.0796    2.020550 
   49900.00     0.97385      2.1132    2.037920 
   49910.00     0.97655      2.0392    2.041390 
   49920.00     0.97931      1.8793    2.042410 
   49930.00     0.98206      2.1546    2.030410 
   49940.00     0.98476      2.1438    2.019870 
   49950.00     0.98755      2.3343    2.022170 
   49960.00     0.99029      2.1734    2.021790 
   49970.00     0.99304      2.4952    2.031280 
   49980.00     0.99584      2.5307    2.053680 
   49990.00     0.99857      2.5909    2.058050 
   50000.00     1.00123      2.7666    2.070760 
   50010.00     1.00399      2.8140    2.084610 
   50020.00     1.00672      2.9906    2.091640 
   50030.00     1.00954      2.9354    2.092970 
   50040.00     1.01227      3.0035    2.092220 
   50050.00     1.01501      3.3430    2.092980 
   50060.00     1.01778      3.1723    2.095660 
   50070.00     1.02046      3.3805    2.093210 
   50080.00     1.02324      3.4999    2.095180 
   50090.00     1.02595      3.7131    2.110350 
   50100.00     1.02867      3.8049    2.102810 
   50110.00     1.03141      4.0082    2.104040 
   50120.00     1.03408      4.1366    2.119700 
   50130.00     1.03678      4.2076    2.125850 
   50140.00     1.03952      4.5837    2.127480 
   50150.00     1.04216      4.6389    2.135130 
   50160.00     1.04487      4.6705    2.140370 
   50170.00     1.04757      4.6399    2.137370 
   50180.00     1.05019      4.9400    2.138210 
   50190.00     1.05285      5.0772    2.138210 
   50200.00     1.05545      5.5194    2.135310 
   50210.00     1.05805      5.3437    2.132550 
   50220.00     1.06071      5.6645    2.131310 
   50230.00     1.06326      6.0899    2.126350 
   50240.00     1.06582      6.2912    2.124460 
   50250.00     1.06838      6.5913    2.130270 
   50260.00     1.07085      6.5014    2.135950 
   50270.00     1.07341      6.7739    2.135180 
   50280.00     1.07593      7.0344    2.138210 
   50290.00     1.07834      7.2802    2.142870 
   50300.00     1.08081      7.6592    2.146820 
   50310.00     1.08326      7.8448    2.149240 
   50320.00     1.08565      7.9780    2.152030 
   50330.00     1.08807      8.3333    2.157080 
   50340.00     1.09050      8.8209    2.162180 
   50350.00     1.09277      9.1131    2.165800 
   50360.00     1.09513      9.3934    2.172080 
   50370.00     1.09744      9.9096    2.186330 
   50380.00     1.09971     10.1800    2.189330 
   50390.00     1.10198     10.4761    2.191300 
   50400.00     1.10426     10.7930    2.195370 
   50410.00     1.10642     10.9667    2.196840 
   50420.00     1.10859     11.4977    2.198130 
   50430.00     1.11079     11.6832    2.200500 
   50440.00     1.11291     12.0455    2.202400 
   50450.00     1.11495     12.6160    2.203120 
   50460.00     1.11707     12.8894    2.204240 
   50470.00     1.11913     13.3582    2.207040 
   50480.00     1.12108     13.3177    2.209480 
   50490.00     1.12306     13.8468    2.210540 
   50500.00     1.12503     14.1606    2.214360 
   50510.00     1.12697     14.5999    2.220440 
   50520.00     1.12884     14.8910    2.226720 
   50530.00     1.13069     14.9591    2.232930 
   50540.00     1.13252     15.3895    2.237400 
   50550.00     1.13435     15.4408    2.240020 
   50560.00     1.13605     15.7152    2.242360 
   50570.00     1.13780     16.2107    2.244190 
   50580.00     1.13950     16.5719    2.244730 
   50590.00     1.14118     16.6844    2.245640 
   50600.00     1.14274     16.8877    2.246880 
   50610.00     1.14430     17.2085    2.247980 
   50620.00     1.14588     17.4267    2.248440 
   50630.00     1.14748     17.7070    2.249400 
   50640.00     1.14896     18.0435    2.249990 
   50650.00     1.15033     18.0998    2.250500 
   50660.00     1.15173     18.3574    2.251890 
   50670.00     1.15312     18.4304    2.253080 
   50680.00     1.15445     18.5943    2.254810 
   50690.00     1.15576     18.8618    2.255400 
   50700.00     1.15697     18.9930    2.256790 
   50710.00     1.15821     19.0848    2.259750 
   50720.00     1.15940     19.3059    2.260120 
   50730.00     1.16052     19.4076    2.262630 
   50740.00     1.16164     19.6761    2.265790 
   50750.00     1.16272     19.5517    2.268960 
   50760.00     1.16372     19.8596    2.272030 
   50770.00     1.16466     19.8744    2.272420 
   50780.00     1.16557     19.9830    2.277330 
   50790.00     1.16649     20.1804    2.276000 
   50800.00     1.16736     20.2663    2.278260 
   50810.00     1.16819     20.4064    2.280310 
   50820.00     1.16898     20.4124    2.281270 
   50830.00     1.16971     20.3778    2.282220 
   50840.00     1.17039     20.4124    2.282570 
   50850.00     1.17102     20.5367    2.283310 
   50860.00     1.17154     20.3591    2.285050 
   50870.00     1.17218     20.4854    2.285840 
   50880.00     1.17270     20.5703    2.287150 
   50890.00     1.17314     20.6058    2.287450 
   50900.00     1.17358     20.5190    2.288160 
   50910.00     1.17399     20.3206    2.288460 
   50920.00     1.17432     20.1311    2.289380 
   50930.00     1.17461     20.1459    2.289730 
   50940.00     1.17487     20.1024    2.289960 
   50950.00     1.17514     20.0166    2.290540 
   50960.00     1.17532     19.9287    2.290980 
   50970.00     1.17543     19.9554    2.290670 
   50980.00     1.17553     19.7066    2.290870 
   50990.00     1.17557     19.5813    2.292180 
   51000.00     1.17559     19.5665    2.291890 
   51010.00     1.17557     19.2112    2.291870 
   51020.00     1.17547     19.1895    2.291870 
   51030.00     1.17534     18.8874    2.292150 
   51040.00     1.17516     18.5933    2.292480 
   51050.00     1.17489     18.4492    2.292990 
   51060.00     1.17466     18.2972    2.293290 
   51070.00     1.17437     18.0287    2.292630 
   51080.00     1.17403     17.5451    2.292640 
   51090.00     1.17362     17.5846    2.292790 
   51100.00     1.17316     17.3102    2.293370 
   51110.00     1.17274     17.1177    2.293400 
   51120.00     1.17224     16.8779    2.292840 
   51130.00     1.17162     16.5986    2.293210 
   51140.00     1.17108     16.3952    2.293000 
   51150.00     1.17046     15.9945    2.292600 
   51160.00     1.16977     15.8020    2.292920 
   51170.00     1.16904     15.4240    2.293220 
   51180.00     1.16827     15.2000    2.293030 
   51190.00     1.16748     14.9739    2.292330 
   51200.00     1.16657     14.4479    2.292770 
   51210.00     1.16566     14.0994    2.292010 
   51220.00     1.16474     13.6622    2.292440 
   51230.00     1.16382     13.1736    2.291570 
   51240.00     1.16285     12.9989    2.291110 
   51250.00     1.16179     12.7956    2.291320 
   51260.00     1.16067     12.5577    2.291180 
   51270.00     1.15952     11.9626    2.290530 
   51280.00     1.15830     11.5233    2.289940 
   51290.00     1.15709     11.3950    2.288820 
   51300.00     1.15592     11.0733    2.288220 
   51310.00     1.15462     11.1473    2.287940 
   51320.00     1.15328     10.3616    2.286870 
   51330.00     1.15187     10.1563    2.285550 
   51340.00     1.15046      9.5641    2.283870 
   51350.00     1.14911      9.1595    2.281830 
   51360.00     1.14765      8.8851    2.279240 
   51370.00     1.14609      8.4705    2.275880 
   51380.00     1.14451      8.2662    2.272530 
   51390.00     1.14289      8.0935    2.268520 
   51400.00     1.14135      7.7579    2.266270 
   51410.00     1.13967      7.3187    2.263180 
   51420.00     1.13798      6.9663    2.261210 
   51430.00     1.13624      6.9298    2.258840 
   51440.00     1.13455      6.6317    2.257090 
   51450.00     1.13272      6.3721    2.256140 
   51460.00     1.13089      6.3475    2.254970 
   51470.00     1.12902      5.9990    2.253450 
   51480.00     1.12719      5.9566    2.253250 
   51490.00     1.12526      5.6190    2.250520 
   51500.00     1.12329      5.4098    2.250220 
   51510.00     1.12129      5.3091    2.248460 
   51520.00     1.11933      5.0594    2.247530 
   51530.00     1.11728      4.8630    2.245690 
   51540.00     1.11522      4.8660    2.243780 
   51550.00     1.11314      4.6419    2.241330 
   51560.00     1.11102      4.2876    2.237210 
   51570.00     1.10882      4.2224    2.230940 
   51580.00     1.10663      4.1642    2.223300 
   51590.00     1.10451      3.9915    2.215400 
   51600.00     1.10225      3.9698    2.210540 
   51610.00     1.09998      3.6964    2.207400 
   51620.00     1.09773      3.6885    2.204280 
   51630.00     1.09538      3.7477    2.201670 
   51640.00     1.09303      3.7082    2.199830 
   51650.00     1.09073      3.4555    2.198000 
   51660.00     1.08836      3.2246    2.195620 
   51670.00     1.08595      3.1397    2.193110 
   51680.00     1.08353      3.1693    2.191060 
   51690.00     1.08108      3.0430    2.187980 
   51700.00     1.07859      3.0627    2.179570 
   51710.00     1.07620      2.9245    2.169760 
   51720.00     1.07372      2.9038    2.164000 
   51730.00     1.07114      2.6738    2.159330 
   51740.00     1.06865      2.8534    2.155640 
   51750.00     1.06609      2.8426    2.153100 
   51760.00     1.06351      2.8130    2.151040 
   51770.00     1.06100      2.3659    2.148680 
   51780.00     1.05834      2.3669    2.146850 
   51790.00     1.05574      2.6166    2.148290 
   51800.00     1.05314      2.3570    2.141110 
   51810.00     1.05046      2.2139    2.135670 
   51820.00     1.04784      2.1073    2.126070 
   51830.00     1.04514      1.9878    2.117930 
   51840.00     1.04247      2.0451    2.114440 
   51850.00     1.03983      2.1349    2.113370 
   51860.00     1.03711      2.1290    2.112610 
   51870.00     1.03439      1.8260    2.112430 
   51880.00     1.03171      2.1142    2.114130 
   51890.00     1.02896      1.8724    2.119040 
   51900.00     1.02626      1.8339    2.120510 
   51910.00     1.02356      1.8270    2.129640 
   51920.00     1.02077      1.6641    2.130680 
   51930.00     1.01805      1.7983    2.136400 
   51940.00     1.01532      1.8161    2.132490 
   51950.00     1.01258      1.8309    2.127470 
   51960.00     1.00987      1.6750    2.128750 
   51970.00     1.00705      1.8862    2.126970 
   51980.00     1.00430      1.7796    2.112570 
   51990.00     1.00154      1.6049    2.108640 
   52000.00     0.99886      1.8832    2.101900 
   52010.00     0.99613      1.7213    2.092480 
   52020.00     0.99337      1.5842    2.092450 
   52030.00     0.99060      1.7026    2.097720 
   52040.00     0.98788      1.5703    2.081630 
   52050.00     0.98505      1.6858    2.063960 
   52060.00     0.98233      1.5151    2.072420 
   52070.00     0.97963      1.6296    2.084000 
   52080.00     0.97688      1.5012    2.050990 
   52090.00     0.97418      1.6720    2.033010 
   52100.00     0.97143      1.6434    2.080990 
   52110.00     0.96869      1.5121    2.013870 
   52120.00     0.96603      1.5230    2.014780 
   52130.00     0.96329      1.4203    2.019570 
   52140.00     0.96064      1.3216    2.026840 
   52150.00     0.95794      1.5634    2.019160 
   52160.00     0.95522      1.3542    2.014770 
   52170.00     0.95260      1.5012    2.020450 
   52180.00     0.94994      1.5506    2.002290 
   52190.00     0.94730      1.3700    1.977500 
   52200.00     0.94472      1.3019    1.960140 
   52210.00     0.94208      1.2959    1.994240 
   52220.00     0.93950      1.4983    1.982650 
   52230.00     0.93692      1.3532    1.976990 
   52240.00     0.93430      1.4687    1.933380 
   52250.00     0.93179      1.6276    1.938550 
   52260.00     0.92929      1.4450    1.969390 
   52270.00     0.92674      1.3177    1.992140 
   52280.00     0.92428      1.4933    2.018140 
   52290.00     0.92177      1.4272    1.911340 
   52300.00     0.91929      1.5911    1.974490 
   52310.00     0.91694      1.4272    2.010520 
   52320.00     0.91451      1.4924    1.913260 
   52330.00     0.91208      1.5437    2.343090 
   52340.00     0.90971      1.5980    2.398070 
   52350.00     0.90734      1.4795    2.129350 
   52360.00     0.90499      1.4924    1.921830 
   52370.00     0.90272      1.3384    2.078090 
   52380.00     0.90046      1.3966    2.474260 
   52390.00     0.89817      1.4006    2.328090 
   52400.00     0.89593      1.3374    1.909330 
   52410.00     0.89374      1.4381    2.485230 
   52420.00     0.89152      1.3413    2.500000 
   52430.00     0.88938      1.3256    2.044750 
   52440.00     0.88732      1.3739    2.196810 
   52450.00     0.88518      1.1380    2.438480 
   52460.00     0.88308      1.4430    2.235540 
   52470.00     0.88106      1.3295    2.027710 
   52480.00     0.87906      1.1696    2.383060 
   52490.00     0.87707      1.1084    2.448580 
   52500.00     0.87509      1.3907    1.928710 
   52510.00     0.87324      1.3038    2.392870 
   52520.00     0.87131      1.2811    2.363760 
   52530.00     0.86942      1.3838    2.360330 
   52540.00     0.86761      1.3127    2.452040 
   52550.00     0.86590      1.4479    2.500000 
   52560.00     0.86412      1.4312    2.296090 
   52570.00     0.86235      1.4045    2.135940 
   52580.00     0.86064      1.3019    2.259220 
   52590.00     0.85904      1.4302    1.944460 
   52600.00     0.85740      1.1805    2.500000 
   52610.00     0.85578      1.4598    2.500000 
   52620.00     0.85422      1.4618    2.115810 
   52630.00     0.85272      1.4539    2.077590 
   52640.00     0.85129      1.2841    1.952390 
   52650.00     0.84983      1.4104    2.223760 
   52660.00     0.84844      1.3078    2.454950 
   52670.00     0.84707      1.1943    2.115960 
   52680.00     0.84574      1.2318    1.550270 
   52690.00     0.84451      1.3611    1.619380 
   52700.00     0.84324      1.3690    2.367250 
   52710.00     0.84198      1.4065    2.358860 
   52720.00     0.84081      1.3117    1.557760 
   52730.00     0.83965      1.3976    2.272030 
   52740.00     0.83857      1.3058    2.404100 
   52750.00     0.83759      1.3719    2.347730 
   52760.00     0.83655      1.2979    2.211420 
   52770.00     0.83553      1.4075    2.207340 
   52780.00     0.83461      1.3877    2.465720 
   52790.00     0.83370      1.4341    2.353560 
   52800.00     0.83285      1.4460    2.345310 
   52810.00     0.83200      1.3858    2.077330 
   52820.00     0.83125      1.3423    2.334040 
   52830.00     0.83052      1.3433    1.994040 
   52840.00     0.82988      1.2417    2.208930 
   52850.00     0.82923      1.3374    2.357710 
   52860.00     0.82863      1.3344    2.347020 
   52870.00     0.82809      1.3265    2.340850 
   52880.00     0.82750      1.4381    2.360620 
   52890.00     0.82703      1.2111    2.248100 
   52900.00     0.82663      1.3167    1.477690 
   52910.00     0.82624      1.4588    2.091980 
   52920.00     0.82586      1.4065    2.343570 
   52930.00     0.82555      1.3216    2.176760 
   52940.00     0.82530      1.4608    2.287350 
   52950.00     0.82509      1.4598    2.084890 
   52960.00     0.82491      1.4864    1.975940 
   52970.00     0.82480      1.3700    2.181100 
   52980.00     0.82470      1.5575    2.364580 
   52990.00     0.82468      1.2861    2.282020 
   53000.00     0.82466      1.3789    1.922100 
   53010.00     0.82466      1.4894    2.364500 
   53020.00     0.82476      1.4509    2.356080 
   53030.00     0.82491      1.1834    2.361030 
   53040.00     0.82507      1.3877    2.347520 
   53050.00     0.82528      1.2663    2.346830 
   53060.00     0.82551      1.3088    2.355600 
   53070.00     0.82580      1.2071    2.363130 
   53080.00     0.82617      1.2880    2.150050 
   53090.00     0.82659      1.3127    1.656320 
   53100.00     0.82701      1.2811    2.341440 
   53110.00     0.82746      1.5782    1.924440 
   53120.00     0.82802      1.3483    2.338840 
   53130.00     0.82854      1.2575    2.370680 
   53140.00     0.82915      1.2565    2.363910 
   53150.00     0.82983      1.3384    1.861590 
   53160.00     0.83048      1.3562    1.817600 
   53170.00     0.83118      1.3078    1.894420 
   53180.00     0.83189      1.3798    1.766960 
   53190.00     0.83276      1.3838    2.357820 
   53200.00     0.83358      1.1696    2.360550 
   53210.00     0.83451      1.3552    2.500000 
   53220.00     0.83543      1.3463    2.113450 
   53230.00     0.83644      1.2456    2.323960 
   53240.00     0.83748      1.3443    2.372240 
   53250.00     0.83842      1.4312    2.368190 
   53260.00     0.83954      1.2624    2.362520 
   53270.00     0.84071      1.2663    2.414270 
   53280.00     0.84187      1.0689    2.375590 
   53290.00     0.84310      1.2831    2.058710 
   53300.00     0.84435      1.3779    2.098680 
   53310.00     0.84557      1.2634    2.500000 
   53320.00     0.84690      1.3374    1.606130 
   53330.00     0.84829      1.4983    2.342530 
   53340.00     0.84969      1.3137    2.499550 
   53350.00     0.85114      1.3236    2.384890 
   53360.00     0.85256      1.5457    2.086960 
   53370.00     0.85405      1.6296    1.971440 
   53380.00     0.85561      1.3946    2.189940 
   53390.00     0.85724      1.3088    2.155200 
   53400.00     0.85888      1.3256    1.389580 
   53410.00     0.86046      1.3571    2.500000 
   53420.00     0.86218      1.2999    2.357320 
   53430.00     0.86391      1.2930    2.477710 
   53440.00     0.86566      1.4529    2.500000 
   53450.00     0.86742      1.3522    1.903220 
   53460.00     0.86925      1.2900    1.972790 
   53470.00     0.87112      1.3285    2.417720 
   53480.00     0.87301      1.6217    2.488460 
   53490.00     0.87486      1.3581    2.468850 
   53500.00     0.87684      1.2969    2.500000 
   53510.00     0.87884      1.1025    2.500000 
   53520.00     0.88089      1.2634    2.362500 
   53530.00     0.88285      1.5772    2.145000 
   53540.00     0.88493      1.3344    2.402570 
   53550.00     0.88707      1.4776    2.500000 
   53560.00     0.88913      1.2802    2.500000 
   53570.00     0.89129      1.2565    2.500000 
   53580.00     0.89351      1.5911    2.500000 
   53590.00     0.89570      1.2101    2.500000 
   53600.00     0.89790      1.4687    2.483590 
   53610.00     0.90019      1.3305    2.317660 
   53620.00     0.90249      1.4598    2.496350 
   53630.00     0.90476      1.3216    1.982600 
   53640.00     0.90711      1.4933    2.356450 
   53650.00     0.90948      1.3749    2.500000 
   53660.00     0.91181      1.3256    2.175270 
   53670.00     0.91422      1.5368    2.157230 
   53680.00     0.91665      1.5812    2.500000 
   53690.00     0.91904      1.4716    2.376440 
   53700.00     0.92152      1.4983    1.917530 
   53710.00     0.92403      1.5378    1.970670 
   53720.00     0.92645      1.5605    1.973250 
   53730.00     0.92896      1.6700    1.932850 
   53740.00     0.93152      1.7756    1.936620 
   53750.00     0.93405      1.6848    1.960440 
   53760.00     0.93669      1.7480    1.958110 
   53770.00     0.93923      1.7934    1.944410 
   53780.00     0.94177      1.7973    1.929260 
   53790.00     0.94441      1.6394    1.914740 
   53800.00     0.94701      1.8941    1.946720 
   53810.00     0.94965      1.7065    1.973880 
   53820.00     0.95235      1.8447    1.974180 
   53830.00     0.95495      1.5753    1.997000 
   53840.00     0.95763      1.8013    1.999610 
   53850.00     0.96031      2.0372    1.983870 
   53860.00     0.96299      2.0224    1.983940 
   53870.00     0.96574      2.1921    1.999660 
   53880.00     0.96842      2.1142    2.013850 
   53890.00     0.97112      2.1132    2.021390 
   53900.00     0.97387      2.1438    2.032900 
   53910.00     0.97655      2.1714    2.048280 
   53920.00     0.97931      2.1645    2.042690 
   53930.00     0.98206      2.4014    2.039260 
   53940.00     0.98480      2.4675    2.029300 
   53950.00     0.98757      2.5791    2.019670 
   53960.00     0.99029      2.2770    2.019780 
   53970.00     0.99303      2.4942    2.035880 
   53980.00     0.99582      2.6235    2.053570 
   53990.00     0.99859      2.7607    2.060150 
   54000.00     1.00127      2.8199    2.072330 
   54010.00     1.00401      2.9028    2.087830 
   54020.00     1.00672      3.1328    2.086330 
   54030.00     1.00952      3.0410    2.088280 
   54040.00     1.01225      2.9837    2.093840 
   54050.00     1.01501      3.1742    2.095290 
   54060.00     1.01780      3.3243    2.093210 
   54070.00     1.02048      3.3983    2.092470 
   54080.00     1.02322      3.4299    2.095440 
   54090.00     1.02593      3.5868    2.099270 
   54100.00     1.02865      3.8069    2.100680 
   54110.00     1.03143      4.0556    2.107970 
   54120.00     1.03410      3.9786    2.131650 
   54130.00     1.03682      4.3251    2.118880 
   54140.00     1.03954      4.3665    2.125310 
   54150.00     1.04214      4.4583    2.138930 
   54160.00     1.04484      4.7505    2.139600 
   54170.00     1.04755      4.7643    2.136540 
   54180.00     1.05019      4.9795    2.137050 
   54190.00     1.05287      5.0989    2.137670 
   54200.00     1.05545      5.3072    2.136400 
   54210.00     1.05802      5.5273    2.133070 
   54220.00     1.06067      5.6891    2.134250 
   54230.00     1.06322      5.8678    2.125730 
   54240.00     1.06584      6.0829    2.121320 
   54250.00     1.06840      6.3287    2.128690 
   54260.00     1.07085      6.6860    2.129460 
   54270.00     1.07339      7.1706    2.131950 
   54280.00     1.07590      7.2121    2.139280 
   54290.00     1.07832      7.5575    2.144220 
   54300.00     1.08083      7.8527    2.145530 
   54310.00     1.08329      7.9938    2.149510 
   54320.00     1.08566      8.3590    2.152400 
   54330.00     1.08807      8.5445    2.158720 
   54340.00     1.09046      8.8791    2.161780 
   54350.00     1.09276      9.1654    2.166140 
   54360.00     1.09514      9.6263    2.174920 
   54370.00     1.09748      9.6845    2.183460 
   54380.00     1.09971      9.9185    2.188540 
   54390.00     1.10197     10.5077    2.191280 
   54400.00     1.10422     10.4663    2.194020 
   54410.00     1.10640     10.7851    2.196160 
   54420.00     1.10859     11.2184    2.198030 
   54430.00     1.11081     11.5993    2.200060 
   54440.00     1.11291     12.2212    2.201190 
   54450.00     1.11493     12.4087    2.202380 
   54460.00     1.11705     12.5281    2.204930 
   54470.00     1.11911     13.1085    2.206970 
   54480.00     1.12108     13.1815    2.208680 
   54490.00     1.12308     13.8260    2.211300 
   54500.00     1.12505     14.1893    2.214450 
   54510.00     1.12697     14.3077    2.217540 
   54520.00     1.12879     14.5081    2.226100 
   54530.00     1.13067     14.8683    2.231230 
   54540.00     1.13254     15.3223    2.235210 
   54550.00     1.13437     15.5543    2.238920 
   54560.00     1.13605     15.8494    2.241900 
   54570.00     1.13776     16.1277    2.243040 
   54580.00     1.13948     16.3064    2.243670 
   54590.00     1.14119     16.7555    2.244890 
   54600.00     1.14274     16.8581    2.245810 
   54610.00     1.14434     17.1483    2.246650 
   54620.00     1.14590     17.1947    2.247770 
   54630.00     1.14744     17.4197    2.249550 
   54640.00     1.14894     17.7780    2.248820 
   54650.00     1.15031     17.8994    2.250290 
   54660.00     1.15173     18.1630    2.251610 
   54670.00     1.15314     18.3604    2.252130 
   54680.00     1.15447     18.5686    2.253350 
   54690.00     1.15576     18.7828    2.255230 
   54700.00     1.15697     18.8825    2.256230 
   54710.00     1.15819     18.9822    2.257800 
   54720.00     1.15940     19.2862    2.258910 
   54730.00     1.16054     19.2734    2.260860 
   54740.00     1.16166     19.4589    2.263420 
   54750.00     1.16272     19.6297    2.266440 
   54760.00     1.16370     20.0541    2.269190 
   54770.00     1.16464     19.8695    2.272260 
   54780.00     1.16559     19.8962    2.274150 
   54790.00     1.16651     20.3462    2.275250 
   54800.00     1.16736     20.3156    2.277190 
   54810.00     1.16815     20.3117    2.277370 
   54820.00     1.16894     20.5180    2.280120 
   54830.00     1.16969     20.4133    2.281030 
   54840.00     1.17040     20.4696    2.282780 
   54850.00     1.17104     20.3462    2.283950 
   54860.00     1.17154     20.4785    2.284540 
   54870.00     1.17214     20.3867    2.285620 
   54880.00     1.17266     20.4380    2.286440 
   54890.00     1.17310     20.5515    2.286980 
   54900.00     1.17360     20.1824    2.287670 
   54910.00     1.17401     20.4706    2.287040 
   54920.00     1.17432     20.2525    2.288670 
   54930.00     1.17461     20.2357    2.289730 
   54940.00     1.17486     20.2712    2.289600 
   54950.00     1.17514     20.0333    2.289460 
   54960.00     1.17534     19.7649    2.289430 
   54970.00     1.17547     19.7846    2.289770 
   54980.00     1.17555     19.6573    2.290860 
   54990.00     1.17555     19.5310    2.291450 
   55000.00     1.17555     19.3049    2.290750 
   55010.00     1.17553     19.1904    2.291240 
   55020.00     1.17547     19.3286    2.292180 
   55030.00     1.17536     19.0424    2.292180 
   55040.00     1.17516     18.9299    2.292450 
   55050.00     1.17487     18.6792    2.292720 
   55060.00     1.17464     18.4492    2.292890 
   55070.00     1.17437     18.2488    2.293460 
   55080.00     1.17405     18.0593    2.293780 
   55090.00     1.17364     17.8471    2.293110 
   55100.00     1.17316     17.6596    2.292350 
   55110.00     1.17272     17.2964    2.293420 
   55120.00     1.17222     17.1118    2.293530 
   55130.00     1.17162     16.7081    2.292790 
   55140.00     1.17110     16.6331    2.292920 
   55150.00     1.17048     16.1574    2.292450 
   55160.00     1.16977     15.9748    2.292330 
   55170.00     1.16904     15.5839    2.292330 
   55180.00     1.16825     15.1802    2.292400 
   55190.00     1.16748     15.0845    2.292100 
   55200.00     1.16661     14.6176    2.291600 
   55210.00     1.16570     14.2347    2.292240 
   55220.00     1.16476     13.9080    2.292580 
   55230.00     1.16380     13.7273    2.290950 
   55240.00     1.16281     13.0315    2.291380 
   55250.00     1.16177     13.0177    2.291290 
   55260.00     1.16069     12.8509    2.290730 
   55270.00     1.15954     12.2113    2.290140 
   55280.00     1.15832     11.8826    2.289740 
   55290.00     1.15709     11.7306    2.289020 
   55300.00     1.15590     11.5599    2.287940 
   55310.00     1.15462     10.8561    2.287420 
   55320.00     1.15329     10.4238    2.286320 
   55330.00     1.15191      9.9609    2.284850 
   55340.00     1.15048     10.0280    2.283570 
   55350.00     1.14909      9.5217    2.281600 
   55360.00     1.14761      9.1150    2.277850 
   55370.00     1.14607      8.9966    2.274260 
   55380.00     1.14451      8.3225    2.271380 
   55390.00     1.14291      8.0501    2.267890 
   55400.00     1.14135      7.8882    2.264270 
   55410.00     1.13965      7.7234    2.263050 
   55420.00     1.13798      7.5417    2.260650 
   55430.00     1.13624      6.8824    2.258910 
   55440.00     1.13457      6.6485    2.258910 
   55450.00     1.13276      6.6416    2.255360 
   55460.00     1.13091      6.2468    2.254420 
   55470.00     1.12900      5.9892    2.253680 
   55480.00     1.12717      5.8786    2.252510 
   55490.00     1.12526      5.8046    2.250970 
   55500.00     1.12329      5.6664    2.249460 
   55510.00     1.12131      5.3338    2.248480 
   55520.00     1.11934      5.1779    2.247370 
   55530.00     1.11726      4.9528    2.245790 
   55540.00     1.11518      4.8847    2.241870 
   55550.00     1.11314      4.6814    2.240770 
   55560.00     1.11106      4.5787    2.236030 
   55570.00     1.10886      4.3024    2.230840 
   55580.00     1.10665      4.3310    2.223230 
   55590.00     1.10449      4.1642    2.215670 
   55600.00     1.10222      4.1583    2.210980 
   55610.00     1.09996      3.8691    2.207160 
   55620.00     1.09775      3.7615    2.205350 
   55630.00     1.09539      3.7348    2.201230 
   55640.00     1.09303      3.4427    2.199480 
   55650.00     1.09071      3.5108    2.197980 
   55660.00     1.08832      3.3213    2.195240 
   55670.00     1.08595      3.3598    2.192730 
   55680.00     1.08355      3.0143    2.190280 
   55690.00     1.08110      3.1436    2.185780 
   55700.00     1.07861      3.1081    2.178130 
   55710.00     1.07618      2.8988    2.169620 
   55720.00     1.07368      2.8080    2.163870 
   55730.00     1.07112      2.8692    2.158510 
   55740.00     1.06869      2.7439    2.154960 
   55750.00     1.06611      2.6333    2.153020 
   55760.00     1.06351      2.7528    2.150880 
   55770.00     1.06098      2.4646    2.148140 
   55780.00     1.05832      2.4093    2.146750 
   55790.00     1.05574      2.4547    2.145470 
   55800.00     1.05318      2.4211    2.141400 
   55810.00     1.05050      2.3955    2.135280 
   55820.00     1.04786      2.3678    2.131320 
   55830.00     1.04514      2.3826    2.116240 
   55840.00     1.04245      2.3027    2.115050 
   55850.00     1.03983      2.1704    2.113170 
   55860.00     1.03711      2.1803    2.113350 
   55870.00     1.03441      2.0066    2.111710 
   55880.00     1.03171      2.0688    2.114910 
   55890.00     1.02894      2.1290    2.116330 
   55900.00     1.02624      1.9257    2.117640 
   55910.00     1.02355      2.0145    2.128580 
   55920.00     1.02079      1.9553    2.134810 
   55930.00     1.01809      1.8852    2.127530 
   55940.00     1.01532      1.8388    2.129040 
   55950.00     1.01256      1.9266    2.127180 
   55960.00     1.00983      1.6848    2.133970 
   55970.00     1.00703      1.6325    2.122280 
   55980.00     1.00432      1.7825    2.112260 
   55990.00     1.00156      1.5763    2.106210 
   56000.00     0.99886      1.6384    2.099250 
   56010.00     0.99611      1.9030    2.093330 
   56020.00     0.99333      1.6927    2.089630 
   56030.00     0.99062      1.6720    2.086490 
   56040.00     0.98790      1.7016    2.081300 
   56050.00     0.98509      1.6720    2.062230 
   56060.00     0.98235      1.5851    2.060460 
   56070.00     0.97960      1.4983    2.057350 
   56080.00     0.97684      1.4637    2.052420 
   56090.00     0.97418      1.6700    2.063870 
   56100.00     0.97145      1.4095    2.058140 
   56110.00     0.96871      1.5526    2.013980 
   56120.00     0.96603      1.5555    2.019790 
   56130.00     0.96328      1.3295    2.033020 
   56140.00     0.96062      1.5160    2.021790 
   56150.00     0.95792      1.4608    2.014370 
   56160.00     0.95526      1.2160    2.019180 
   56170.00     0.95262      1.4341    2.010350 
   56180.00     0.94996      1.5526    1.992680 
   56190.00     0.94728      1.2180    1.986430 
   56200.00     0.94470      1.4993    1.986240 
   56210.00     0.94208      1.3996    1.978900 
   56220.00     0.93950      1.3206    1.980700 
   56230.00     0.93694      1.2209    1.976220 
   56240.00     0.93430      1.3325    1.971440 
   56250.00     0.93179      1.4667    1.972130 
   56260.00     0.92925      1.4341    1.972200 
   56270.00     0.92674      1.1972    1.974830 
   56280.00     0.92430      1.2496    2.010060 
   56290.00     0.92181      1.4085    2.016630 
   56300.00     0.91933      1.5022    1.988900 
   56310.00     0.91690      1.2565    1.964710 
   56320.00     0.91449      1.4973    2.003200 
   56330.00     0.91206      1.5387    2.500000 
   56340.00     0.90973      1.5299    2.500000 
   56350.00     0.90736      1.4943    1.979750 
   56360.00     0.90501      1.4489    1.886920 
   56370.00     0.90272      1.4193    2.312730 
   56380.00     0.90044      1.5881    2.167890 
   56390.00     0.89815      1.6424    2.141670 
   56400.00     0.89595      1.5121    2.413180 
   56410.00     0.89376      1.4588    2.450660 
   56420.00     0.89154      1.3038    2.335540 
   56430.00     0.88938      1.3502    2.500000 
   56440.00     0.88730      1.4213    2.500000 
   56450.00     0.88516      1.3719    2.367040 
   56460.00     0.88306      1.3867    2.472690 
   56470.00     0.88108      1.4924    2.399350 
   56480.00     0.87908      1.6236    2.364510 
   56490.00     0.87705      1.3374    2.432420 
   56500.00     0.87509      1.3640    2.464180 
   56510.00     0.87326      1.5703    2.393890 
   56520.00     0.87135      1.4312    2.321500 
   56530.00     0.86946      1.3413    2.107740 
   56540.00     0.86761      1.4085    2.500000 
   56550.00     0.86586      1.2959    1.384320 
   56560.00     0.86410      1.1518    1.743190 
   56570.00     0.86237      1.3463    2.232430 
   56580.00     0.86064      1.2792    2.235910 
   56590.00     0.85904      1.4578    2.305910 
   56600.00     0.85740      1.4203    2.485110 
   56610.00     0.85580      1.5684    2.466790 
   56620.00     0.85422      1.5792    2.374160 
   56630.00     0.85272      1.6967    2.342650 
   56640.00     0.85131      1.4805    2.067260 
   56650.00     0.84987      1.5101    2.341380 
   56660.00     0.84844      1.4460    2.371220 
   56670.00     0.84707      1.4608    2.369920 
   56680.00     0.84570      1.5309    2.374600 
   56690.00     0.84447      1.5072    1.964360 
   56700.00     0.84324      1.5437    1.882110 
   56710.00     0.84202      1.4726    2.357230 
   56720.00     0.84083      1.4943    2.336170 
   56730.00     0.83963      1.5210    2.370580 
   56740.00     0.83854      1.6226    2.500000 
   56750.00     0.83759      1.4243    2.373080 
   56760.00     0.83655      1.3769    1.972420 
   56770.00     0.83557      1.4499    2.341010 
   56780.00     0.83461      1.4667    1.895630 
   56790.00     0.83368      1.3394    1.973120 
   56800.00     0.83283      1.3483    2.370420 
   56810.00     0.83198      1.4025    2.355980 
   56820.00     0.83125      1.5131    2.355140 
   56830.00     0.83054      1.6927    2.349870 
   56840.00     0.82988      1.4450    2.351990 
   56850.00     0.82921      1.5555    2.373300 
   56860.00     0.82861      1.5605    2.481720 
   56870.00     0.82807      1.5052    1.784170 
   56880.00     0.82751      1.4173    2.051040 
   56890.00     0.82705      1.2871    1.923370 
   56900.00     0.82663      1.4312    1.895230 
   56910.00     0.82622      1.2515    2.378080 
   56920.00     0.82584      1.1874    2.212330 
   56930.00     0.82553      1.3275    1.596450 
   56940.00     0.82530      1.3749    2.062070 
   56950.00     0.82511      1.4262    2.346230 
   56960.00     0.82491      1.5328    2.128630 
   56970.00     0.82478      1.5733    2.094800 
   56980.00     0.82464      1.4006    2.268730 
   56990.00     0.82468      1.4845    2.364750 
   57000.00     0.82472      1.4134    2.013930 
   57010.00     0.82470      1.2496    1.796290 
   57020.00     0.82478      1.5486    2.321550 
   57030.00     0.82489      1.4420    2.205190 
   57040.00     0.82507      1.4904    2.362060 
   57050.00     0.82526      1.3019    2.358300 
   57060.00     0.82551      1.5003    2.413390 
   57070.00     0.82580      1.3374    2.375210 
   57080.00     0.82617      1.5772    2.353850 
   57090.00     0.82657      1.4104    2.351090 
   57100.00     0.82697      1.4963    2.358910 
   57110.00     0.82744      1.3719    2.097830 
   57120.00     0.82803      1.1972    1.712440 
   57130.00     0.82855      1.2900    2.369390 
   57140.00     0.82915      1.5032    2.353820 
   57150.00     0.82981      1.5082    2.346990 
   57160.00     0.83044      1.6621    2.366270 
   57170.00     0.83116      1.4894    2.151780 
   57180.00     0.83191      1.6157    1.566610 
   57190.00     0.83276      1.6187    1.393830 
   57200.00     0.83358      1.4322    1.658040 
   57210.00     0.83449      1.4805    1.952890 
   57220.00     0.83541      1.4114    2.129140 
   57230.00     0.83644      1.2624    2.356030 
   57240.00     0.83751      1.3483    2.352470 
   57250.00     0.83846      1.4065    1.536250 
   57260.00     0.83954      1.3858    2.267960 
   57270.00     0.84069      1.3877    2.464720 
   57280.00     0.84185      1.3384    1.802080 
   57290.00     0.84308      1.3295    1.520370 
   57300.00     0.84435      1.5210    1.789540 
   57310.00     0.84559      1.5427    2.162200 
   57320.00     0.84692      1.3729    2.146860 
   57330.00     0.84827      1.4924    1.621480 
   57340.00     0.84965      1.2594    2.497890 
   57350.00     0.85114      1.3818    2.359620 
   57360.00     0.85258      1.4627    2.355870 
   57370.00     0.85407      1.5565    2.470380 
   57380.00     0.85563      1.2950    1.680960 
   57390.00     0.85721      1.3700    1.912960 
   57400.00     0.85884      1.4114    2.133930 
   57410.00     0.86044      1.3098    2.077120 
   57420.00     0.86218      1.3522    2.425190 
   57430.00     0.86393      1.3858    2.385700 
   57440.00     0.86568      1.3117    2.496630 
   57450.00     0.86740      1.4637    2.365110 
   57460.00     0.86923      1.6463    2.357010 
   57470.00     0.87112      1.4154    2.118460 
   57480.00     0.87303      1.3966    2.269980 
   57490.00     0.87487      1.5299    2.442630 
   57500.00     0.87684      1.6118    2.498190 
   57510.00     0.87882      1.4065    2.497580 
   57520.00     0.88085      1.4065    2.500000 
   57530.00     0.88283      1.4203    2.481180 
   57540.00     0.88493      1.3107    2.370280 
   57550.00     0.88709      1.7756    2.500000 
   57560.00     0.88913      1.4312    2.500000 
   57570.00     0.89127      1.4262    2.500000 
   57580.00     0.89349      1.4075    2.500000 
   57590.00     0.89568      1.3216    2.500000 
   57600.00     0.89792      1.5990    2.211320 
   57610.00     0.90021      1.3838    2.131790 
   57620.00     0.90249      1.4539    2.500000 
   57630.00     0.90474      1.4025    2.500000 
   57640.00     0.90707      1.4085    2.500000 
   57650.00     0.90944      1.5930    2.500000 
   57660.00     0.91181      1.4233    2.500000 
   57670.00     0.91422      1.5565    2.500000 
   57680.00     0.91665      1.5920    2.073200 
   57690.00     0.91902      1.4894    2.264220 
   57700.00     0.92150      1.5210    2.216640 
   57710.00     0.92403      1.5170    1.950010 
   57720.00     0.92645      1.5141    1.957370 
   57730.00     0.92900      1.5753    1.910270 
   57740.00     0.93152      1.7164    1.925110 
   57750.00     0.93401      1.7026    1.969760 
   57760.00     0.93665      1.7036    1.964540 
   57770.00     0.93921      1.7233    1.957640 
   57780.00     0.94179      1.9780    1.941060 
   57790.00     0.94443      1.8566    1.935650 
   57800.00     0.94701      1.6858    1.950450 
   57810.00     0.94963      1.5911    1.967920 
   57820.00     0.95231      1.7450    1.978460 
   57830.00     0.95493      1.7944    1.993820 
   57840.00     0.95763      2.0155    1.997950 
   57850.00     0.96035      1.8763    1.977690 
   57860.00     0.96301      1.9138    1.981040 
   57870.00     0.96572      1.9049    2.004280 
   57880.00     0.96840      2.0174    2.013560 
   57890.00     0.97112      1.9148    2.021580 
   57900.00     0.97387      2.2474    2.034730 
   57910.00     0.97657      2.1556    2.044300 
   57920.00     0.97931      2.2326    2.045200 
   57930.00     0.98202      2.2928    2.039030 
   57940.00     0.98476      2.3945    2.013010 
   57950.00     0.98757      2.3155    2.015990 
   57960.00     0.99031      2.2859    2.015250 
   57970.00     0.99304      2.3540    2.040410 
   57980.00     0.99582      2.5564    2.052000 
   57990.00     0.99855      2.5751    2.057060 
   58000.00     1.00125      2.7034    2.071780 
   58010.00     1.00401      2.7320    2.087160 
   58020.00     1.00674      2.8337    2.091000 
   58030.00     1.00954      2.8080    2.089490 
   58040.00     1.01227      3.0893    2.093020 
   58050.00     1.01501      3.2463    2.099760 
   58060.00     1.01778      3.3351    2.090240 
   58070.00     1.02048      3.5483    2.090000 
   58080.00     1.02326      3.5147    2.096720 
   58090.00     1.02597      3.6569    2.101970 
   58100.00     1.02867      3.9253    2.103320 
   58110.00     1.03139      3.9382    2.105720 
   58120.00     1.03408      3.9767    2.109620 
   58130.00     1.03680      4.0181    2.110830 
   58140.00     1.03954      4.1494    2.116950 
   58150.00     1.04216      4.4514    2.138210 
   58160.00     1.04484      4.5314    2.136410 
   58170.00     1.04755      4.6883    2.136650 
   58180.00     1.05017      4.8551    2.139260 
   58190.00     1.05285      4.8492    2.139650 
   58200.00     1.05547      5.0999    2.135610 
   58210.00     1.05807      5.5470    2.131430 
   58220.00     1.06071      5.4828    2.129820 
   58230.00     1.06322      5.7326    2.127140 
   58240.00     1.06582      6.0514    2.120140 
   58250.00     1.06838      6.2537    2.124790 
   58260.00     1.07087      6.3198    2.129950 
   58270.00     1.07343      6.6485    2.131190 
   58280.00     1.07592      7.1529    2.140390 
   58290.00     1.07832      7.2753    2.142490 
   58300.00     1.08079      7.4450    2.145060 
   58310.00     1.08328      7.6207    2.149270 
   58320.00     1.08568      8.0135    2.153180 
   58330.00     1.08809      8.2761    2.157150 
   58340.00     1.09050      8.8574    2.160970 
   58350.00     1.09276      9.0005    2.165900 
   58360.00     1.09513      9.2384    2.178650 
   58370.00     1.09748      9.8997    2.183950 
   58380.00     1.09973     10.3715    2.187360 
   58390.00     1.10200     10.1386    2.192020 
   58400.00     1.10426     11.0160    2.194940 
   58410.00     1.10640     11.1236    2.196020 
   58420.00     1.10857     11.2835    2.197510 
   58430.00     1.11079     11.8392    2.200100 
   58440.00     1.11293     11.8500    2.201580 
   58450.00     1.11497     12.4176    2.202920 
   58460.00     1.11707     12.8420    2.203220 
   58470.00     1.11911     13.1371    2.206530 
   58480.00     1.12106     13.2921    2.208700 
   58490.00     1.12308     13.5092    2.213030 
   58500.00     1.12505     13.9652    2.215430 
   58510.00     1.12699     14.3097    2.218150 
   58520.00     1.12881     14.6788    2.224830 
   58530.00     1.13067     14.7242    2.232830 
   58540.00     1.13252     15.2434    2.235280 
   58550.00     1.13435     15.4822    2.238400 
   58560.00     1.13605     15.6441    2.241820 
   58570.00     1.13780     16.2037    2.243220 
   58580.00     1.13948     16.2728    2.242860 
   58590.00     1.14118     16.3390    2.244330 
   58600.00     1.14272     16.4051    2.246280 
   58610.00     1.14432     16.9104    2.247310 
   58620.00     1.14590     17.2835    2.247800 
   58630.00     1.14748     17.4888    2.248740 
   58640.00     1.14894     17.8145    2.249760 
   58650.00     1.15029     17.9488    2.249790 
   58660.00     1.15171     17.9557    2.250820 
   58670.00     1.15312     18.2321    2.253490 
   58680.00     1.15449     18.5390    2.253720 
   58690.00     1.15578     18.7443    2.255330 
   58700.00     1.15697     18.9674    2.257460 
   58710.00     1.15817     19.0829    2.258820 
   58720.00     1.15938     19.0394    2.260020 
   58730.00     1.16054     19.2566    2.262610 
   58740.00     1.16166     19.4569    2.266150 
   58750.00     1.16274     19.6879    2.266620 
   58760.00     1.16372     19.6770    2.268220 
   58770.00     1.16462     19.9889    2.270770 
   58780.00     1.16557     20.1942    2.273990 
   58790.00     1.16649     20.1992    2.274410 
   58800.00     1.16738     20.0274    2.277000 
   58810.00     1.16819     20.1982    2.278520 
   58820.00     1.16896     20.2712    2.279460 
   58830.00     1.16969     20.5160    2.281430 
   58840.00     1.17039     20.4084    2.281920 
   58850.00     1.17102     20.3522    2.283330 
   58860.00     1.17154     20.5140    2.283480 
   58870.00     1.17216     20.7183    2.284630 
   58880.00     1.17266     20.3867    2.286100 
   58890.00     1.17310     20.4893    2.286600 
   58900.00     1.17356     20.4992    2.287340 
   58910.00     1.17399     20.0975    2.288370 
   58920.00     1.17434     20.2298    2.289390 
   58930.00     1.17462     20.2209    2.290170 
   58940.00     1.17486     20.1548    2.290340 
   58950.00     1.17513     19.9485    2.289670 
   58960.00     1.17532     20.0659    2.290950 
   58970.00     1.17545     19.8932    2.291970 
   58980.00     1.17555     19.8162    2.290990 
   58990.00     1.17557     19.6682    2.291590 
   59000.00     1.17555     19.3681    2.292160 
   59010.00     1.17553     19.2536    2.292090 
   59020.00     1.17545     19.1490    2.292120 
   59030.00     1.17534     18.9022    2.292750 
   59040.00     1.17518     18.7068    2.293230 
   59050.00     1.17491     18.5716    2.292500 
   59060.00     1.17466     18.4887    2.292790 
   59070.00     1.17437     18.2232    2.293370 
   59080.00     1.17403     18.0416    2.293270 
   59090.00     1.17364     17.8609    2.292900 
   59100.00     1.17318     17.6191    2.292980 
   59110.00     1.17274     17.2687    2.292930 
   59120.00     1.17222     17.0733    2.292910 
   59130.00     1.17158     16.7890    2.292810 
   59140.00     1.17108     16.5314    2.292320 
   59150.00     1.17048     16.1100    2.292910 
   59160.00     1.16979     15.8287    2.292630 
   59170.00     1.16908     15.4892    2.292480 
   59180.00     1.16827     15.2207    2.292350 
   59190.00     1.16746     15.0085    2.292560 
   59200.00     1.16659     14.6314    2.292340 
   59210.00     1.16568     14.1557    2.292180 
   59220.00     1.16476     13.8369    2.291850 
   59230.00     1.16382     13.5349    2.291460 
   59240.00     1.16283     13.3710    2.291500 
   59250.00     1.16175     13.2289    2.291220 
   59260.00     1.16066     12.4205    2.290800 
   59270.00     1.15954     12.2537    2.290350 
   59280.00     1.15834     11.8747    2.289940 
   59290.00     1.15711     11.4365    2.289190 
   59300.00     1.15590     11.3704    2.288180 
   59310.00     1.15461     10.9282    2.287170 
   59320.00     1.15328     10.6291    2.286420 
   59330.00     1.15189     10.1277    2.285130 
   59340.00     1.15048      9.6234    2.282760 
   59350.00     1.14911      9.3667    2.280870 
   59360.00     1.14761      9.2009    2.277980 
   59370.00     1.14605      8.6048    2.274040 
   59380.00     1.14449      8.6452    2.270640 
   59390.00     1.14291      8.1507    2.267270 
   59400.00     1.14137      8.0412    2.264580 
   59410.00     1.13969      7.8280    2.262790 
   59420.00     1.13798      7.5092    2.261300 
   59430.00     1.13624      7.3680    2.259630 
   59440.00     1.13453      6.9209    2.257850 
   59450.00     1.13274      6.8104    2.256130 
   59460.00     1.13091      6.5449    2.254640 
   59470.00     1.12904      6.1491    2.254180 
   59480.00     1.12719      5.9527    2.252820 
   59490.00     1.12526      5.7641    2.251110 
   59500.00     1.12328      5.5934    2.249750 
   59510.00     1.12129      5.5115    2.248180 
   59520.00     1.11936      5.2933    2.246480 
   59530.00     1.11730      5.1305    2.245170 
   59540.00     1.11520      4.9232    2.243710 
   59550.00     1.11312      4.7870    2.240310 
   59560.00     1.11102      4.5718    2.236110 
   59570.00     1.10884      4.3330    2.231900 
   59580.00     1.10665      4.2205    2.223890 
   59590.00     1.10453      4.2965    2.215770 
   59600.00     1.10224      4.2974    2.210990 
   59610.00     1.09994      3.9885    2.207870 
   59620.00     1.09771      3.9875    2.204590 
   59630.00     1.09538      3.6964    2.201430 
   59640.00     1.09304      3.4230    2.199710 
   59650.00     1.09075      3.5809    2.198650 
   59660.00     1.08834      3.5986    2.194780 
   59670.00     1.08592      3.4516    2.192690 
   59680.00     1.08353      3.2048    2.191290 
   59690.00     1.08110      3.1259    2.184940 
   59700.00     1.07861      3.1880    2.177060 
   59710.00     1.07620      3.0548    2.170210 
   59720.00     1.07368      2.9798    2.163810 
   59730.00     1.07112      2.8613    2.158490 
   59740.00     1.06865      2.6886    2.155490 
   59750.00     1.06609      2.6333    2.153400 
   59760.00     1.06353      2.6669    2.151080 
   59770.00     1.06100      2.7863    2.148280 
   59780.00     1.05834      2.6077    2.147720 
   59790.00     1.05572      2.5070    2.146070 
   59800.00     1.05314      2.2879    2.140100 
   59810.00     1.05048      2.2928    2.134340 
   59820.00     1.04786      2.4961    2.125000 
   59830.00     1.04516      2.3274    2.116670 
   59840.00     1.04245      2.1142    2.114760 
   59850.00     1.03979      2.1310    2.113120 
   59860.00     1.03709      1.9849    2.112700 
   59870.00     1.03439      2.1961    2.111970 
   59880.00     1.03171      1.8408    2.110830 
   59890.00     1.02896      1.8891    2.110750 
   59900.00     1.02624      2.1300    2.095690 
   59910.00     1.02353      1.8990    2.114460 
   59920.00     1.02077      1.7756    2.130060 
   59930.00     1.01807      1.7223    2.130130 
   59940.00     1.01534      1.6256    2.130850 
   59950.00     1.01258      1.8664    2.129930 
   59960.00     1.00983      1.8842    2.131250 
   59970.00     1.00701      2.0096    2.116390 
   59980.00     1.00428      1.8191    2.108320 
   59990.00     1.00156      1.6848    2.112440 
   60000.00     0.99888      1.6473    2.097740 
   60010.00     0.99615      1.6750    2.092420 
   60020.00     0.99335      1.6710    2.095110 
   60030.00     0.99058      1.7105    2.092260 
   60040.00     0.98786      1.5318    2.078280 
   60050.00     0.98509      1.6147    2.062920 
   60060.00     0.98235      1.6039    2.063620 
   60070.00     0.97961      1.3364    2.056730 
   60080.00     0.97684      1.3798    2.051510 
   60090.00     0.97416      1.4173    2.076770 
   60100.00     0.97141      1.7263    2.034800 
   60110.00     0.96871      1.5072    2.016070 
   60120.00     0.96605      1.3749    2.021300 
   60130.00     0.96331      1.4618    2.022990 
   60140.00     0.96062      1.3196    2.016540 
   60150.00     0.95794      1.0916    2.017970 
   60160.00     0.95522      1.2861    2.022670 
   60170.00     0.95262      1.3127    2.014160 
   60180.00     0.94996      1.3729    1.988770 
   60190.00     0.94732      1.1311    1.978980 
   60200.00     0.94470      1.2308    1.957990 
   60210.00     0.94204      1.1647    1.970190 
   60220.00     0.93948      1.2555    1.979210 
   60230.00     0.93694      1.0926    1.950260 
   60240.00     0.93434      1.2515    1.927250 
   60250.00     0.93181      1.2890    1.966120 
   60260.00     0.92927      1.1360    1.974370 
   60270.00     0.92672      1.1311    1.978000 
   60280.00     0.92428      1.2209    2.007450 
   60290.00     0.92177      1.1953    2.010610 
   60300.00     0.91933      1.1479    1.997110 
   60310.00     0.91692      1.2999    1.964150 
   60320.00     0.91451      1.2091    2.240820 
   60330.00     0.91204      1.3769    2.500000 
   60340.00     0.90969      1.2555    2.321100 
   60350.00     0.90734      1.3295    1.933900 
   60360.00     0.90503      1.3404    1.994310 
   60370.00     0.90274      1.2120    2.500000 
   60380.00     0.90046      1.2644    2.500000 
   60390.00     0.89813      1.4016    2.486860 
   60400.00     0.89592      1.3789    2.496450 
   60410.00     0.89374      1.3236    2.214460 
   60420.00     0.89156      1.3512    2.279280 
   60430.00     0.88938      1.2584    2.472980 
   60440.00     0.88732      1.2555    2.452690 
   60450.00     0.88516      1.1666    2.385470 
   60460.00     0.88304      1.0897    2.368810 
   60470.00     0.88106      0.9554    2.063450 
   60480.00     0.87908      1.0679    1.875180 
   60490.00     0.87707      1.2831    2.320280 
   60500.00     0.87509      1.1775    2.365900 
   60510.00     0.87322      1.0788    2.453150 
   60520.00     0.87131      1.1499    2.429250 
   60530.00     0.86942      1.1380    2.384190 
   60540.00     0.86761      1.0660    2.386460 
   60550.00     0.86588      1.1775    2.301910 
   60560.00     0.86408      1.0137    2.088390 
   60570.00     0.86233      1.0610    1.975840 
   60580.00     0.86062      1.2397    2.365880 
   60590.00     0.85902      1.1884    1.947060 
   60600.00     0.85740      1.1578    2.266040 
   60610.00     0.85582      1.0008    2.054300 
   60620.00     0.85422      1.2140    2.040090 
   60630.00     0.85270      1.1538    2.240600 
   60640.00     0.85129      1.2051    2.048370 
   60650.00     0.84983      1.0383    1.553190 
   60660.00     0.84844      0.9623    1.869650 
   60670.00     0.84707      1.0798    1.886850 
   60680.00     0.84572      1.1074    1.553040 
   60690.00     0.84449      1.0097    2.281480 
   60700.00     0.84322      0.9436    1.718090 
   60710.00     0.84200      1.2357    1.930350 
   60720.00     0.84085      1.1272    2.254370 
   60730.00     0.83967      1.2456    2.352010 
   60740.00     0.83855      1.1203    2.022630 
   60750.00     0.83757      1.0561    1.567410 
   60760.00     0.83653      1.0887    1.963730 
   60770.00     0.83553      1.1844    2.350960 
   60780.00     0.83462      1.2851    1.542970 
   60790.00     0.83370      1.1775    2.284040 
   60800.00     0.83283      1.2417    2.357330 
   60810.00     0.83197      1.2979    2.358920 
   60820.00     0.83123      1.2091    2.355600 
   60830.00     0.83054      1.1439    2.355480 
   60840.00     0.82990      1.2851    2.356740 
   60850.00     0.82925      1.2407    2.352070 
   60860.00     0.82861      1.2950    2.349110 
   60870.00     0.82807      1.3680    2.342670 
   60880.00     0.82750      1.2042    1.930080 
   60890.00     0.82703      1.1252    2.319780 
   60900.00     0.82663      1.1321    1.700890 
   60910.00     0.82622      1.1015    2.120280 
   60920.00     0.82582      1.1834    2.367000 
   60930.00     0.82553      1.2288    2.367100 
   60940.00     0.82528      1.3117    2.360010 
   60950.00     0.82509      1.2950    2.144450 
   60960.00     0.82493      1.1686    1.552120 
   60970.00     0.82480      1.0650    1.579910 
   60980.00     0.82468      1.2032    2.500000 
   60990.00     0.82466      1.2150    2.367600 
   61000.00     0.82466      1.1578    2.185940 
   61010.00     0.82466      1.3206    2.291380 
   61020.00     0.82478      1.4104    1.864070 
   61030.00     0.82491      1.1676    1.945100 
   61040.00     0.82505      1.2190    2.360250 
   61050.00     0.82524      1.1972    2.284430 
   61060.00     0.82549      1.0877    1.976740 
   61070.00     0.82580      1.1114    1.357120 
   61080.00     0.82620      1.3502    2.351530 
   61090.00     0.82661      1.3305    1.367870 
   61100.00     0.82697      1.3236    1.796480 
   61110.00     0.82744      1.2130    2.231330 
   61120.00     0.82802      1.3325    2.197920 
   61130.00     0.82855      1.2693    2.076110 
   61140.00     0.82917      1.1805    2.168340 
   61150.00     0.82983      1.1923    2.374070 
   61160.00     0.83044      1.1815    2.293450 
   61170.00     0.83116      1.1588    1.587780 
   61180.00     0.83191      1.2653    2.361600 
   61190.00     0.83276      1.3640    1.576800 
   61200.00     0.83360      1.2861    1.692890 
   61210.00     0.83453      1.4400    2.007250 
   61220.00     0.83543      1.2782    2.267580 
   61230.00     0.83642      1.3374    2.223370 
   61240.00     0.83748      1.3029    2.253720 
   61250.00     0.83844      1.2890    2.457870 
   61260.00     0.83954      1.2170    2.380880 
   61270.00     0.84069      1.2644    2.500000 
   61280.00     0.84187      1.1578    2.500000 
   61290.00     0.84306      1.1509    1.916990 
   61300.00     0.84434      1.2762    2.411940 
   61310.00     0.84559      1.3413    2.393710 
   61320.00     0.84694      1.3068    1.695090 
   61330.00     0.84830      1.3700    1.863070 
   61340.00     0.84967      1.2693    2.421500 
   61350.00     0.85112      1.3413    2.457790 
   61360.00     0.85254      1.2476    2.360710 
   61370.00     0.85405      1.3858    2.365680 
   61380.00     0.85563      1.3877    2.357030 
   61390.00     0.85723      1.3532    2.354510 
   61400.00     0.85884      1.2969    2.352070 
   61410.00     0.86042      1.4430    1.567540 
   61420.00     0.86216      1.1469    1.992290 
   61430.00     0.86391      1.1884    2.224270 
   61440.00     0.86568      1.4746    2.202660 
   61450.00     0.86744      1.2347    2.111060 
   61460.00     0.86925      1.4252    1.698580 
   61470.00     0.87110      1.3601    2.349900 
   61480.00     0.87301      1.4391    2.500000 
   61490.00     0.87486      1.4391    2.358390 
   61500.00     0.87684      1.3828    2.481940 
   61510.00     0.87884      1.5318    2.500000 
   61520.00     0.88085      1.7796    2.462810 
   61530.00     0.88279      1.6552    2.397460 
   61540.00     0.88493      1.6177    2.169690 
   61550.00     0.88707      1.4677    2.059810 
   61560.00     0.88915      1.4006    2.388740 
   61570.00     0.89131      1.4667    2.442460 
   61580.00     0.89349      1.5466    1.924590 
   61590.00     0.89568      1.4785    2.494250 
   61600.00     0.89788      1.4440    2.380900 
   61610.00     0.90019      1.4312    2.468870 
   61620.00     0.90249      1.4203    2.500000 
   61630.00     0.90476      1.4983    2.500000 
   61640.00     0.90709      1.3542    2.500000 
   61650.00     0.90942      1.5447    2.500000 
   61660.00     0.91177      1.4657    2.500000 
   61670.00     0.91422      1.4331    2.434420 
   61680.00     0.91667      1.4953    1.903840 
   61690.00     0.91906      1.5861    1.904910 
   61700.00     0.92150      1.3976    1.951760 
   61710.00     0.92399      1.4252    1.966830 
   61720.00     0.92644      1.3058    1.971790 
   61730.00     0.92898      1.5743    1.947410 
   61740.00     0.93154      1.6602    1.937090 
   61750.00     0.93403      1.7046    1.956580 
   61760.00     0.93665      1.7213    1.965180 
   61770.00     0.93919      1.7973    1.945710 
   61780.00     0.94177      1.6602    1.952240 
   61790.00     0.94441      1.8753    1.924590 
   61800.00     0.94703      1.9257    1.972380 
   61810.00     0.94965      1.9069    1.971910 
   61820.00     0.95233      1.8151    1.974100 
   61830.00     0.95491      1.8487    1.987170 
   61840.00     0.95761      1.7954    1.987340 
   61850.00     0.96031      1.9513    1.978500 
   61860.00     0.96299      1.9405    1.987830 
   61870.00     0.96572      2.0490    2.011100 
   61880.00     0.96840      2.0056    2.007250 
   61890.00     0.97110      2.2573    2.020110 
   61900.00     0.97387      2.1507    2.042620 
   61910.00     0.97655      1.9592    2.045960 
   61920.00     0.97931      2.2612    2.044080 
   61930.00     0.98206      2.3007    2.036690 
   61940.00     0.98476      2.3777    2.026990 
   61950.00     0.98755      2.3570    2.020090 
   61960.00     0.99027      2.3116    2.022510 
   61970.00     0.99304      2.5929    2.038860 
   61980.00     0.99584      2.7232    2.053400 
   61990.00     0.99855      2.6422    2.054140 
   62000.00     1.00123      2.8594    2.078710 
   62010.00     1.00397      2.9265    2.092120 
   62020.00     1.00672      2.9729    2.091520 
   62030.00     1.00952      3.0765    2.089510 
   62040.00     1.01227      3.1091    2.092230 
   62050.00     1.01501      3.2650    2.093550 
   62060.00     1.01778      3.1762    2.092140 
   62070.00     1.02044      3.3430    2.098140 
   62080.00     1.02322      3.4990    2.097390 
   62090.00     1.02595      3.5888    2.091830 
   62100.00     1.02865      3.7023    2.107520 
   62110.00     1.03141      3.7960    2.111610 
   62120.00     1.03407      4.0487    2.120830 
   62130.00     1.03676      3.9589    2.113070 
   62140.00     1.03950      4.2777    2.120070 
   62150.00     1.04214      4.3300    2.135450 
   62160.00     1.04486      4.4623    2.135840 
   62170.00     1.04755      4.6340    2.136010 
   62180.00     1.05019      4.8679    2.138030 
   62190.00     1.05283      4.9084    2.137450 
   62200.00     1.05543      5.3269    2.136730 
   62210.00     1.05805      5.4187    2.134780 
   62220.00     1.06069      5.6289    2.132000 
   62230.00     1.06324      5.6279    2.125090 
   62240.00     1.06580      6.1303    2.122420 
   62250.00     1.06836      6.3652    2.124990 
   62260.00     1.07083      6.5419    2.127480 
   62270.00     1.07341      6.9693    2.130240 
   62280.00     1.07593      6.9486    2.140600 
   62290.00     1.07834      7.2200    2.142180 
   62300.00     1.08081      7.5743    2.144210 
   62310.00     1.08326      7.6888    2.150730 
   62320.00     1.08565      7.9869    2.153060 
   62330.00     1.08805      8.2711    2.156690 
   62340.00     1.09048      8.9009    2.160450 
   62350.00     1.09276      8.9226    2.167850 
   62360.00     1.09511      9.2443    2.178180 
   62370.00     1.09746      9.8553    2.183530 
   62380.00     1.09969     10.0241    2.188190 
   62390.00     1.10198     10.5403    2.192990 
   62400.00     1.10426     10.6469    2.195040 
   62410.00     1.10642     11.1206    2.195910 
   62420.00     1.10859     11.2509    2.197850 
   62430.00     1.11079     11.8362    2.199830 
   62440.00     1.11289     11.6122    2.201020 
   62450.00     1.11495     12.1481    2.202070 
   62460.00     1.11707     12.4225    2.204030 
   62470.00     1.11913     13.2565    2.206760 
   62480.00     1.12106     13.2447    2.208840 
   62490.00     1.12306     13.6168    2.208560 
   62500.00     1.12503     13.9297    2.213890 
   62510.00     1.12697     14.1537    2.219690 
   62520.00     1.12882     14.4508    2.226560 
   62530.00     1.13069     14.7696    2.229820 
   62540.00     1.13252     15.1644    2.233360 
   62550.00     1.13434     15.3204    2.237860 
   62560.00     1.13603     15.5069    2.241830 
   62570.00     1.13778     16.0419    2.244480 
   62580.00     1.13948     16.1959    2.244240 
   62590.00     1.14118     16.6815    2.245480 
   62600.00     1.14274     16.8206    2.246830 
   62610.00     1.14430     17.0338    2.247520 
   62620.00     1.14588     17.1868    2.248540 
   62630.00     1.14746     17.2697    2.248940 
   62640.00     1.14896     17.6201    2.249570 
   62650.00     1.15033     18.0041    2.250850 
   62660.00     1.15173     18.2913    2.251890 
   62670.00     1.15312     18.3850    2.252150 
   62680.00     1.15445     18.6969    2.253270 
   62690.00     1.15576     18.8134    2.254790 
   62700.00     1.15697     18.9664    2.256760 
   62710.00     1.15819     19.1164    2.256910 
   62720.00     1.15940     19.1954    2.258570 
   62730.00     1.16050     19.4175    2.262990 
   62740.00     1.16164     19.5862    2.265180 
   62750.00     1.16272     19.7126    2.265590 
   62760.00     1.16372     19.9218    2.267540 
   62770.00     1.16466     19.8024    2.271380 
   62780.00     1.16557     19.8547    2.273560 
   62790.00     1.16647     20.0699    2.274780 
   62800.00     1.16734     20.1054    2.278590 
   62810.00     1.16817     20.3058    2.278050 
   62820.00     1.16896     20.3966    2.279050 
   62830.00     1.16971     20.3531    2.281100 
   62840.00     1.17039     20.3827    2.282550 
   62850.00     1.17100     20.4755    2.283640 
   62860.00     1.17152     20.6265    2.284500 
   62870.00     1.17216     20.4913    2.285010 
   62880.00     1.17268     20.4370    2.286190 
   62890.00     1.17312     20.5042    2.287140 
   62900.00     1.17358     20.4015    2.287600 
   62910.00     1.17397     20.5476    2.287460 
   62920.00     1.17432     20.3295    2.289010 
   62930.00     1.17461     20.2564    2.289220 
   62940.00     1.17487     20.2890    2.289730 
   62950.00     1.17514     20.1745    2.289770 
   62960.00     1.17532     19.9830    2.289490 
   62970.00     1.17541     19.8478    2.290210 
   62980.00     1.17553     19.8448    2.291220 
   62990.00     1.17555     19.5714    2.290980 
   63000.00     1.17557     19.5063    2.292020 
   63010.00     1.17555     19.5773    2.291470 
   63020.00     1.17547     19.2625    2.291530 
   63030.00     1.17532     18.9279    2.292090 
   63040.00     1.17513     18.8203    2.291970 
   63050.00     1.17489     18.4739    2.292790 
   63060.00     1.17466     18.3021    2.293510 
   63070.00     1.17437     18.1827    2.292750 
   63080.00     1.17401     17.9014    2.293090 
   63090.00     1.17360     17.8461    2.293100 
   63100.00     1.17314     17.4365    2.293240 
   63110.00     1.17272     17.2233    2.293660 
   63120.00     1.17224     17.0269    2.292710 
   63130.00     1.17160     16.7140    2.293010 
   63140.00     1.17108     16.4150    2.293420 
   63150.00     1.17046     16.0577    2.292820 
   63160.00     1.16975     15.7132    2.292360 
   63170.00     1.16906     15.4684    2.292700 
   63180.00     1.16827     15.1131    2.292140 
   63190.00     1.16748     14.9295    2.292740 
   63200.00     1.16659     14.6087    2.291560 
   63210.00     1.16566     14.3511    2.291710 
   63220.00     1.16474     14.0254    2.291220 
   63230.00     1.16382     13.7441    2.291320 
   63240.00     1.16285     13.3691    2.290960 
   63250.00     1.16177     12.9417    2.290870 
   63260.00     1.16066     12.7344    2.290760 
   63270.00     1.15952     12.1007    2.290070 
   63280.00     1.15830     12.0850    2.289760 
   63290.00     1.15709     11.3200    2.289840 
   63300.00     1.15592     11.1739    2.288820 
   63310.00     1.15462     10.8176    2.287810 
   63320.00     1.15326     10.2708    2.286610 
   63330.00     1.15187     10.0488    2.285830 
   63340.00     1.15046      9.7457    2.283570 
   63350.00     1.14911      9.5592    2.280900 
   63360.00     1.14765      8.9463    2.279030 
   63370.00     1.14609      8.6127    2.276070 
   63380.00     1.14449      8.5929    2.269650 
   63390.00     1.14289      8.2011    2.266220 
   63400.00     1.14135      7.9346    2.265930 
   63410.00     1.13967      7.5269    2.262470 
   63420.00     1.13798      7.5368    2.260470 
   63430.00     1.13624      7.2348    2.259690 
   63440.00     1.13453      7.0216    2.258200 
   63450.00     1.13272      6.6909    2.256140 
   63460.00     1.13089      6.3583    2.254400 
   63470.00     1.12900      6.1126    2.253350 
   63480.00     1.12719      5.8421    2.252560 
   63490.00     1.12528      5.6526    2.251330 
   63500.00     1.12329      5.5588    2.249760 
   63510.00     1.12127      5.4345    2.248580 
   63520.00     1.11933      5.3259    2.246720 
   63530.00     1.11728      5.1078    2.245610 
   63540.00     1.11520      4.9025    2.243220 
   63550.00     1.11314      4.6992    2.239510 
   63560.00     1.11102      4.6794    2.235930 
   63570.00     1.10881      4.4751    2.231610 
   63580.00     1.10661      4.2422    2.223950 
   63590.00     1.10451      4.0221    2.215060 
   63600.00     1.10225      4.0152    2.210540 
   63610.00     1.09996      3.9165    2.207430 
   63620.00     1.09773      3.8069    2.203920 
   63630.00     1.09538      3.5809    2.200970 
   63640.00     1.09301      3.4980    2.199680 
   63650.00     1.09073      3.5187    2.198030 
   63660.00     1.08834      3.2483    2.195220 
   63670.00     1.08593      3.2404    2.192610 
   63680.00     1.08353      3.2236    2.190830 
   63690.00     1.08108      3.0173    2.186300 
   63700.00     1.07859      2.9995    2.178340 
   63710.00     1.07618      3.0015    2.170760 
   63720.00     1.07370      2.7794    2.163530 
   63730.00     1.07114      2.6146    2.158760 
   63740.00     1.06865      2.7567    2.155810 
   63750.00     1.06609      2.7281    2.153300 
   63760.00     1.06349      2.7320    2.150770 
   63770.00     1.06098      2.6590    2.148820 
   63780.00     1.05834      2.4873    2.147560 
   63790.00     1.05576      2.4113    2.145530 
   63800.00     1.05316      2.2830    2.141110 
   63810.00     1.05046      2.4113    2.132650 
   63820.00     1.04784      2.3560    2.123440 
   63830.00     1.04514      2.2494    2.116910 
   63840.00     1.04247      2.3234    2.114720 
   63850.00     1.03981      2.2089    2.113660 
   63860.00     1.03709      1.9809    2.111900 
   63870.00     1.03437      2.0431    2.109590 
   63880.00     1.03170      1.9947    2.107750 
   63890.00     1.02894      1.9681    2.106890 
   63900.00     1.02626      2.0569    2.102660 
   63910.00     1.02355      1.9414    2.128750 
   63920.00     1.02077      1.7835    2.129830 
   63930.00     1.01805      1.7421    2.128910 
   63940.00     1.01530      1.6937    2.129620 
   63950.00     1.01256      1.9405    2.129960 
   63960.00     1.00985      1.8171    2.128170 
   63970.00     1.00703      1.7845    2.122730 
   63980.00     1.00430      1.7105    2.115130 
   63990.00     1.00154      1.6523    2.110650 
   64000.00     0.99886      1.6947    2.096230 
   64010.00     0.99611      1.6138    2.092440 
   64020.00     0.99335      1.7450    2.095580 
   64030.00     0.99060      1.6996    2.088760 
   64040.00     0.98788      1.5447    2.080820 
   64050.00     0.98505      1.8358    2.067160 
   64060.00     0.98233      1.7046    2.059580 
   64070.00     0.97961      1.5072    2.057030 
   64080.00     0.97686      1.5397    2.048110 
   64090.00     0.97420      1.5190    2.036910 
   64100.00     0.97143      1.2841    2.020790 
   64110.00     0.96869      1.3907    2.005160 
   64120.00     0.96603      1.2890    2.023390 
   64130.00     0.96329      1.4233    2.034450 
   64140.00     0.96062      1.4035    2.021590 
   64150.00     0.95794      1.3828    2.021190 
   64160.00     0.95522      1.3344    2.022510 
   64170.00     0.95260      1.3769    2.010960 
   64180.00     0.94994      1.4578    1.992180 
   64190.00     0.94730      1.2959    1.973280 
   64200.00     0.94472      1.4183    1.955470 
   64210.00     0.94210      1.4529    1.981510 
   64220.00     0.93950      1.4963    1.979540 
   64230.00     0.93692      1.4035    1.975930 
   64240.00     0.93430      1.3700    1.929380 
   64250.00     0.93179      1.2979    1.949690 
   64260.00     0.92927      1.1943    1.979370 
   64270.00     0.92674      1.2032    1.981230 
   64280.00     0.92426      1.3196    1.992080 
   64290.00     0.92175      1.3976    2.014880 
   64300.00     0.91929      1.1893    1.972830 
   64310.00     0.91694      1.1390    1.984250 
   64320.00     0.91451      1.2338    2.458740 
   64330.00     0.91206      1.1943    2.500000 
   64340.00     0.90971      1.3344    2.104660 
   64350.00     0.90734      1.3719    1.951500 
   64360.00     0.90499      1.0699    2.224520 
   64370.00     0.90272      1.3838    2.500000 
   64380.00     0.90048      1.2930    2.351560 
   64390.00     0.89817      1.4440    2.004040 
   64400.00     0.89593      1.4134    2.360540 
   64410.00     0.89374      1.3374    2.500000 
   64420.00     0.89152      1.3640    1.981110 
   64430.00     0.88936      1.4420    1.622270 
   64440.00     0.88732      1.3473    2.235060 
   64450.00     0.88518      1.3512    2.158250 
   64460.00     0.88306      1.4420    1.699520 
   64470.00     0.88106      1.5881    1.868000 
   64480.00     0.87906      1.2525    2.500000 
   64490.00     0.87707      1.4588    2.484060 
   64500.00     0.87509      1.5447    2.351290 
   64510.00     0.87324      1.2782    1.534730 
   64520.00     0.87131      1.4065    2.446910 
   64530.00     0.86944      1.3492    2.167900 
   64540.00     0.86759      1.3058    2.299910 
   64550.00     0.86588      1.4489    2.436840 
   64560.00     0.86410      1.1538    2.172540 
   64570.00     0.86237      1.3137    1.744340 
   64580.00     0.86064      1.3157    1.774630 
   64590.00     0.85902      1.1025    2.224840 
   64600.00     0.85740      1.3374    1.599580 
   64610.00     0.85578      1.4016    2.367860 
   64620.00     0.85422      1.3137    2.074810 
   64630.00     0.85272      1.4252    2.119410 
   64640.00     0.85129      1.2071    1.690440 
   64650.00     0.84981      1.2436    2.143300 
   64660.00     0.84842      1.3058    2.500000 
   64670.00     0.84707      1.3601    2.443330 
   64680.00     0.84574      1.3690    2.398790 
   64690.00     0.84451      1.1755    2.388150 
   64700.00     0.84322      1.2772    1.967850 
   64710.00     0.84200      1.2505    2.360080 
   64720.00     0.84081      1.1982    2.344320 
   64730.00     0.83965      1.1410    2.359370 
   64740.00     0.83855      1.2101    1.749070 
   64750.00     0.83759      1.2417    1.764600 
   64760.00     0.83653      1.2032    1.716130 
   64770.00     0.83551      1.1380    1.476100 
   64780.00     0.83459      1.1745    1.663290 
   64790.00     0.83368      1.1321    2.352890 
   64800.00     0.83285      1.0373    2.380980 
   64810.00     0.83200      1.1449    2.392430 
   64820.00     0.83125      1.1538    2.364160 
   64830.00     0.83052      1.2032    2.481560 
   64840.00     0.82987      1.2130    2.394590 
   64850.00     0.82921      1.2367    1.835420 
   64860.00     0.82861      1.3789    1.829500 
   64870.00     0.82809      1.3216    2.073410 
   64880.00     0.82750      1.2624    2.200330 
   64890.00     0.82701      1.3305    2.469850 
   64900.00     0.82661      1.3512    2.307330 
   64910.00     0.82622      1.3808    1.897130 
   64920.00     0.82586      1.5555    2.348920 
   64930.00     0.82555      1.4243    2.365420 
   64940.00     0.82528      1.3808    2.363970 
   64950.00     0.82507      1.3946    2.362530 
   64960.00     0.82491      1.4252    2.091560 
   64970.00     0.82480      1.3029    2.075280 
   64980.00     0.82468      1.3206    2.273080 
   64990.00     0.82468      1.2762    2.180520 
   65000.00     0.82466      1.3433    2.352580 
   65010.00     0.82464      1.4637    2.360230 
   65020.00     0.82476      1.5190    2.353820 
   65030.00     0.82491      1.4302    2.211350 
   65040.00     0.82509      1.1805    2.100360 
   65050.00     0.82526      1.3640    2.264290 
   65060.00     0.82551      1.3117    2.361580 
   65070.00     0.82578      1.1489    2.357740 
   65080.00     0.82617      1.2959    2.353230 
   65090.00     0.82657      1.1864    2.361500 
   65100.00     0.82699      1.3256    2.366310 
   65110.00     0.82744      1.2683    2.360510 
   65120.00     0.82802      1.2101    1.900330 
   65130.00     0.82852      1.0995    2.309480 
   65140.00     0.82913      1.1430    2.352570 
   65150.00     0.82983      1.0926    2.359940 
   65160.00     0.83048      1.0186    2.357090 
   65170.00     0.83118      1.2259    2.337190 
   65180.00     0.83191      1.1262    2.026680 
   65190.00     0.83274      1.3532    1.667920 
   65200.00     0.83356      1.3848    2.316090 
   65210.00     0.83451      1.2239    2.354280 
   65220.00     0.83543      1.4371    2.354280 
   65230.00     0.83644      1.3956    2.368230 
   65240.00     0.83748      1.4302    2.364840 
   65250.00     0.83842      1.3463    1.803450 
   65260.00     0.83952      1.3177    2.017990 
   65270.00     0.84069      1.3759    1.969110 
   65280.00     0.84189      1.4588    1.813590 
   65290.00     0.84310      1.5239    2.365470 
   65300.00     0.84434      1.4371    2.391110 
   65310.00     0.84557      1.3344    2.476510 
   65320.00     0.84690      1.3828    1.560210 
   65330.00     0.84827      1.2831    2.290130 
   65340.00     0.84969      1.2288    1.960700 
   65350.00     0.85114      1.4489    2.208070 
   65360.00     0.85254      1.5812    2.366510 
   65370.00     0.85403      1.5170    1.975000 
   65380.00     0.85561      1.5427    1.835540 
   65390.00     0.85724      1.4144    2.359260 
   65400.00     0.85888      1.4154    2.367780 
   65410.00     0.86044      1.6049    2.333120 
   65420.00     0.86216      1.5585    1.556240 
   65430.00     0.86389      1.3413    2.433940 
   65440.00     0.86566      1.4104    2.500000 
   65450.00     0.86742      1.4430    2.403690 
   65460.00     0.86925      1.3305    2.195390 
   65470.00     0.87114      1.4489    2.286000 
   65480.00     0.87301      1.4805    2.462690 
   65490.00     0.87484      1.4815    2.395420 
   65500.00     0.87684      1.5930    2.307480 
   65510.00     0.87884      1.5476    1.942420 
   65520.00     0.88087      1.6789    2.368160 
   65530.00     0.88285      1.5279    2.362710 
   65540.00     0.88493      1.5634    2.475910 
   65550.00     0.88705      1.5555    2.359480 
   65560.00     0.88913      1.5644    2.423350 
   65570.00     0.89129      1.2742    2.500000 
   65580.00     0.89351      1.3887    2.500000 
   65590.00     0.89570      1.3502    2.380490 
   65600.00     0.89790      1.3976    2.041540 
   65610.00     0.90019      1.4815    1.952490 
   65620.00     0.90247      1.5407    2.500000 
   65630.00     0.90476      1.5170    2.479270 
   65640.00     0.90711      1.4845    2.496290 
   65650.00     0.90946      1.5842    2.500000 
   65660.00     0.91181      1.5723    2.500000 
   65670.00     0.91422      1.5526    2.500000 
   65680.00     0.91665      1.4993    2.285790 
   65690.00     0.91904      1.5832    2.114970 
   65700.00     0.92152      1.5743    2.403440 
   65710.00     0.92405      1.7904    1.950000 
   65720.00     0.92645      1.7292    1.975250 
   65730.00     0.92896      1.7677    1.928810 
   65740.00     0.93150      1.8329    1.930100 
   65750.00     0.93403      1.9207    1.954920 
   65760.00     0.93667      1.7934    1.965470 
   65770.00     0.93923      1.9474    1.957040 
   65780.00     0.94179      2.0984    1.934800 
   65790.00     0.94441      2.0777    1.922040 
   65800.00     0.94699      1.8733    1.944380 
   65810.00     0.94965      1.9622    1.970970 
   65820.00     0.95233      1.8092    1.972660 
   65830.00     0.95495      1.9533    1.992340 
   65840.00     0.95763      2.0846    1.994650 
   65850.00     0.96031      1.9730    1.982660 
   65860.00     0.96299      2.1576    1.984850 
   65870.00     0.96574      2.2681    1.995090 
   65880.00     0.96844      1.9691    2.007890 
   65890.00     0.97112      2.1083    2.020340 
   65900.00     0.97387      1.9316    2.030280 
   65910.00     0.97653      2.0668    2.044100 
   65920.00     0.97931      2.2751    2.046050 
   65930.00     0.98204      2.2642    2.044410 
   65940.00     0.98478      2.2603    2.039620 
   65950.00     0.98757      2.2928    2.021710 
   65960.00     0.99027      2.4616    2.027270 
   65970.00     0.99301      2.5129    2.043100 
   65980.00     0.99582      2.6156    2.050310 
   65990.00     0.99855      2.6738    2.054080 
   66000.00     1.00125      2.8653    2.070490 
   66010.00     1.00401      2.8692    2.088460 
   66020.00     1.00672      2.8702    2.089840 
   66030.00     1.00952      2.8821    2.089690 
   66040.00     1.01225      2.9778    2.102240 
   66050.00     1.01499      3.2285    2.094000 
   66060.00     1.01780      3.1969    2.089610 
   66070.00     1.02050      3.5187    2.097830 
   66080.00     1.02322      3.4664    2.102000 
   66090.00     1.02593      3.6036    2.098380 
   66100.00     1.02863      3.8701    2.102260 
   66110.00     1.03139      3.8335    2.112050 
   66120.00     1.03410      4.1060    2.115330 
   66130.00     1.03682      4.0872    2.117000 
   66140.00     1.03954      4.2441    2.118490 
   66150.00     1.04214      4.3754    2.130980 
   66160.00     1.04484      4.3932    2.135870 
   66170.00     1.04755      4.8215    2.138570 
   66180.00     1.05019      4.9015    2.139170 
   66190.00     1.05287      5.0367    2.137300 
   66200.00     1.05545      5.2706    2.134570 
   66210.00     1.05803      5.3358    2.130010 
   66220.00     1.06067      5.7464    2.134940 
   66230.00     1.06324      5.9872    2.121430 
   66240.00     1.06584      6.2113    2.119650 
   66250.00     1.06840      6.4235    2.130230 
   66260.00     1.07085      6.7255    2.129470 
   66270.00     1.07341      6.9110    2.129930 
   66280.00     1.07592      7.0038    2.136500 
   66290.00     1.07832      7.3542    2.142760 
   66300.00     1.08083      7.6010    2.144830 
   66310.00     1.08329      8.0698    2.148440 
   66320.00     1.08565      8.1201    2.151710 
   66330.00     1.08805      8.5949    2.156070 
   66340.00     1.09044      8.6452    2.162830 
   66350.00     1.09277      9.0331    2.167430 
   66360.00     1.09514      9.1545    2.177940 
   66370.00     1.09750     10.0172    2.184680 
   66380.00     1.09971     10.1415    2.189270 
   66390.00     1.10197     10.2797    2.193020 
   66400.00     1.10424     10.6933    2.194390 
   66410.00     1.10642     10.9913    2.196060 
   66420.00     1.10859     11.4730    2.197180 
   66430.00     1.11081     11.7405    2.199860 
   66440.00     1.11291     11.8510    2.201660 
   66450.00     1.11495     12.2883    2.203330 
   66460.00     1.11705     12.5627    2.205040 
   66470.00     1.11911     13.0591    2.206190 
   66480.00     1.12108     13.3809    2.208970 
   66490.00     1.12308     13.5556    2.212280 
   66500.00     1.12507     14.0116    2.214020 
   66510.00     1.12697     14.3432    2.217100 
   66520.00     1.12881     14.6541    2.225410 
   66530.00     1.13067     15.0924    2.231450 
   66540.00     1.13254     15.2098    2.234270 
   66550.00     1.13437     15.6056    2.237980 
   66560.00     1.13605     16.0142    2.241760 
   66570.00     1.13778     16.0350    2.242950 
   66580.00     1.13946     16.1603    2.243560 
   66590.00     1.14118     16.5058    2.245010 
   66600.00     1.14276     16.6272    2.246040 
   66610.00     1.14434     16.9322    2.245780 
   66620.00     1.14590     17.4345    2.247540 
   66630.00     1.14744     17.6162    2.248990 
   66640.00     1.14892     17.6833    2.248280 
   66650.00     1.15031     17.9794    2.249360 
   66660.00     1.15173     18.2321    2.251450 
   66670.00     1.15314     18.2143    2.252380 
   66680.00     1.15447     18.5775    2.253030 
   66690.00     1.15576     18.7423    2.254460 
   66700.00     1.15697     18.9970    2.256450 
   66710.00     1.15819     18.9654    2.258170 
   66720.00     1.15940     19.3642    2.259220 
   66730.00     1.16056     19.5211    2.261960 
   66740.00     1.16166     19.6830    2.264410 
   66750.00     1.16272     19.5369    2.265580 
   66760.00     1.16370     19.9396    2.268760 
   66770.00     1.16464     20.0156    2.270360 
   66780.00     1.16559     20.0264    2.271430 
   66790.00     1.16651     20.0442    2.273790 
   66800.00     1.16736     20.1626    2.276780 
   66810.00     1.16815     20.1587    2.278220 
   66820.00     1.16894     20.2890    2.279540 
   66830.00     1.16971     20.4874    2.282100 
   66840.00     1.17040     20.5061    2.282100 
   66850.00     1.17104     20.3206    2.283010 
   66860.00     1.17154     20.4548    2.284400 
   66870.00     1.17214     20.3295    2.284950 
   66880.00     1.17266     20.5170    2.285790 
   66890.00     1.17312     20.5940    2.286650 
   66900.00     1.17360     20.5051    2.286830 
   66910.00     1.17401     20.6749    2.287230 
   66920.00     1.17434     20.3531    2.289070 
   66930.00     1.17459     20.3423    2.290340 
   66940.00     1.17484     20.2080    2.288720 
   66950.00     1.17514     20.2130    2.289580 
   66960.00     1.17536     20.0955    2.289960 
   66970.00     1.17545     19.9534    2.291100 
   66980.00     1.17555     19.8883    2.291320 
   66990.00     1.17555     19.7836    2.291140 
   67000.00     1.17553     19.6228    2.291410 
   67010.00     1.17555     19.3523    2.291470 
   67020.00     1.17547     19.3336    2.291740 
   67030.00     1.17534     19.3020    2.292020 
   67040.00     1.17514     19.0296    2.291730 
   67050.00     1.17487     18.9052    2.292110 
   67060.00     1.17464     18.4324    2.293090 
   67070.00     1.17437     18.2054    2.292810 
   67080.00     1.17405     18.0060    2.292560 
   67090.00     1.17366     17.9103    2.292700 
   67100.00     1.17318     17.6132    2.292550 
   67110.00     1.17272     17.2243    2.292150 
   67120.00     1.17222     17.0842    2.292660 
   67130.00     1.17160     16.7308    2.292940 
   67140.00     1.17110     16.5601    2.292940 
   67150.00     1.17048     16.1712    2.292270 
   67160.00     1.16977     15.8662    2.292060 
   67170.00     1.16902     15.7349    2.292020 
   67180.00     1.16825     15.2779    2.292020 
   67190.00     1.16746     14.9759    2.292160 
   67200.00     1.16661     14.7884    2.291890 
   67210.00     1.16570     14.3047    2.291220 
   67220.00     1.16476     14.2179    2.292060 
   67230.00     1.16380     13.8537    2.291110 
   67240.00     1.16283     13.2822    2.291260 
   67250.00     1.16177     13.1795    2.290720 
   67260.00     1.16067     12.6732    2.291240 
   67270.00     1.15954     12.4117    2.289990 
   67280.00     1.15832     11.8974    2.289700 
   67290.00     1.15707     11.6181    2.289360 
   67300.00     1.15588     11.5352    2.288260 
   67310.00     1.15462     10.9134    2.287440 
   67320.00     1.15328     10.2728    2.286020 
   67330.00     1.15191      9.9491    2.283170 
   67340.00     1.15046     10.1149    2.282560 
   67350.00     1.14909      9.4546    2.280380 
   67360.00     1.14761      9.2749    2.277130 
   67370.00     1.14607      8.5692    2.273110 
   67380.00     1.14451      8.4172    2.270200 
   67390.00     1.14291      8.0155    2.267420 
   67400.00     1.14137      7.7846    2.264850 
   67410.00     1.13967      7.6256    2.263230 
   67420.00     1.13796      7.2289    2.260490 
   67430.00     1.13624      7.2989    2.257690 
   67440.00     1.13457      6.9564    2.258000 
   67450.00     1.13276      6.7502    2.255650 
   67460.00     1.13091      6.4995    2.254670 
   67470.00     1.12902      6.1866    2.254490 
   67480.00     1.12717      6.0760    2.253260 
   67490.00     1.12526      5.6862    2.251780 
   67500.00     1.12331      5.5815    2.250810 
   67510.00     1.12129      5.5006    2.249430 
   67520.00     1.11934      4.8709    2.246930 
   67530.00     1.11726      4.9943    2.246350 
   67540.00     1.11518      4.9094    2.244260 
   67550.00     1.11314      4.6903    2.239960 
   67560.00     1.11106      4.4879    2.236090 
   67570.00     1.10884      4.4307    2.232500 
   67580.00     1.10665      4.2540    2.224420 
   67590.00     1.10449      4.0862    2.216140 
   67600.00     1.10222      4.0645    2.211150 
   67610.00     1.09996      3.9204    2.208020 
   67620.00     1.09773      3.7625    2.204510 
   67630.00     1.09539      3.5463    2.201170 
   67640.00     1.09303      3.5088    2.199550 
   67650.00     1.09071      3.5740    2.197440 
   67660.00     1.08834      3.3302    2.194030 
   67670.00     1.08595      3.2038    2.193300 
   67680.00     1.08355      3.0568    2.191030 
   67690.00     1.08112      3.1229    2.185240 
   67700.00     1.07861      2.9561    2.178520 
   67710.00     1.07617      2.8919    2.172200 
   67720.00     1.07368      2.9166    2.163510 
   67730.00     1.07112      2.7478    2.158210 
   67740.00     1.06867      2.5119    2.155150 
   67750.00     1.06611      2.7814    2.152580 
   67760.00     1.06351      2.4705    2.150280 
   67770.00     1.06098      2.5544    2.148280 
   67780.00     1.05832      2.3757    2.146850 
   67790.00     1.05574      2.3441    2.144870 
   67800.00     1.05318      2.3935    2.140270 
   67810.00     1.05050      2.3214    2.133060 
   67820.00     1.04786      2.3659    2.125820 
   67830.00     1.04514      2.1458    2.116960 
   67840.00     1.04245      2.2741    2.113650 
   67850.00     1.03981      2.1665    2.113210 
   67860.00     1.03711      2.1181    2.111660 
   67870.00     1.03439      1.9691    2.110920 
   67880.00     1.03171      1.9296    2.119960 
   67890.00     1.02894      1.9355    2.109220 
   67900.00     1.02624      1.9414    2.095510 
   67910.00     1.02353      1.9010    2.109680 
   67920.00     1.02081      1.8980    2.132750 
   67930.00     1.01809      1.8003    2.128030 
   67940.00     1.01532      1.9286    2.133030 
   67950.00     1.01256      1.8487    2.129240 
   67960.00     1.00983      1.8408    2.126500 
   67970.00     1.00703      1.5920    2.119840 
   67980.00     1.00430      1.7569    2.122570 
   67990.00     1.00156      1.6315    2.111070 
   68000.00     0.99886      1.7283    2.095070 
   68010.00     0.99611      1.5772    2.092160 
   68020.00     0.99333      1.7885    2.091570 
   68030.00     0.99060      1.7667    2.086370 
   68040.00     0.98790      1.6463    2.079320 
   68050.00     0.98509      1.7095    2.062970 
   68060.00     0.98233      1.6365    2.061340 
   68070.00     0.97961      1.6552    2.054680 
   68080.00     0.97684      1.3443    2.058900 
   68090.00     0.97418      1.3137    2.044500 
   68100.00     0.97143      1.4420    2.019370 
   68110.00     0.96871      1.4144    2.011380 
   68120.00     0.96603      1.4805    2.023170 
   68130.00     0.96328      1.5309    2.030630 
   68140.00     0.96062      1.6582    2.012480 
   68150.00     0.95792      1.3710    2.035840 
   68160.00     0.95524      1.4055    2.020070 
   68170.00     0.95264      1.3976    2.006760 
   68180.00     0.94996      1.5466    1.991260 
   68190.00     0.94728      1.2624    1.974270 
   68200.00     0.94470      1.3552    1.966630 
   68210.00     0.94208      1.2732    1.972180 
   68220.00     0.93950      1.2920    1.979560 
   68230.00     0.93694      1.3019    1.970100 
   68240.00     0.93430      1.4657    1.908720 
   68250.00     0.93179      1.3453    1.979210 
   68260.00     0.92925      1.4618    1.972010 
   68270.00     0.92674      1.4677    1.974790 
   68280.00     0.92430      1.3858    2.013990 
   68290.00     0.92181      1.3433    2.006140 
   68300.00     0.91931      1.3571    1.978220 
   68310.00     0.91690      1.4805    1.962920 
   68320.00     0.91449      1.4943    2.063160 
   68330.00     0.91206      1.3433    2.445600 
   68340.00     0.90971      1.4430    1.956020 
   68350.00     0.90738      1.2959    1.958290 
   68360.00     0.90499      1.2584    2.435000 
   68370.00     0.90272      1.2318    2.036670 
   68380.00     0.90044      1.3877    2.296730 
   68390.00     0.89815      1.3226    2.409470 
   68400.00     0.89593      1.2209    2.408650 
   68410.00     0.89376      1.5605    2.312330 
   68420.00     0.89154      1.4312    2.026610 
   68430.00     0.88936      1.2259    2.371580 
   68440.00     0.88730      1.4213    2.500000 
   68450.00     0.88516      1.4065    2.500000 
   68460.00     0.88308      1.4894    2.458070 
   68470.00     0.88108      1.4302    2.363560 
   68480.00     0.87908      1.4756    2.447680 
   68490.00     0.87705      1.4657    2.164010 
   68500.00     0.87507      1.4706    2.090640 
   68510.00     0.87324      1.4825    2.335850 
   68520.00     0.87133      1.3305    2.362920 
   68530.00     0.86946      1.2831    2.270870 
   68540.00     0.86761      1.3552    1.557020 
   68550.00     0.86588      1.3700    1.928560 
   68560.00     0.86408      1.1676    2.310470 
   68570.00     0.86235      1.2426    1.647260 
   68580.00     0.86064      1.2851    2.072920 
   68590.00     0.85906      1.4045    2.355610 
   68600.00     0.85742      1.2486    2.420730 
   68610.00     0.85578      1.3808    2.500000 
   68620.00     0.85420      1.3986    2.466470 
   68630.00     0.85272      1.3068    2.251670 
   68640.00     0.85131      1.3473    1.557610 
   68650.00     0.84985      1.3137    2.342830 
   68660.00     0.84844      1.1805    2.402310 
   68670.00     0.84707      1.2111    2.481570 
   68680.00     0.84570      1.3749    1.843140 
   68690.00     0.84449      1.4173    2.018600 
   68700.00     0.84326      1.2466    2.130270 
   68710.00     0.84200      1.3167    1.966790 
   68720.00     0.84083      1.2989    2.164710 
   68730.00     0.83963      1.5555    2.347100 
   68740.00     0.83854      1.3729    2.362040 
   68750.00     0.83759      1.1509    2.361450 
   68760.00     0.83657      1.2466    2.352330 
   68770.00     0.83557      1.1953    2.004200 
   68780.00     0.83461      1.3216    1.650850 
   68790.00     0.83368      1.2436    1.860320 
   68800.00     0.83283      1.1301    1.788470 
   68810.00     0.83198      1.2101    1.494880 
   68820.00     0.83127      1.3325    1.477420 
   68830.00     0.83054      1.4736    1.344090 
   68840.00     0.82988      1.4470    1.577360 
   68850.00     0.82919      1.4203    2.057950 
   68860.00     0.82859      1.2525    1.920420 
   68870.00     0.82807      1.1025    1.874320 
   68880.00     0.82751      1.2535    2.316230 
   68890.00     0.82705      1.1874    2.410820 
   68900.00     0.82663      1.2999    2.356560 
   68910.00     0.82622      1.3739    2.258690 
   68920.00     0.82582      1.1775    2.202370 
   68930.00     0.82553      1.1864    2.479030 
   68940.00     0.82530      1.1943    2.371410 
   68950.00     0.82511      1.2387    2.345890 
   68960.00     0.82491      1.2209    2.340290 
   68970.00     0.82476      1.1390    2.366050 
   68980.00     0.82466      1.2407    2.360560 
   68990.00     0.82468      1.2496    1.710780 
   69000.00     0.82470      1.4252    1.830900 
   69010.00     0.82470      1.5032    2.358170 
   69020.00     0.82478      1.2407    2.131170 
   69030.00     0.82489      1.1893    1.534850 
   69040.00     0.82507      1.2022    1.581560 
   69050.00     0.82526      1.2693    2.360690 
   69060.00     0.82551      1.3295    2.374680 
   69070.00     0.82580      1.3265    2.367390 
   69080.00     0.82617      1.3423    2.464460 
   69090.00     0.82657      1.3048    2.414100 
   69100.00     0.82697      1.3078    2.359430 
   69110.00     0.82746      1.2555    2.359130 
   69120.00     0.82803      1.3719    2.356650 
   69130.00     0.82855      1.1568    2.197950 
   69140.00     0.82915      1.2051    1.551170 
   69150.00     0.82981      1.1311    1.537480 
   69160.00     0.83044      1.2811    2.461500 
   69170.00     0.83116      1.1420    2.383530 
   69180.00     0.83191      1.3552    2.348970 
   69190.00     0.83277      1.2880    1.832460 
   69200.00     0.83358      1.1479    1.957790 
   69210.00     0.83449      1.2436    2.356940 
   69220.00     0.83541      1.1745    2.358260 
   69230.00     0.83644      1.2209    2.347290 
   69240.00     0.83750      1.2417    2.283940 
   69250.00     0.83844      1.2496    1.553960 
   69260.00     0.83954      1.1410    2.346250 
   69270.00     0.84069      1.1972    2.356190 
   69280.00     0.84185      1.2130    2.361720 
   69290.00     0.84308      1.2081    2.451840 
   69300.00     0.84437      1.3690    2.423260 
   69310.00     0.84561      1.3107    2.356440 
   69320.00     0.84690      1.2555    2.356070 
   69330.00     0.84827      1.3512    2.355370 
   69340.00     0.84965      1.3789    2.355470 
   69350.00     0.85114      1.4400    2.366790 
   69360.00     0.85258      1.3719    2.366940 
   69370.00     0.85408      1.2880    2.347030 
   69380.00     0.85563      1.3877    2.160360 
   69390.00     0.85721      1.0966    1.988420 
   69400.00     0.85884      1.3058    2.171230 
   69410.00     0.86042      1.2190    2.366930 
   69420.00     0.86218      1.4193    2.369040 
   69430.00     0.86391      1.6236    2.392270 
   69440.00     0.86568      1.3789    2.248150 
   69450.00     0.86742      1.4400    1.367190 
   69460.00     0.86923      1.5772    2.341990 
   69470.00     0.87112      1.2950    2.355190 
   69480.00     0.87303      1.2150    1.711090 
   69490.00     0.87487      1.3631    2.171220 
   69500.00     0.87684      1.4154    2.500000 
   69510.00     0.87882      1.4785    2.432120 
   69520.00     0.88083      1.4006    2.396640 
   69530.00     0.88283      1.2111    2.412720 
   69540.00     0.88493      1.4312    2.146910 
   69550.00     0.88709      1.2545    2.500000 
   69560.00     0.88913      1.2683    1.904600 
   69570.00     0.89127      1.4578    2.434510 
   69580.00     0.89349      1.2476    2.500000 
   69590.00     0.89568      1.4716    2.500000 
   69600.00     0.89792      1.4529    2.500000 
   69610.00     0.90021      1.3887    2.233470 
   69620.00     0.90249      1.3492    2.113380 
   69630.00     0.90474      1.3344    2.368710 
   69640.00     0.90707      1.4558    1.994810 
   69650.00     0.90944      1.4420    2.493950 
   69660.00     0.91181      1.5545    1.895450 
   69670.00     0.91422      1.7421    2.439540 
   69680.00     0.91665      1.5792    2.500000 
   69690.00     0.91902      1.4124    2.099340 
   69700.00     0.92148      1.4529    1.935040 
   69710.00     0.92401      1.4627    1.962700 
   69720.00     0.92645      1.6118    1.971030 
   69730.00     0.92900      1.7322    1.961770 
   69740.00     0.93152      1.6572    1.928270 
   69750.00     0.93403      1.7046    1.932550 
   69760.00     0.93665      1.7658    1.993710 
   69770.00     0.93921      1.6740    1.947470 
   69780.00     0.94179      1.8467    1.953520 
   69790.00     0.94443      1.6463    1.939860 
   69800.00     0.94701      1.7658    1.950580 
   69810.00     0.94963      1.7786    1.968240 
   69820.00     0.95233      2.0234    1.976400 
   69830.00     0.95493      1.8832    1.986360 
   69840.00     0.95765      2.0313    1.996400 
   69850.00     0.96033      1.9661    1.976480 
   69860.00     0.96301      2.0431    1.981810 
   69870.00     0.96570      1.9651    1.999780 
   69880.00     0.96842      1.9395    2.008880 
   69890.00     0.97110      2.1852    2.020580 
   69900.00     0.97389      2.0402    2.035460 
   69910.00     0.97657      2.0875    2.044770 
   69920.00     0.97931      2.2306    2.048450 
   69930.00     0.98202      2.2277    2.041840 
   69940.00     0.98476      2.3708    2.015300 
   69950.00     0.98757      2.1971    2.016750 
   69960.00     0.99031      2.5682    2.020420 
   69970.00     0.99304      2.4044    2.035600 
   69980.00     0.99584      2.4567    2.041620 
   69990.00     0.99855      2.7202    2.058190 
   70000.00     1.00004      2.6057    2.074050 
   70010.00     1.00004      2.8189    2.083900 
   70020.00     1.00004      2.5494    2.088950 
   70030.00     1.00006      2.5613    2.090690 
   70040.00     1.00004      2.3787    2.089540 
   70050.00     1.00002      2.4211    2.091030 
   70060.00     1.00002      2.5564    2.090450 
   70070.00     1.00004      2.3224    2.090310 
   70080.00     1.00006      2.4843    2.090300 
   70090.00     1.00006      2.3836    2.089090 
   70100.00     1.00004      2.4340    2.090300 
   70110.00     1.00002      2.4310    2.091600 
   70120.00     1.00004      2.5031    2.091470 
   70130.00     1.00004      2.4359    2.091550 
   70140.00     1.00004      2.5021    2.092940 
   70150.00     1.00004      2.4725    2.091610 
   70160.00     1.00004      2.3807    2.090610 
   70170.00     1.00002      2.3333    2.091190 
   70180.00     1.00002      2.1122    2.091860 
   70190.00     1.00002      2.1862    2.091980 
   70200.00     1.00006      2.1912    2.091790 
   70210.00     1.00004      2.3303    2.092060 
   70220.00     1.00004      2.3372    2.092740 
   70230.00     1.00002      2.0589    2.092980 
   70240.00     1.00004      2.2563    2.092440 
   70250.00     1.00004      2.1102    2.092470 
   70260.00     1.00004      2.2050    2.092900 
   70270.00     1.00004      2.2652    2.092750 
   70280.00     1.00004      2.1675    2.091960 
   70290.00     1.00000      2.1576    2.092500 
   70300.00     1.00002      2.1556    2.092170 
   70310.00     1.00004      2.1300    2.092930 
   70320.00     1.00006      2.2030    2.093840 
   70330.00     1.00006      2.3096    2.093380 
   70340.00     1.00004      2.1921    2.093090 
   70350.00     1.00002      2.1852    2.094500 
   70360.00     1.00002      2.3678    2.093660 
   70370.00     1.00002      2.3718    2.091870 
   70380.00     1.00004      2.3955    2.093140 
   70390.00     1.00004      2.3116    2.094040 
   70400.00     1.00004      2.3155    2.093690 
   70410.00     1.00000      2.3560    2.094240 
   70420.00     1.00002      2.2612    2.095030 
   70430.00     1.00004      2.1783    2.094180 
   70440.00     1.00006      2.2020    2.092520 
   70450.00     1.00004      2.0382    2.093670 
   70460.00     1.00004      2.3501    2.095340 
   70470.00     1.00002      2.1537    2.094590 
   70480.00     1.00002      2.2820    2.092980 
   70490.00     1.00004      2.1477    2.094020 
   70500.00     1.00004      2.1102    2.094520 
   70510.00     1.00004      2.1408    2.092600 
   70520.00     1.00004      2.4330    2.092360 
   70530.00     1.00002      2.2020    2.094510 
   70540.00     1.00002      2.2751    2.094900 
   70550.00     1.00004      2.3392    2.094560 
   70560.00     1.00006      2.2830    2.095790 
   70570.00     1.00004      2.3787    2.094130 
   70580.00     1.00004      2.3560    2.092100 
   70590.00     1.00004      2.2849    2.093940 
   70600.00     1.00002      2.2770    2.094070 
   70610.00     1.00002      2.3313    2.092720 
   70620.00     1.00004      2.0520    2.093440 
   70630.00     1.00006      2.1221    2.095390 
   70640.00     1.00004      2.0905    2.094920 
   70650.00     1.00002      2.1359    2.094130 
   70660.00     1.00002      2.3728    2.095490 
   70670.00     1.00004      2.1892    2.094730 
   70680.00     1.00006      2.0431    2.095130 
   70690.00     1.00004      2.0382    2.095070 
   70700.00     1.00004      2.1004    2.094620 
   70710.00     1.00002      2.0994    2.094080 
   70720.00     1.00004      2.1053    2.095050 
   70730.00     1.00004      2.0668    2.096400 
   70740.00     1.00004      2.1102    2.095360 
   70750.00     1.00006      1.9799    2.093320 
   70760.00     1.00002      2.1438    2.096400 
   70770.00     1.00004      2.0777    2.095790 
   70780.00     1.00002      2.0856    2.094430 
   70790.00     1.00004      1.8062    2.096680 
   70800.00     1.00006      1.9069    2.096280 
   70810.00     1.00004      2.1408    2.094390 
   70820.00     1.00004      2.2859    2.094760 
   70830.00     1.00002      2.1843    2.096570 
   70840.00     1.00002      2.1102    2.096180 
   70850.00     1.00002      2.0471    2.094290 
   70860.00     1.00004      1.9750    2.096430 
   70870.00     1.00004      1.9671    2.097630 
   70880.00     1.00004      2.0293    2.094570 
   70890.00     1.00002      2.0421    2.096100 
   70900.00     1.00002      2.0767    2.096560 
   70910.00     1.00004      1.9543    2.096650 
   70920.00     1.00004      1.9691    2.096060 
   70930.00     1.00004      2.2099    2.096110 
   70940.00     1.00004      2.0431    2.097360 
   70950.00     1.00004      1.9839    2.096830 
   70960.00     1.00002      2.0629    2.095610 
   70970.00     1.00004      1.9424    2.094570 
   70980.00     1.00004      1.9178    2.096680 
   70990.00     1.00006      1.9484    2.095630 
   71000.00     1.00004      2.1606    2.096300 
   71010.00     1.00002      2.0253    2.097160 
   71020.00     1.00002      1.9266    2.096150 
   71030.00     1.00004      2.1290    2.095180 
   71040.00     1.00004      1.8398    2.096690 
   71050.00     1.00004      2.0224    2.098300 
   71060.00     1.00004      2.1102    2.095280 
   71070.00     1.00002      1.9957    2.097630 
   71080.00     1.00002      1.9661    2.098050 
   71090.00     1.00004      1.9602    2.095310 
   71100.00     1.00004      2.1418    2.096690 
   71110.00     1.00006      2.2770    2.097110 
   71120.00     1.00004      2.2129    2.096560 
   71130.00     1.00002      1.9869    2.096890 
   71140.00     1.00004      2.1181    2.098050 
   71150.00     1.00004      2.0984    2.097940 
   71160.00     1.00006      1.8980    2.095600 
   71170.00     1.00006      2.3935    2.097780 
   71180.00     1.00004      2.1951    2.097060 
   71190.00     1.00004      2.1625    2.095370 
   71200.00     1.00004      2.1803    2.095800 
   71210.00     1.00002      1.9829    2.097500 
   71220.00     1.00004      2.1280    2.096940 
   71230.00     1.00004      1.9365    2.096030 
   71240.00     1.00004      2.1546    2.096950 
   71250.00     1.00002      1.9681    2.097010 
   71260.00     1.00002      2.1951    2.096320 
   71270.00     1.00002      2.0411    2.097320 
   71280.00     1.00004      2.0421    2.097320 
   71290.00     1.00004      2.0915    2.098470 
   71300.00     1.00004      2.1013    2.098810 
   71310.00     1.00002      2.1280    2.098190 
   71320.00     1.00002      1.8576    2.097540 
   71330.00     1.00004      2.0826    2.097140 
   71340.00     1.00004      2.2524    2.097260 
   71350.00     1.00004      2.2918    2.097870 
   71360.00     1.00004      2.1527    2.096240 
   71370.00     1.00002      2.0540    2.096100 
   71380.00     1.00002      2.0026    2.096540 
   71390.00     1.00004      2.1931    2.097720 
   71400.00     1.00006      2.0658    2.096460 
   71410.00     1.00004      1.9523    2.097280 
   71420.00     1.00004      2.0184    2.097770 
   71430.00     1.00004      1.9553    2.097660 
   71440.00     1.00002      1.9030    2.097470 
   71450.00     1.00004      1.8427    2.096640 
   71460.00     1.00004      1.8052    2.097440 
   71470.00     1.00004      1.8497    2.095180 
   71480.00     1.00004      1.8615    2.098290 
   71490.00     1.00002      1.9878    2.097470 
   71500.00     1.00000      2.0510    2.096520 
   71510.00     1.00004      2.0411    2.098010 
   71520.00     1.00006      1.8388    2.098200 
   71530.00     1.00006      1.6740    2.097730 
   71540.00     1.00004      1.8773    2.097890 
   71550.00     1.00002      1.7322    2.097470 
   71560.00     1.00004      1.8477    2.097620 
   71570.00     1.00002      1.9750    2.099150 
   71580.00     1.00004      2.0253    2.096910 
   71590.00     1.00006      1.9642    2.096600 
   71600.00     1.00004      1.9237    2.098180 
   71610.00     1.00002      2.0313    2.098200 
   71620.00     1.00002      2.1704    2.098010 
   71630.00     1.00004      1.8605    2.098280 
   71640.00     1.00006      1.9651    2.098690 
   71650.00     1.00006      1.7500    2.098550 
   71660.00     1.00004      1.9109    2.096910 
   71670.00     1.00002      2.0589    2.097320 
   71680.00     1.00004      2.1546    2.097770 
   71690.00     1.00004      2.0777    2.098180 
   71700.00     1.00004      2.0303    2.096950 
   71710.00     1.00004      2.1408    2.096660 
   71720.00     1.00004      2.0372    2.097290 
   71730.00     1.00002      2.2178    2.098050 
   71740.00     1.00002      2.0786    2.097890 
   71750.00     1.00004      1.9898    2.096960 
   71760.00     1.00006      2.1092    2.097190 
   71770.00     1.00006      2.1132    2.096100 
   71780.00     1.00004      2.1635    2.096250 
   71790.00     1.00002      2.0915    2.099220 
   71800.00     1.00002      2.1201    2.098180 
   71810.00     1.00004      2.1132    2.097170 
   71820.00     1.00002      2.0174    2.097030 
   71830.00     1.00004      2.2139    2.097720 
   71840.00     1.00004      2.0885    2.098540 
   71850.00     1.00002      1.9898    2.098600 
   71860.00     1.00002      2.1507    2.098010 
   71870.00     1.00004      1.9207    2.099760 
   71880.00     1.00006      1.9326    2.099610 
   71890.00     1.00004      2.1201    2.098510 
   71900.00     1.00002      2.1329    2.098870 
   71910.00     1.00002      2.0520    2.098380 
   71920.00     1.00004      2.1645    2.097650 
   71930.00     1.00004      2.1260    2.098580 
   71940.00     1.00004      2.0658    2.099370 
   71950.00     1.00004      2.0145    2.098190 
   71960.00     1.00002      2.0244    2.098370 
   71970.00     1.00000      2.1497    2.097200 
   71980.00     1.00002      2.1033    2.098540 
   71990.00     1.00004      2.1517    2.097570 
   72000.00     1.00006      2.1843    2.099060 
   72010.00     1.00006      2.1369    2.096840 
   72020.00     1.00004      2.1191    2.096700 
   72030.00     1.00002      2.2573    2.098190 
   72040.00     1.00002      2.0392    2.098830 
   72050.00     1.00004      2.2603    2.098580 
   72060.00     1.00004      2.1921    2.098800 
   72070.00     1.00004      2.2168    2.099440 
   72080.00     1.00004      2.0283    2.098850 
   72090.00     1.00002      2.3353    2.098850 
   72100.00     1.00002      2.3343    2.099340 
   72110.00     1.00004      2.1369    2.098710 
   72120.00     1.00006      2.3669    2.098480 
   72130.00     1.00006      2.1349    2.099930 
   72140.00     1.00004      2.2079    2.100380 
   72150.00     1.00004      2.2573    2.098380 
   72160.00     1.00004      2.3422    2.098200 
   72170.00     1.00002      2.2859    2.099760 
   72180.00     1.00004      1.9484    2.099610 
   72190.00     1.00004      2.2494    2.099470 
   72200.00     1.00004      2.2603    2.099210 
   72210.00     1.00002      2.1714    2.099480 
   72220.00     1.00000      2.1369    2.099980 
   72230.00     1.00004      2.0688    2.098870 
   72240.00     1.00006      2.0165    2.098110 
   72250.00     1.00006      2.1379    2.099520 
   72260.00     1.00004      2.2267    2.100230 
   72270.00     1.00004      2.1339    2.098710 
   72280.00     1.00002      2.3412    2.099000 
   72290.00     1.00004      2.2208    2.099000 
   72300.00     1.00004      2.0253    2.097610 
   72310.00     1.00004      2.1862    2.098410 
   72320.00     1.00004      1.9898    2.098850 
   72330.00     1.00002      2.0925    2.098620 
   72340.00     1.00002      2.1616    2.098810 
   72350.00     1.00004      2.2040    2.099500 
   72360.00     1.00004      2.0668    2.099770 
   72370.00     1.00006      2.1823    2.100420 
   72380.00     1.00004      2.1616    2.098850 
   72390.00     1.00004      2.1171    2.102760 
   72400.00     1.00002      2.0905    2.099630 
   72410.00     1.00004      2.2346    2.099670 
   72420.00     1.00004      2.1092    2.100390 
   72430.00     1.00004      2.3817    2.100290 
   72440.00     1.00004      2.0954    2.099550 
   72450.00     1.00002      2.2079    2.099480 
   72460.00     1.00002      2.1418    2.100320 
   72470.00     1.00004      2.0984    2.098770 
   72480.00     1.00004      2.1793    2.099910 
   72490.00     1.00006      2.1379    2.098460 
   72500.00     1.00004      2.2800    2.098650 
   72510.00     1.00004      2.2010    2.098920 
   72520.00     1.00004      2.1882    2.098330 
   72530.00     1.00002      2.1616    2.098090 
   72540.00     1.00004      2.1694    2.099050 
   72550.00     1.00006      2.2316    2.099860 
   72560.00     1.00004      2.1132    2.098880 
   72570.00     1.00002      2.1576    2.098430 
   72580.00     1.00002      2.3540    2.099000 
   72590.00     1.00004      2.2454    2.099300 
   72600.00     1.00006      2.2474    2.098260 
   72610.00     1.00006      2.0796    2.099000 
   72620.00     1.00004      2.3027    2.098820 
   72630.00     1.00004      2.1773    2.098780 
   72640.00     1.00004      2.1467    2.099000 
   72650.00     1.00004      2.2208    2.099140 
   72660.00     1.00004      2.2879    2.099640 
   72670.00     1.00004      2.1606    2.100340 
   72680.00     1.00004      2.1260    2.100070 
   72690.00     1.00002      2.1616    2.098880 
   72700.00     1.00002      2.0964    2.098710 
   72710.00     1.00004      2.1448    2.099740 
   72720.00     1.00006      2.3688    2.099770 
   72730.00     1.00006      2.1310    2.099360 
   72740.00     1.00004      2.2415    2.098700 
   72750.00     1.00004      2.1300    2.098230 
   72760.00     1.00002      2.1369    2.098850 
   72770.00     1.00004      2.2524    2.099990 
   72780.00     1.00004      2.0974    2.099300 
   72790.00     1.00004      2.4557    2.099300 
   72800.00     1.00004      2.3303    2.098770 
   72810.00     1.00002      2.2030    2.100330 
   72820.00     1.00002      2.2454    2.099430 
   72830.00     1.00004      2.2800    2.098610 
   72840.00     1.00006      2.1576    2.099670 
   72850.00     1.00006      2.2987    2.100280 
   72860.00     1.00004      2.2356    2.098670 
   72870.00     1.00002      2.2731    2.098930 
   72880.00     1.00002      2.2070    2.097170 
   72890.00     1.00004      2.0214    2.099600 
   72900.00     1.00004      2.1773    2.101090 
   72910.00     1.00006      2.1813    2.101290 
   72920.00     1.00004      2.3530    2.100980 
   72930.00     1.00004      2.1527    2.100830 
   72940.00     1.00002      2.3639    2.100490 
   72950.00     1.00004      2.2968    2.100430 
   72960.00     1.00006      2.0234    2.100960 
   72970.00     1.00006      2.2593    2.100280 
   72980.00     1.00004      2.3570    2.099610 
   72990.00     1.00004      2.0382    2.099460 
   73000.00     1.00004      2.1270    2.098640 
   73010.00     1.00004      2.3165    2.099260 
   73020.00     1.00004      2.4764    2.098940 
   73030.00     1.00004      2.4606    2.098610 
   73040.00     1.00004      2.2149    2.099520 
   73050.00     1.00002      2.2918    2.100840 
   73060.00     1.00002      2.0678    2.100810 
   73070.00     1.00004      2.0885    2.099780 
   73080.00     1.00008      2.3165    2.099910 
   73090.00     1.00006      2.1073    2.099300 
   73100.00     1.00004      2.2060    2.100000 
   73110.00     1.00004      2.0698    2.100430 
   73120.00     1.00002      2.0056    2.100520 
   73130.00     1.00004      2.1606    2.099910 
   73140.00     1.00004      2.1902    2.099310 
   73150.00     1.00004      2.1803    2.099370 
   73160.00     1.00004      2.2504    2.099720 
   73170.00     1.00002      2.1537    2.099630 
   73180.00     1.00002      2.1467    2.099820 
   73190.00     1.00004      2.2267    2.102200 
   73200.00     1.00006      2.0826    2.101230 
   73210.00     1.00004      2.1606    2.101140 
   73220.00     1.00004      2.0589    2.101140 
   73230.00     1.00002      1.9829    2.100420 
   73240.00     1.00002      2.0777    2.099260 
   73250.00     1.00002      1.9424    2.099320 
   73260.00     1.00004      2.1754    2.100720 
   73270.00     1.00004      2.3017    2.100720 
   73280.00     1.00004      2.1487    2.100150 
   73290.00     1.00002      2.0609    2.102050 
   73300.00     1.00000      1.9010    2.101350 
   73310.00     1.00004      2.0244    2.100290 
   73320.00     1.00006      2.1389    2.101360 
   73330.00     1.00004      2.0737    2.101530 
   73340.00     1.00004      2.2376    2.100170 
   73350.00     1.00002      2.2938    2.100090 
   73360.00     1.00002      2.0757    2.101120 
   73370.00     1.00004      2.0392    2.099050 
   73380.00     1.00004      2.0441    2.099440 
   73390.00     1.00004      2.2040    2.102050 
   73400.00     1.00004      2.0500    2.100200 
   73410.00     1.00002      2.0609    2.100570 
   73420.00     1.00000      2.1329    2.100350 
   73430.00     1.00004      2.1428    2.100220 
   73440.00     1.00006      2.0737    2.100450 
   73450.00     1.00006      2.0806    2.100150 
   73460.00     1.00004      2.1734    2.100060 
   73470.00     1.00002      2.0125    2.102050 
   73480.00     1.00004      2.1329    2.101930 
   73490.00     1.00002      2.2681    2.099910 
   73500.00     1.00004      2.2188    2.099770 
   73510.00     1.00006      2.3935    2.101040 
   73520.00     1.00004      1.9928    2.099520 
   73530.00     1.00000      1.9286    2.100160 
   73540.00     1.00002      2.0313    2.101210 
   73550.00     1.00004      2.0629    2.101140 
   73560.00     1.00004      2.1527    2.101160 
   73570.00     1.00006      2.2504    2.102270 
   73580.00     1.00004      2.2869    2.101770 
   73590.00     1.00002      2.2099    2.100070 
   73600.00     1.00002      2.1576    2.099480 
   73610.00     1.00004      2.0056    2.099720 
   73620.00     1.00004      2.1596    2.100760 
   73630.00     1.00006      2.0984    2.099900 
   73640.00     1.00004      2.0865    2.099390 
   73650.00     1.00002      2.1991    2.099480 
   73660.00     1.00000      2.2070    2.099530 
   73670.00     1.00004      2.4478    2.100120 
   73680.00     1.00008      2.2060    2.100430 
   73690.00     1.00006      2.1546    2.101140 
   73700.00     1.00004      2.0836    2.101280 
   73710.00     1.00002      2.1912    2.100240 
   73720.00     1.00002      1.9661    2.101200 
   73730.00     1.00002      2.0707    2.100040 
   73740.00     1.00004      2.1823    2.099630 
   73750.00     1.00004      2.0707    2.100570 
   73760.00     1.00002      2.1221    2.101240 
   73770.00     1.00002      2.1704    2.100930 
   73780.00     1.00002      2.1507    2.100210 
   73790.00     1.00002      2.1675    2.101750 
   73800.00     1.00004      2.1537    2.099510 
   73810.00     1.00004      2.2405    2.099980 
   73820.00     1.00004      2.3491    2.100300 
   73830.00     1.00004      2.2089    2.100960 
   73840.00     1.00002      2.1882    2.101540 
   73850.00     1.00002      2.3333    2.101490 
   73860.00     1.00004      2.3136    2.100890 
   73870.00     1.00004      2.0520    2.100430 
   73880.00     1.00004      2.1665    2.100660 
   73890.00     1.00000      2.2089    2.100520 
   73900.00     1.00002      2.0974    2.097500 
   73910.00     1.00004      2.2040    2.100560 
   73920.00     1.00004      2.1418    2.099710 
   73930.00     1.00004      2.1201    2.100900 
   73940.00     1.00004      2.2198    2.101490 
   73950.00     1.00002      2.1773    2.101220 
   73960.00     1.00002      2.3047    2.101330 
   73970.00     1.00004      2.3007    2.101680 
   73980.00     1.00004      2.3323    2.101220 
   73990.00     1.00004      2.2435    2.099460 
   74000.00     1.00004      2.2070    2.102340 
   74010.00     1.00002      2.3560    2.101010 
   74020.00     1.00000      2.3293    2.100600 
   74030.00     1.00004      2.3471    2.100320 
   74040.00     1.00004      1.9711    2.099450 
   74050.00     1.00006      2.2691    2.100430 
   74060.00     1.00002      2.1467    2.102100 
   74070.00     1.00002      2.1852    2.101280 
   74080.00     1.00002      2.0293    2.100270 
   74090.00     1.00004      2.0944    2.100670 
   74100.00     1.00004      1.9582    2.099760 
   74110.00     1.00004      2.2306    2.098540 
   74120.00     1.00004      1.9345    2.100420 
   74130.00     1.00002      1.9020    2.099320 
   74140.00     1.00002      2.2849    2.099500 
   74150.00     1.00004      2.0451    2.100910 
   74160.00     1.00006      2.0007    2.100750 
   74170.00     1.00004      2.0540    2.098850 
   74180.00     1.00004      2.1398    2.099080 
   74190.00     1.00002      2.2119    2.100680 
   74200.00     1.00004      2.1428    2.100680 
   74210.00     1.00004      2.1991    2.101510 
   74220.00     1.00004      2.1033    2.101960 
   74230.00     1.00004      2.1211    2.099540 
   74240.00     1.00004      2.1665    2.099440 
   74250.00     1.00004      2.2277    2.100080 
   74260.00     1.00002      2.0658    2.099640 
   74270.00     1.00004      2.1458    2.099560 
   74280.00     1.00006      2.1013    2.100970 
   74290.00     1.00004      2.1537    2.101890 
   74300.00     1.00004      2.0984    2.101590 
   74310.00     1.00004      2.1596    2.099500 
   74320.00     1.00002      2.1517    2.101880 
   74330.00     1.00004      2.1310    2.101130 
   74340.00     1.00004      2.0323    2.100610 
   74350.00     1.00006      2.2089    2.101110 
   74360.00     1.00004      2.1635    2.101310 
   74370.00     1.00002      2.0135    2.100550 
   74380.00     1.00002      1.9720    2.099510 
   74390.00     1.00004      2.0293    2.098130 
   74400.00     1.00006      2.0846    2.099610 
   74410.00     1.00006      2.2247    2.101870 
   74420.00     1.00004      2.1576    2.100060 
   74430.00     1.00004      2.2178    2.100260 
   74440.00     1.00002      2.1981    2.100070 
   74450.00     1.00004      2.1902    2.099910 
   74460.00     1.00004      2.0856    2.100300 
   74470.00     1.00004      2.0727    2.100720 
   74480.00     1.00004      2.2168    2.100620 
   74490.00     1.00002      2.1201    2.099570 
   74500.00     1.00002      2.0925    2.101900 
   74510.00     1.00002      2.2149    2.101040 
   74520.00     1.00006      2.1260    2.101740 
   74530.00     1.00006      2.1349    2.101030 
   74540.00     1.00004      2.1152    2.100220 
   74550.00     1.00002      2.0984    2.100750 
   74560.00     1.00002      2.2030    2.100940 
   74570.00     1.00004      2.0431    2.100590 
   74580.00     1.00004      2.1803    2.101850 
   74590.00     1.00004      2.2306    2.099290 
   74600.00     1.00004      2.1102    2.099000 
   74610.00     1.00002      2.0510    2.099860 
   74620.00     1.00002      2.0471    2.100930 
   74630.00     1.00004      2.1013    2.100700 
   74640.00     1.00004      2.1418    2.101560 
   74650.00     1.00006      2.0510    2.101430 
   74660.00     1.00004      2.0934    2.100620 
   74670.00     1.00004      2.0727    2.100310 
   74680.00     1.00004      2.0737    2.100080 
   74690.00     1.00002      2.1448    2.101590 
   74700.00     1.00002      2.1221    2.101590 
   74710.00     1.00006      2.1211    2.099690 
   74720.00     1.00004      2.1537    2.100770 
   74730.00     1.00002      1.9799    2.100870 
   74740.00     1.00000      2.0431    2.101310 
   74750.00     1.00004      2.1310    2.099940 
   74760.00     1.00004      2.1685    2.099640 
   74770.00     1.00006      2.2237    2.101350 
   74780.00     1.00004      2.4902    2.101300 
   74790.00     1.00002      2.0698    2.102020 
   74800.00     1.00002      2.1546    2.101590 
   74810.00     1.00004      2.1635    2.101000 
   74820.00     1.00004      2.3145    2.100720 
   74830.00     1.00004      2.2198    2.100680 
   74840.00     1.00004      1.9365    2.100870 
   74850.00     1.00002      2.0648    2.101060 
   74860.00     1.00002      1.9859    2.100630 
   74870.00     1.00004      1.9918    2.100150 
   74880.00     1.00006      2.1349    2.100770 
   74890.00     1.00004      2.2978    2.101030 
   74900.00     1.00004      2.3017    2.099910 
   74910.00     1.00004      2.2089    2.100210 
   74920.00     1.00004      2.0747    2.101670 
   74930.00     1.00004      2.2889    2.100870 
   74940.00     1.00004      2.3284    2.102090 
   74950.00     1.00006      2.1833    2.102070 
   74960.00     1.00004      2.1862    2.101480 
   74970.00     1.00002      2.1576    2.101510 
   74980.00     1.00002      2.1833    2.100920 
   74990.00     1.00004      2.1349    2.100500 
   75000.00     1.00006      2.1369    2.098850 
   75010.00     1.00006      2.2385    2.099600 
   75020.00     1.00004      2.1645    2.102550 
   75030.00     1.00002      2.2731    2.102270 
   75040.00     1.00004      2.2346    2.100650 
   75050.00     1.00004      2.2129    2.101660 
   75060.00     1.00004      2.1319    2.102850 
   75070.00     1.00004      1.9977    2.101630 
   75080.00     1.00002      2.2297    2.099890 
   75090.00     1.00002      2.0411    2.100560 
   75100.00     1.00002      2.2741    2.102200 
   75110.00     1.00004      2.2681    2.099150 
   75120.00     1.00004      2.2247    2.100500 
   75130.00     1.00006      2.1961    2.101150 
   75140.00     1.00004      2.3007    2.101990 
   75150.00     1.00002      2.4073    2.101590 
   75160.00     1.00002      2.2089    2.101800 
   75170.00     1.00002      2.2454    2.102240 
   75180.00     1.00004      2.1398    2.101240 
   75190.00     1.00004      2.3313    2.101610 
   75200.00     1.00004      2.1073    2.101750 
   75210.00     1.00002      2.2356    2.099300 
   75220.00     1.00002      2.3126    2.100940 
   75230.00     1.00004      2.1458    2.102440 
   75240.00     1.00006      2.1270    2.101270 
   75250.00     1.00006      2.1843    2.101210 
   75260.00     1.00004      2.2168    2.100840 
   75270.00     1.00002      1.9859    2.100080 
   75280.00     1.00002      2.2040    2.100320 
   75290.00     1.00004      2.1507    2.099290 
   75300.00     1.00004      2.0915    2.100250 
   75310.00     1.00006      2.2425    2.101900 
   75320.00     1.00004      2.2731    2.101350 
   75330.00     1.00002      2.2642    2.101530 
   75340.00     1.00002      2.0540    2.101800 
   75350.00     1.00004      2.2543    2.101110 
   75360.00     1.00006      2.2435    2.100950 
   75370.00     1.00006      2.0707    2.101280 
   75380.00     1.00004      2.2751    2.101360 
   75390.00     1.00002      2.1339    2.102530 
   75400.00     1.00004      2.2395    2.102640 
   75410.00     1.00002      2.2800    2.101750 
   75420.00     1.00004      2.1240    2.102160 
   75430.00     1.00004      2.1171    2.101710 
   75440.00     1.00004      2.1517    2.101380 
   75450.00     1.00004      2.2484    2.100750 
   75460.00     1.00002      2.1260    2.100660 
   75470.00     1.00004      2.2454    2.100650 
   75480.00     1.00004      2.1231    2.100690 
   75490.00     1.00004      2.2129    2.102330 
   75500.00     1.00004      2.1744    2.101290 
   75510.00     1.00002      2.1280    2.101440 
   75520.00     1.00002      2.0984    2.099890 
   75530.00     1.00004      1.9503    2.102510 
   75540.00     1.00004      1.8901    2.101180 
   75550.00     1.00004      1.9326    2.100460 
   75560.00     1.00004      2.0372    2.100740 
   75570.00     1.00002      1.9671    2.101040 
   75580.00     1.00002      2.2622    2.101380 
   75590.00     1.00002      2.1912    2.102220 
   75600.00     1.00004      2.3491    2.103030 
   75610.00     1.00006      2.1941    2.101140 
   75620.00     1.00004      2.1576    2.100560 
   75630.00     1.00002      2.1921    2.100780 
   75640.00     1.00002      2.2336    2.102030 
   75650.00     1.00002      2.1872    2.101320 
   75660.00     1.00004      2.1546    2.100000 
   75670.00     1.00006      2.0786    2.100100 
   75680.00     1.00004      2.1724    2.100930 
   75690.00     1.00002      2.0283    2.100470 
   75700.00     1.00002      2.1142    2.101010 
   75710.00     1.00004      2.1566    2.101440 
   75720.00     1.00004      1.9878    2.103160 
   75730.00     1.00006      2.2395    2.100470 
   75740.00     1.00004      2.2356    2.101020 
   75750.00     1.00002      2.0441    2.100970 
   75760.00     1.00002      2.2751    2.101140 
   75770.00     1.00004      2.1991    2.101710 
   75780.00     1.00004      2.0658    2.101430 
   75790.00     1.00004      2.2218    2.100270 
   75800.00     1.00004      2.4142    2.100580 
   75810.00     1.00002      2.1694    2.101440 
   75820.00     1.00002      2.1221    2.102310 
   75830.00     1.00004      2.0688    2.102870 
   75840.00     1.00006      1.9523    2.101060 
   75850.00     1.00004      2.3234    2.101890 
   75860.00     1.00002      2.2553    2.101490 
   75870.00     1.00002      2.3817    2.100030 
   75880.00     1.00002      2.1606    2.100660 
   75890.00     1.00002      2.1527    2.102330 
   75900.00     1.00004      2.3886    2.100270 
   75910.00     1.00006      2.1912    2.100830 
   75920.00     1.00004      2.2089    2.101420 
   75930.00     1.00002      1.9740    2.101440 
   75940.00     1.00002      2.2119    2.102800 
   75950.00     1.00004      2.1951    2.101910 
   75960.00     1.00006      2.1171    2.101450 
   75970.00     1.00004      2.1537    2.102130 
   75980.00     1.00004      2.2474    2.102160 
   75990.00     1.00002      2.1546    2.100770 
   76000.00     1.00004      2.1813    2.100010 
   76010.00     1.00004      2.3659    2.100980 
   76020.00     1.00004      2.2494    2.100390 
   76030.00     1.00004      2.4290    2.100370 
   76040.00     1.00004      2.3550    2.100720 
   76050.00     1.00002      2.4429    2.101420 
   76060.00     1.00002      2.3767    2.101660 
   76070.00     1.00004      2.3570    2.101850 
   76080.00     1.00006      2.2899    2.101680 
   76090.00     1.00006      2.0550    2.100620 
   76100.00     1.00004      2.1171    2.100980 
   76110.00     1.00002      2.1823    2.100980 
   76120.00     1.00004      2.2277    2.101730 
   76130.00     1.00004      2.1783    2.100550 
   76140.00     1.00004      1.9938    2.100840 
   76150.00     1.00006      2.2464    2.101480 
   76160.00     1.00004      2.2662    2.101250 
   76170.00     1.00002      2.2208    2.100560 
   76180.00     1.00002      2.2030    2.100520 
   76190.00     1.00004      2.1349    2.101230 
   76200.00     1.00004      2.0323    2.101510 
   76210.00     1.00006      2.0846    2.100830 
   76220.00     1.00004      2.1961    2.101130 
   76230.00     1.00004      2.1329    2.102490 
   76240.00     1.00002      2.1448    2.101600 
   76250.00     1.00004      2.1260    2.101390 
   76260.00     1.00004      2.1162    2.101440 
   76270.00     1.00006      2.2524    2.101240 
   76280.00     1.00004      2.3047    2.100570 
   76290.00     1.00002      2.1418    2.100040 
   76300.00     1.00002      2.2879    2.100930 
   76310.00     1.00004      2.2928    2.100530 
   76320.00     1.00006      2.0688    2.100980 
   76330.00     1.00006      2.1142    2.100440 
   76340.00     1.00006      1.9503    2.101810 
   76350.00     1.00004      1.9326    2.102200 
   76360.00     1.00004      2.0510    2.101260 
   76370.00     1.00002      2.0629    2.100800 
   76380.00     1.00004      2.0678    2.101350 
   76390.00     1.00006      1.9237    2.101960 
   76400.00     1.00004      2.1122    2.102640 
   76410.00     1.00004      2.1004    2.102500 
   76420.00     1.00002      2.2859    2.101900 
   76430.00     1.00004      2.1389    2.101620 
   76440.00     1.00006      1.9790    2.100990 
   76450.00     1.00008      2.0352    2.100830 
   76460.00     1.00004      2.0046    2.101790 
   76470.00     1.00004      1.9572    2.102220 
   76480.00     1.00004      2.0244    2.102110 
   76490.00     1.00004      2.1270    2.102170 
   76500.00     1.00004      2.1211    2.101250 
   76510.00     1.00004      2.1497    2.102010 
   76520.00     1.00004      2.1685    2.100070 
   76530.00     1.00002      2.1546    2.100900 
   76540.00     1.00002      2.0441    2.100250 
   76550.00     1.00002      2.0076    2.101540 
   76560.00     1.00004      2.1645    2.101670 
   76570.00     1.00006      2.1428    2.101570 
   76580.00     1.00004      2.1912    2.101340 
   76590.00     1.00004      2.1092    2.100640 
   76600.00     1.00002      2.0471    2.101330 
   76610.00     1.00004      2.1655    2.100700 
   76620.00     1.00004      2.1546    2.101440 
   76630.00     1.00004      2.3195    2.099040 
   76640.00     1.00004      2.0816    2.102800 
   76650.00     1.00002      2.2316    2.102980 
   76660.00     1.00002      2.1240    2.101840 
   76670.00     1.00004      2.2218    2.101430 
   76680.00     1.00006      2.0638    2.101310 
   76690.00     1.00006      2.1694    2.101580 
   76700.00     1.00004      2.2119    2.103480 
   76710.00     1.00002      2.2484    2.102000 
   76720.00     1.00002      2.3303    2.100980 
   76730.00     1.00002      2.2277    2.102840 
   76740.00     1.00004      2.1083    2.102340 
   76750.00     1.00004      2.0579    2.102200 
   76760.00     1.00004      2.1912    2.102110 
   76770.00     1.00002      2.3807    2.101670 
   76780.00     1.00002      2.2948    2.101750 
   76790.00     1.00004      2.1616    2.102420 
   76800.00     1.00006      2.2968    2.102130 
   76810.00     1.00006      2.2188    2.101800 
   76820.00     1.00004      2.1250    2.102660 
   76830.00     1.00002      2.2672    2.101510 
   76840.00     1.00004      2.2079    2.102970 
   76850.00     1.00004      2.2425    2.102390 
   76860.00     1.00004      2.2721    2.102240 
   76870.00     1.00004      2.1063    2.101590 
   76880.00     1.00004      2.3136    2.100890 
   76890.00     1.00002      2.2553    2.100900 
   76900.00     1.00002      2.2909    2.100630 
   76910.00     1.00004      2.2701    2.100470 
   76920.00     1.00004      2.1625    2.101900 
   76930.00     1.00004      2.1744    2.100300 
   76940.00     1.00004      2.1527    2.101250 
   76950.00     1.00002      2.1280    2.102220 
   76960.00     1.00002      2.1438    2.102600 
   76970.00     1.00004      2.1833    2.102660 
   76980.00     1.00004      2.2346    2.102420 
   76990.00     1.00004      2.1655    2.101690 
   77000.00     1.00004      2.1991    2.101320 
   77010.00     1.00002      2.1162    2.103310 
   77020.00     1.00002      2.2603    2.100070 
   77030.00     1.00004      2.2346    2.102410 
   77040.00     1.00006      2.0559    2.101070 
   77050.00     1.00004      1.8960    2.102520 
   77060.00     1.00004      1.8358    2.102830 
   77070.00     1.00004      1.9464    2.102500 
   77080.00     1.00004      1.9187    2.102290 
   77090.00     1.00004      2.1300    2.102430 
   77100.00     1.00004      2.1862    2.102700 
   77110.00     1.00004      2.0411    2.101580 
   77120.00     1.00004      2.0323    2.101440 
   77130.00     1.00004      2.1537    2.101290 
   77140.00     1.00002      2.0638    2.102340 
   77150.00     1.00006      1.9424    2.101700 
   77160.00     1.00006      1.9434    2.101440 
   77170.00     1.00006      2.0155    2.101520 
   77180.00     1.00004      2.0658    2.101400 
   77190.00     1.00002      1.8566    2.101520 
   77200.00     1.00002      1.7806    2.102290 
   77210.00     1.00004      2.0816    2.102050 
   77220.00     1.00004      2.1951    2.102050 
   77230.00     1.00004      2.0224    2.102050 
   77240.00     1.00004      2.2287    2.102450 
   77250.00     1.00004      2.1576    2.102630 
   77260.00     1.00004      1.9720    2.101470 
   77270.00     1.00004      2.1260    2.101740 
   77280.00     1.00006      1.9878    2.102310 
   77290.00     1.00006      2.1201    2.102250 
   77300.00     1.00004      2.1379    2.102180 
   77310.00     1.00004      2.2909    2.100770 
   77320.00     1.00002      2.2109    2.104340 
   77330.00     1.00002      2.2079    2.101000 
   77340.00     1.00004      2.0836    2.102460 
   77350.00     1.00004      1.8763    2.103130 
   77360.00     1.00004      2.0026    2.102970 
   77370.00     1.00000      2.0017    2.101970 
   77380.00     1.00002      1.9316    2.101020 
   77390.00     1.00004      2.0747    2.100630 
   77400.00     1.00006      2.0530    2.101010 
   77410.00     1.00004      1.9770    2.102510 
   77420.00     1.00004      1.9790    2.101300 
   77430.00     1.00004      2.2000    2.102970 
   77440.00     1.00002      2.0668    2.101740 
   77450.00     1.00004      2.0885    2.101830 
   77460.00     1.00004      1.9434    2.102920 
   77470.00     1.00004      2.2385    2.102570 
   77480.00     1.00004      2.1803    2.102030 
   77490.00     1.00002      2.1240    2.102520 
   77500.00     1.00002      2.1586    2.103050 
   77510.00     1.00004      2.0727    2.102720 
   77520.00     1.00006      2.2119    2.102060 
   77530.00     1.00006      1.8891    2.102970 
   77540.00     1.00002      1.9247    2.102280 
   77550.00     1.00002      2.1142    2.103170 
   77560.00     1.00002      1.9572    2.102080 
   77570.00     1.00004      2.2040    2.100560 
   77580.00     1.00004      2.1438    2.100830 
   77590.00     1.00004      2.2119    2.101680 
   77600.00     1.00004      1.9316    2.101400 
   77610.00     1.00002      1.9533    2.101880 
   77620.00     1.00002      1.9799    2.102790 
   77630.00     1.00004      1.8585    2.101440 
   77640.00     1.00006      1.8921    2.100610 
   77650.00     1.00006      1.9592    2.102110 
   77660.00     1.00004      1.8595    2.102400 
   77670.00     1.00004      2.0964    2.102180 
   77680.00     1.00004      2.0293    2.102190 
   77690.00     1.00004      2.1734    2.102410 
   77700.00     1.00004      2.0303    2.102280 
   77710.00     1.00006      2.1685    2.101550 
   77720.00     1.00004      2.0411    2.101280 
   77730.00     1.00002      1.9878    2.100980 
   77740.00     1.00002      2.1941    2.102390 
   77750.00     1.00002      2.1675    2.101770 
   77760.00     1.00006      2.1467    2.102130 
   77770.00     1.00006      2.2454    2.102170 
   77780.00     1.00004      2.1329    2.101540 
   77790.00     1.00002      2.1122    2.101430 
   77800.00     1.00004      2.0668    2.101930 
   77810.00     1.00004      2.2129    2.101280 
   77820.00     1.00004      2.1546    2.102000 
   77830.00     1.00004      2.1211    2.100980 
   77840.00     1.00004      2.2079    2.102410 
   77850.00     1.00002      2.0461    2.102760 
   77860.00     1.00002      2.2405    2.102380 
   77870.00     1.00004      2.1053    2.102570 
   77880.00     1.00006      2.0895    2.102290 
   77890.00     1.00004      2.0263    2.102270 
   77900.00     1.00004      2.2770    2.102620 
   77910.00     1.00002      2.1675    2.101410 
   77920.00     1.00002      2.1270    2.102100 
   77930.00     1.00004      2.1092    2.102970 
   77940.00     1.00004      2.1902    2.102820 
   77950.00     1.00006      2.3570    2.102430 
   77960.00     1.00004      2.2721    2.103240 
   77970.00     1.00002      2.2356    2.102830 
   77980.00     1.00002      2.1625    2.102430 
   77990.00     1.00004      2.0520    2.102090 
   78000.00     1.00006      2.1941    2.101920 
   78010.00     1.00006      2.5435    2.102930 
   78020.00     1.00004      2.0796    2.102100 
   78030.00     1.00004      2.2760    2.102810 
   78040.00     1.00002      2.3609    2.100200 
   78050.00     1.00004      2.2139    2.102250 
   78060.00     1.00004      2.2533    2.102660 
   78070.00     1.00006      2.2366    2.102850 
   78080.00     1.00004      2.3836    2.103200 
   78090.00     1.00002      2.3214    2.102810 
   78100.00     1.00004      2.2830    2.101720 
   78110.00     1.00004      2.2099    2.101400 
   78120.00     1.00004      2.0402    2.101960 
   78130.00     1.00006      2.1240    2.102660 
   78140.00     1.00004      2.0846    2.101920 
   78150.00     1.00004      2.1152    2.100730 
   78160.00     1.00002      2.1527    2.101550 
   78170.00     1.00004      2.2425    2.103340 
   78180.00     1.00004      2.3599    2.103080 
   78190.00     1.00006      2.3175    2.101860 
   78200.00     1.00004      2.1912    2.101460 
   78210.00     1.00002      2.2701    2.101460 
   78220.00     1.00002      2.1073    2.102720 
   78230.00     1.00004      2.2139    2.101590 
   78240.00     1.00006      2.1645    2.102480 
   78250.00     1.00006      2.1231    2.102510 
   78260.00     1.00004      2.0056    2.101930 
   78270.00     1.00004      1.9691    2.103020 
   78280.00     1.00004      2.1369    2.103410 
   78290.00     1.00002      2.1142    2.102730 
   78300.00     1.00004      2.0994    2.101820 
   78310.00     1.00006      2.1813    2.101560 
   78320.00     1.00006      2.0994    2.103800 
   78330.00     1.00002      2.2119    2.102970 
   78340.00     1.00002      2.0510    2.101170 
   78350.00     1.00004      2.3945    2.102060 
   78360.00     1.00004      2.0836    2.102090 
   78370.00     1.00006      2.2129    2.102850 
   78380.00     1.00004      2.3481    2.102940 
   78390.00     1.00004      2.4409    2.102730 
   78400.00     1.00004      2.2691    2.103060 
   78410.00     1.00004      2.1833    2.103100 
   78420.00     1.00004      2.1329    2.101430 
   78430.00     1.00004      2.2316    2.102660 
   78440.00     1.00004      2.2997    2.103420 
   78450.00     1.00004      2.0145    2.101810 
   78460.00     1.00002      2.0885    2.103000 
   78470.00     1.00004      2.2366    2.102520 
   78480.00     1.00004      2.2622    2.102550 
   78490.00     1.00004      2.0224    2.102560 
   78500.00     1.00006      2.0915    2.102660 
   78510.00     1.00004      1.9227    2.103310 
   78520.00     1.00002      2.0767    2.101690 
   78530.00     1.00004      2.1023    2.104950 
   78540.00     1.00004      2.1527    2.104190 
   78550.00     1.00006      2.1181    2.102290 
   78560.00     1.00004      2.0767    2.101580 
   78570.00     1.00002      2.0796    2.103290 
   78580.00     1.00002      2.1625    2.103500 
   78590.00     1.00004      2.0520    2.102760 
   78600.00     1.00006      2.0954    2.102720 
   78610.00     1.00006      2.2563    2.102870 
   78620.00     1.00004      2.2603    2.102090 
   78630.00     1.00002      2.2899    2.102360 
   78640.00     1.00002      2.0263    2.102510 
   78650.00     1.00004      2.2109    2.102510 
   78660.00     1.00004      2.1556    2.102390 
   78670.00     1.00004      2.3185    2.101840 
   78680.00     1.00004      2.1221    2.102460 
   78690.00     1.00002      2.1616    2.103400 
   78700.00     1.00002      2.0777    2.103460 
   78710.00     1.00004      2.0155    2.103150 
   78720.00     1.00006      2.0796    2.103710 
   78730.00     1.00004      2.1764    2.103540 
   78740.00     1.00004      2.0954    2.101750 
   78750.00     1.00004      2.1527    2.103000 
   78760.00     1.00002      2.0836    2.103970 
   78770.00     1.00002      2.2326    2.104400 
   78780.00     1.00004      2.2987    2.102990 
   78790.00     1.00004      2.1319    2.102330 
   78800.00     1.00004      2.2918    2.102930 
   78810.00     1.00002      2.3116    2.103040 
   78820.00     1.00002      2.2040    2.102980 
   78830.00     1.00004      2.1063    2.104050 
   78840.00     1.00004      2.2168    2.104640 
   78850.00     1.00006      1.8812    2.102270 
   78860.00     1.00004      2.0717    2.100940 
   78870.00     1.00002      2.0609    2.102720 
   78880.00     1.00002      1.8753    2.102670 
   78890.00     1.00004      2.0905    2.102710 
   78900.00     1.00004      2.0629    2.102690 
   78910.00     1.00006      2.0727    2.101600 
   78920.00     1.00004      2.0411    2.101820 
   78930.00     1.00002      1.8763    2.100580 
   78940.00     1.00002      2.0076    2.102050 
   78950.00     1.00004      2.0954    2.102480 
   78960.00     1.00006      1.9681    2.103260 
   78970.00     1.00004      2.0609    2.102880 
   78980.00     1.00004      2.1438    2.101750 
   78990.00     1.00002      2.1803    2.101140 
   79000.00     1.00002      1.9622    2.101880 
   79010.00     1.00002      2.0609    2.102580 
   79020.00     1.00006      2.1744    2.101350 
   79030.00     1.00006      2.0421    2.102420 
   79040.00     1.00004      2.1912    2.100680 
   79050.00     1.00002      2.1448    2.102830 
   79060.00     1.00002      2.1596    2.103730 
   79070.00     1.00004      1.8970    2.102340 
   79080.00     1.00006      2.0263    2.102580 
   79090.00     1.00006      2.1290    2.102580 
   79100.00     1.00004      2.1418    2.102470 
   79110.00     1.00002      2.0362    2.102820 
   79120.00     1.00002      1.9355    2.102260 
   79130.00     1.00004      2.0184    2.103140 
   79140.00     1.00004      2.0036    2.101290 
   79150.00     1.00004      2.0461    2.103460 
   79160.00     1.00004      2.0875    2.103190 
   79170.00     1.00004      2.0559    2.102780 
   79180.00     1.00002      2.1389    2.102940 
   79190.00     1.00004      2.0885    2.103670 
   79200.00     1.00006      1.9661    2.103390 
   79210.00     1.00006      2.3481    2.102250 
   79220.00     1.00004      2.2385    2.102520 
   79230.00     1.00004      2.1566    2.103380 
   79240.00     1.00004      2.1063    2.104800 
   79250.00     1.00004      2.1053    2.100700 
   79260.00     1.00004      1.9829    2.102600 
   79270.00     1.00006      2.1290    2.103420 
   79280.00     1.00006      2.0036    2.101960 
   79290.00     1.00002      1.8625    2.101860 
   79300.00     1.00002      2.2721    2.101850 
   79310.00     1.00004      2.2790    2.101500 
   79320.00     1.00006      2.0865    2.103370 
   79330.00     1.00006      2.1655    2.103120 
   79340.00     1.00004      1.8872    2.103120 
   79350.00     1.00004      2.1458    2.102380 
   79360.00     1.00004      2.1102    2.102880 
   79370.00     1.00002      2.0707    2.102510 
   79380.00     1.00004      2.0994    2.102650 
   79390.00     1.00006      2.0727    2.102810 
   79400.00     1.00004      2.0056    2.103130 
   79410.00     1.00002      2.1250    2.103300 
   79420.00     1.00002      1.8812    2.102900 
   79430.00     1.00004      1.9513    2.103700 
   79440.00     1.00004      2.0757    2.101900 
   79450.00     1.00006      2.1270    2.103840 
   79460.00     1.00004      2.3461    2.103350 
   79470.00     1.00002      2.1053    2.103740 
   79480.00     1.00004      2.0707    2.102690 
   79490.00     1.00004      2.0925    2.102630 
   79500.00     1.00004      2.1142    2.102990 
   79510.00     1.00006      2.0786    2.102760 
   79520.00     1.00004      2.0609    2.102790 
   79530.00     1.00004      1.8862    2.103380 
   79540.00     1.00002      2.0017    2.104340 
   79550.00     1.00004      2.1823    2.102060 
   79560.00     1.00006      2.1083    2.103130 
   79570.00     1.00006      2.0451    2.102920 
   79580.00     1.00004      2.2820    2.103620 
   79590.00     1.00004      1.9464    2.103870 
   79600.00     1.00004      2.2198    2.103800 
   79610.00     1.00002      2.1191    2.103580 
   79620.00     1.00004      2.0471    2.103130 
   79630.00     1.00006      1.9691    2.103440 
   79640.00     1.00006      2.0836    2.100830 
   79650.00     1.00002      2.1566    2.102970 
   79660.00     1.00002      2.1783    2.102280 
   79670.00     1.00004      1.9987    2.102680 
   79680.00     1.00006      1.9296    2.103730 
   79690.00     1.00006      1.9553    2.103080 
   79700.00     1.00004      2.1132    2.102200 
   79710.00     1.00002      2.2425    2.102150 
   79720.00     1.00002      2.2632    2.101880 
   79730.00     1.00004      2.1991    2.101390 
   79740.00     1.00004      2.0638    2.102210 
   79750.00     1.00006      2.0806    2.102510 
   79760.00     1.00004      2.1260    2.102920 
   79770.00     1.00002      2.2711    2.103800 
   79780.00     1.00002      2.2168    2.103930 
   79790.00     1.00004      2.1537    2.102840 
   79800.00     1.00004      1.9592    2.102400 
   79810.00     1.00006      2.2415    2.103080 
   79820.00     1.00004      2.2099    2.103280 
   79830.00     1.00004      1.9987    2.102280 
   79840.00     1.00002      2.1073    2.101800 
   79850.00     1.00004      2.0569    2.104640 
   79860.00     1.00004      2.2425    2.103540 
   79870.00     1.00004      2.1369    2.103550 
   79880.00     1.00004      2.1171    2.102220 
   79890.00     1.00002      2.2277    2.103100 
   79900.00     1.00002      1.8477    2.104830 
   79910.00     1.00002      2.0214    2.104460 
   79920.00     1.00004      2.1162    2.102470 
   79930.00     1.00006      2.0688    2.102560 
   79940.00     1.00004      2.0796    2.103850 
   79950.00     1.00002      2.0490    2.102510 
   79960.00     1.00004      2.1260    2.103910 
   79970.00     1.00002      2.1507    2.100700 
   79980.00     1.00004      2.0885    2.102480 
   79990.00     1.00006      2.2987    2.102950 
