ASI600A Export Data File
Created: Mon Sep 22 14:31:23 2025
    Time        L in        F in       SL in    
    (ms)        (Lo)       (kPa)        (um)    
       0.00     1.00004      0.6198    2.077970 
      10.00     1.00006      0.6149    2.081710 
      20.00     1.00002      0.7126    2.088780 
      30.00     1.00002      0.6139    2.075960 
      40.00     1.00004      0.7057    2.077320 
      50.00     1.00004      0.5359    2.083320 
      60.00     1.00006      0.5202    2.079240 
      70.00     1.00006      0.4560    2.076670 
      80.00     1.00004      0.3533    2.077010 
      90.00     1.00002      0.5103    2.076190 
     100.00     1.00004      0.4254    2.086070 
     110.00     1.00004      0.6623    2.119710 
     120.00     1.00004      0.7245    2.077600 
     130.00     1.00004      0.6830    2.125240 
     140.00     1.00004      0.6791    2.080230 
     150.00     1.00002      0.6820    2.077070 
     160.00     1.00002      0.5458    2.109260 
     170.00     1.00004      0.5359    2.124910 
     180.00     1.00004      0.7531    2.102360 
     190.00     1.00004      0.7975    2.092730 
     200.00     1.00004      0.6396    2.112510 
     210.00     1.00002      0.7057    2.078710 
     220.00     1.00002      0.6258    2.103830 
     230.00     1.00002      0.5735    2.125700 
     240.00     1.00004      0.5922    2.079910 
     250.00     1.00006      0.5290    2.089570 
     260.00     1.00004      0.4471    2.081360 
     270.00     1.00002      0.5508    2.075930 
     280.00     1.00002      0.7975    2.089000 
     290.00     1.00004      0.6791    2.099790 
     300.00     1.00006      0.6396    2.088340 
     310.00     1.00004      0.7166    2.074160 
     320.00     1.00002      0.7245    2.076260 
     330.00     1.00002      0.7176    2.076110 
     340.00     1.00002      0.6998    2.075270 
     350.00     1.00004      0.6633    2.075440 
     360.00     1.00004      0.5725    2.111280 
     370.00     1.00004      0.5093    2.097540 
     380.00     1.00002      0.5675    2.077190 
     390.00     1.00002      0.5735    2.076740 
     400.00     1.00002      0.5211    2.076540 
     410.00     1.00004      0.7116    2.077150 
     420.00     1.00006      0.5952    2.076120 
     430.00     1.00004      0.8024    2.076420 
     440.00     1.00002      0.7353    2.075560 
     450.00     1.00004      0.7995    2.076760 
     460.00     1.00004      0.6475    2.076380 
     470.00     1.00002      0.5981    2.074100 
     480.00     1.00004      0.8015    2.098180 
     490.00     1.00004      0.5833    2.105480 
     500.00     1.00004      0.7847    2.088320 
     510.00     1.00002      0.5912    2.124820 
     520.00     1.00002      0.7294    2.123150 
     530.00     1.00004      0.5478    2.076720 
     540.00     1.00006      0.6810    2.121710 
     550.00     1.00004      0.6238    2.084430 
     560.00     1.00004      0.7886    2.076260 
     570.00     1.00004      0.7037    2.076640 
     580.00     1.00002      0.6268    2.076570 
     590.00     1.00002      0.6870    2.076440 
     600.00     1.00004      0.6366    2.087400 
     610.00     1.00006      0.5132    2.108380 
     620.00     1.00004      0.5813    2.079560 
     630.00     1.00000      0.6573    2.124020 
     640.00     1.00002      0.6149    2.104700 
     650.00     1.00004      0.5813    2.123440 
     660.00     1.00006      0.4323    2.126000 
     670.00     1.00006      0.5754    2.095090 
     680.00     1.00004      0.5981    2.075560 
     690.00     1.00002      0.5665    2.075540 
     700.00     1.00002      0.6573    2.076720 
     710.00     1.00002      0.6850    2.076560 
     720.00     1.00004      0.5912    2.075950 
     730.00     1.00004      0.3119    2.077790 
     740.00     1.00004      0.4047    2.076620 
     750.00     1.00002      0.5646    2.074220 
     760.00     1.00002      0.7205    2.080820 
     770.00     1.00004      0.6731    2.079050 
     780.00     1.00004      0.5429    2.076490 
     790.00     1.00006      0.5991    2.076850 
     800.00     1.00004      0.5310    2.077530 
     810.00     1.00002      0.5024    2.077110 
     820.00     1.00004      0.4096    2.075100 
     830.00     1.00004      0.4599    2.077480 
     840.00     1.00004      0.4540    2.074540 
     850.00     1.00004      0.5182    2.075610 
     860.00     1.00004      0.5132    2.112770 
     870.00     1.00004      0.5537    2.093600 
     880.00     1.00002      0.4886    2.076910 
     890.00     1.00004      0.5537    2.097090 
     900.00     1.00006      0.6228    2.109370 
     910.00     1.00004      0.2951    2.086580 
     920.00     1.00004      0.5764    2.122860 
     930.00     1.00002      0.5646    2.075810 
     940.00     1.00002      0.4540    2.076700 
     950.00     1.00002      0.5261    2.119200 
     960.00     1.00004      0.4254    2.087510 
     970.00     1.00006      0.4402    2.076490 
     980.00     1.00004      0.5123    2.103560 
     990.00     1.00000      0.6850    2.104510 
    1000.00     1.00002      0.6277    2.075900 
    1010.00     1.00004      0.5813    2.086060 
    1020.00     1.00006      0.6366    2.119720 
    1030.00     1.00006      0.6583    2.075500 
    1040.00     1.00004      0.4590    2.074740 
    1050.00     1.00002      0.5764    2.089240 
    1060.00     1.00002      0.4619    2.117010 
    1070.00     1.00002      0.4590    2.092710 
    1080.00     1.00004      0.4619    2.076190 
    1090.00     1.00006      0.5892    2.076800 
    1100.00     1.00004      0.5399    2.076980 
    1110.00     1.00000      0.7067    2.076290 
    1120.00     1.00002      0.6337    2.077330 
    1130.00     1.00004      0.6820    2.076110 
    1140.00     1.00004      0.5912    2.126460 
    1150.00     1.00004      0.7205    2.082330 
    1160.00     1.00004      0.6050    2.117220 
    1170.00     1.00002      0.6781    2.125330 
    1180.00     1.00002      0.5399    2.104320 
    1190.00     1.00004      0.8409    2.105630 
    1200.00     1.00004      0.7827    2.108480 
    1210.00     1.00004      0.5754    2.075920 
    1220.00     1.00004      0.6810    2.077210 
    1230.00     1.00002      0.5488    2.076310 
    1240.00     1.00002      0.6327    2.080990 
    1250.00     1.00004      0.6633    2.076320 
    1260.00     1.00004      0.6297    2.073880 
    1270.00     1.00006      0.5853    2.075420 
    1280.00     1.00004      0.8311    2.075980 
    1290.00     1.00002      0.7748    2.075650 
    1300.00     1.00002      0.8093    2.076140 
    1310.00     1.00004      0.5873    2.076370 
    1320.00     1.00004      0.7146    2.077020 
    1330.00     1.00006      0.7452    2.094960 
    1340.00     1.00004      0.6238    2.076260 
    1350.00     1.00002      0.6879    2.122220 
    1360.00     1.00000      0.5419    2.086000 
    1370.00     1.00002      0.3267    2.076120 
    1380.00     1.00004      0.4915    2.076260 
    1390.00     1.00004      0.6406    2.076620 
    1400.00     1.00004      0.5379    2.076920 
    1410.00     1.00004      0.6198    2.076610 
    1420.00     1.00002      0.5804    2.076460 
    1430.00     1.00004      0.5261    2.077580 
    1440.00     1.00004      0.5004    2.075500 
    1450.00     1.00004      0.6820    2.085330 
    1460.00     1.00004      0.5863    2.078640 
    1470.00     1.00004      0.4521    2.075910 
    1480.00     1.00000      0.5656    2.075680 
    1490.00     1.00002      0.7778    2.075660 
    1500.00     1.00004      0.6119    2.075160 
    1510.00     1.00004      0.5863    2.074940 
    1520.00     1.00004      0.6119    2.075890 
    1530.00     1.00002      0.6327    2.075530 
    1540.00     1.00002      0.6110    2.076260 
    1550.00     1.00002      0.5843    2.076260 
    1560.00     1.00004      0.5813    2.075890 
    1570.00     1.00004      0.3988    2.076020 
    1580.00     1.00004      0.6731    2.105500 
    1590.00     1.00002      0.6050    2.100640 
    1600.00     1.00002      0.5883    2.075780 
    1610.00     1.00002      0.4165    2.076470 
    1620.00     1.00006      0.5399    2.077810 
    1630.00     1.00006      0.5754    2.087780 
    1640.00     1.00006      0.6327    2.077640 
    1650.00     1.00004      0.7363    2.073930 
    1660.00     1.00002      0.6968    2.117740 
    1670.00     1.00002      0.7264    2.090300 
    1680.00     1.00004      0.6268    2.076480 
    1690.00     1.00006      0.6337    2.102430 
    1700.00     1.00004      0.6327    2.107550 
    1710.00     1.00004      0.7176    2.075950 
    1720.00     1.00002      0.5251    2.077410 
    1730.00     1.00002      0.7274    2.076910 
    1740.00     1.00004      0.6179    2.075040 
    1750.00     1.00004      0.7778    2.076350 
    1760.00     1.00004      0.5340    2.076670 
    1770.00     1.00002      0.7314    2.076830 
    1780.00     1.00002      0.6268    2.076020 
    1790.00     1.00004      0.4422    2.100170 
    1800.00     1.00004      0.6485    2.104890 
    1810.00     1.00006      0.7501    2.090490 
    1820.00     1.00004      0.5665    2.117280 
    1830.00     1.00002      0.4965    2.080740 
    1840.00     1.00002      0.5488    2.075350 
    1850.00     1.00002      0.5024    2.110940 
    1860.00     1.00006      0.6277    2.081870 
    1870.00     1.00006      0.6050    2.076150 
    1880.00     1.00004      0.6070    2.074860 
    1890.00     1.00004      0.7511    2.074520 
    1900.00     1.00004      0.6119    2.075380 
    1910.00     1.00002      0.6544    2.087600 
    1920.00     1.00004      0.7047    2.107490 
    1930.00     1.00004      0.6208    2.076880 
    1940.00     1.00006      0.6396    2.075200 
    1950.00     1.00004      0.5665    2.122900 
    1960.00     1.00002      0.7116    2.087100 
    1970.00     1.00002      0.6544    2.093350 
    1980.00     1.00002      0.5537    2.083310 
    1990.00     1.00006      0.6662    2.075750 
    2000.00     1.00004      0.6534    2.076690 
    2010.00     1.00002      0.5034    2.076870 
    2020.00     1.00004      0.6850    2.075710 
    2030.00     1.00002      0.6514    2.080720 
    2040.00     1.00002      0.7570    2.125400 
    2050.00     1.00004      0.8202    2.076450 
    2060.00     1.00004      0.7422    2.121530 
    2070.00     1.00002      0.9110    2.107110 
    2080.00     1.00002      0.5557    2.085610 
    2090.00     1.00004      0.7057    2.076170 
    2100.00     1.00004      0.5034    2.096500 
    2110.00     1.00006      0.5162    2.114150 
    2120.00     1.00004      0.6356    2.094880 
    2130.00     1.00002      0.5981    2.110720 
    2140.00     1.00002      0.4382    2.126460 
    2150.00     1.00002      0.6810    2.095650 
    2160.00     1.00002      0.8163    2.077580 
    2170.00     1.00004      0.7126    2.074110 
    2180.00     1.00004      0.6810    2.075530 
    2190.00     1.00002      0.6504    2.103440 
    2200.00     1.00002      0.6495    2.104060 
    2210.00     1.00002      0.5735    2.076470 
    2220.00     1.00004      0.5971    2.086390 
    2230.00     1.00006      0.4284    2.119320 
    2240.00     1.00004      0.3918    2.075350 
    2250.00     1.00002      0.6218    2.076260 
    2260.00     1.00004      0.6337    2.075990 
    2270.00     1.00004      0.6346    2.075960 
    2280.00     1.00004      0.7156    2.076260 
    2290.00     1.00004      0.6722    2.086750 
    2300.00     1.00004      0.6731    2.086240 
    2310.00     1.00004      0.6722    2.075040 
    2320.00     1.00002      0.8271    2.078900 
    2330.00     1.00002      0.8478    2.093130 
    2340.00     1.00004      0.8064    2.076120 
    2350.00     1.00006      0.5261    2.076570 
    2360.00     1.00004      0.5863    2.076160 
    2370.00     1.00004      0.6643    2.075870 
    2380.00     1.00004      0.5320    2.085660 
    2390.00     1.00004      0.4521    2.082820 
    2400.00     1.00004      0.4748    2.076620 
    2410.00     1.00004      0.5527    2.080230 
    2420.00     1.00006      0.8281    2.085620 
    2430.00     1.00004      0.7284    2.077170 
    2440.00     1.00002      0.6662    2.076110 
    2450.00     1.00002      0.6751    2.075960 
    2460.00     1.00004      0.6504    2.080960 
    2470.00     1.00006      0.8123    2.077550 
    2480.00     1.00006      0.6958    2.077090 
    2490.00     1.00002      0.5971    2.076540 
    2500.00     1.00002      0.6988    2.076530 
    2510.00     1.00002      0.6998    2.076960 
    2520.00     1.00004      0.5389    2.076610 
    2530.00     1.00004      0.4353    2.076520 
    2540.00     1.00004      0.8804    2.075250 
    2550.00     1.00002      0.8834    2.077180 
    2560.00     1.00002      0.6268    2.075350 
    2570.00     1.00002      0.5083    2.075070 
    2580.00     1.00004      0.4599    2.075580 
    2590.00     1.00004      0.4461    2.082290 
    2600.00     1.00004      0.4856    2.081590 
    2610.00     1.00004      0.5764    2.076070 
    2620.00     1.00002      0.6623    2.075950 
    2630.00     1.00002      0.7333    2.075110 
    2640.00     1.00004      0.7610    2.075450 
    2650.00     1.00004      0.8330    2.074130 
    2660.00     1.00004      0.8755    2.077090 
    2670.00     1.00004      0.5527    2.076210 
    2680.00     1.00002      0.6435    2.074550 
    2690.00     1.00002      0.6485    2.075810 
    2700.00     1.00004      0.5221    2.084350 
    2710.00     1.00006      0.6544    2.086120 
    2720.00     1.00006      0.7718    2.081540 
    2730.00     1.00004      0.5429    2.092550 
    2740.00     1.00002      0.6406    2.077200 
    2750.00     1.00002      0.7945    2.074740 
    2760.00     1.00002      0.5063    2.075740 
    2770.00     1.00004      0.6573    2.074920 
    2780.00     1.00004      0.5429    2.075070 
    2790.00     1.00004      0.7077    2.076410 
    2800.00     1.00002      0.6179    2.078780 
    2810.00     1.00002      0.3938    2.078420 
    2820.00     1.00002      0.6870    2.075350 
    2830.00     1.00004      0.5300    2.075650 
    2840.00     1.00004      0.5379    2.077110 
    2850.00     1.00004      0.4817    2.075960 
    2860.00     1.00002      0.6317    2.075380 
    2870.00     1.00002      0.3918    2.086810 
    2880.00     1.00002      0.5123    2.080170 
    2890.00     1.00004      0.5379    2.076310 
    2900.00     1.00004      0.6929    2.075570 
    2910.00     1.00002      0.6652    2.075870 
    2920.00     1.00002      0.6307    2.084790 
    2930.00     1.00000      0.5922    2.099540 
    2940.00     1.00004      0.5833    2.077560 
    2950.00     1.00006      0.4570    2.076420 
    2960.00     1.00006      0.4096    2.073630 
    2970.00     1.00004      0.3474    2.075850 
    2980.00     1.00002      0.3376    2.075920 
    2990.00     1.00002      0.5103    2.076000 
    3000.00     1.00002      0.5053    2.080510 
    3010.00     1.00004      0.4846    2.090910 
    3020.00     1.00006      0.6475    2.093050 
    3030.00     1.00004      0.4649    2.085430 
    3040.00     1.00000      0.3198    2.120140 
    3050.00     1.00002      0.6682    2.075960 
    3060.00     1.00004      0.4106    2.077140 
    3070.00     1.00006      0.4382    2.097520 
    3080.00     1.00006      0.4688    2.082530 
    3090.00     1.00004      0.7057    2.075680 
    3100.00     1.00002      0.6919    2.102600 
    3110.00     1.00002      0.6485    2.104920 
    3120.00     1.00004      0.4481    2.090750 
    3130.00     1.00004      0.5399    2.126960 
    3140.00     1.00004      0.5350    2.121730 
    3150.00     1.00004      0.5636    2.077330 
    3160.00     1.00002      0.5804    2.126680 
    3170.00     1.00002      0.6455    2.083210 
    3180.00     1.00002      0.7047    2.077190 
    3190.00     1.00004      0.4856    2.075300 
    3200.00     1.00004      0.5863    2.079650 
    3210.00     1.00004      0.5488    2.080330 
    3220.00     1.00002      0.5962    2.079120 
    3230.00     1.00002      0.5665    2.085720 
    3240.00     1.00002      0.5320    2.075450 
    3250.00     1.00004      0.4935    2.073520 
    3260.00     1.00006      0.5843    2.109440 
    3270.00     1.00004      0.5409    2.080580 
    3280.00     1.00002      0.6169    2.114520 
    3290.00     1.00000      0.5429    2.093120 
    3300.00     1.00004      0.5103    2.076510 
    3310.00     1.00006      0.4126    2.076390 
    3320.00     1.00004      0.3010    2.076360 
    3330.00     1.00004      0.4965    2.076760 
    3340.00     1.00002      0.5527    2.075340 
    3350.00     1.00002      0.4718    2.076570 
    3360.00     1.00002      0.3178    2.076420 
    3370.00     1.00004      0.7432    2.076010 
    3380.00     1.00004      0.4876    2.075840 
    3390.00     1.00004      0.4224    2.083370 
    3400.00     1.00000      0.3257    2.107860 
    3410.00     1.00002      0.5330    2.102310 
    3420.00     1.00002      0.4086    2.075450 
    3430.00     1.00006      0.4491    2.075760 
    3440.00     1.00006      0.5103    2.076430 
    3450.00     1.00004      0.4975    2.094330 
    3460.00     1.00004      0.4550    2.076420 
    3470.00     1.00002      0.3514    2.076140 
    3480.00     1.00004      0.3267    2.076350 
    3490.00     1.00004      0.5379    2.075790 
    3500.00     1.00004      0.5211    2.075590 
    3510.00     1.00004      0.4984    2.076280 
    3520.00     1.00002      0.5577    2.076870 
    3530.00     1.00002      0.5685    2.076860 
    3540.00     1.00004      0.3918    2.077500 
    3550.00     1.00004      0.4284    2.075380 
    3560.00     1.00006      0.5221    2.077480 
    3570.00     1.00004      0.4669    2.122060 
    3580.00     1.00002      0.7699    2.084590 
    3590.00     1.00002      0.6761    2.075490 
    3600.00     1.00002      0.6218    2.104190 
    3610.00     1.00004      0.4412    2.101560 
    3620.00     1.00006      0.6031    2.075520 
    3630.00     1.00004      0.6879    2.083060 
    3640.00     1.00002      0.5300    2.100540 
    3650.00     1.00002      0.6801    2.075690 
    3660.00     1.00004      0.7235    2.095030 
    3670.00     1.00004      0.7146    2.077760 
    3680.00     1.00006      0.7077    2.077000 
    3690.00     1.00004      0.6455    2.076540 
    3700.00     1.00002      0.5764    2.075990 
    3710.00     1.00002      0.4145    2.075080 
    3720.00     1.00002      0.6771    2.092880 
    3730.00     1.00004      0.4767    2.112850 
    3740.00     1.00004      0.7018    2.080890 
    3750.00     1.00004      0.5448    2.109710 
    3760.00     1.00002      0.6544    2.085270 
    3770.00     1.00000      0.5705    2.077890 
    3780.00     1.00002      0.8074    2.118620 
    3790.00     1.00004      0.8291    2.090530 
    3800.00     1.00004      0.8251    2.076170 
    3810.00     1.00004      0.6652    2.075760 
    3820.00     1.00002      0.6435    2.075490 
    3830.00     1.00004      0.5981    2.076480 
    3840.00     1.00004      0.5685    2.076020 
    3850.00     1.00004      0.7343    2.077140 
    3860.00     1.00006      0.5073    2.076420 
    3870.00     1.00004      0.7235    2.075700 
    3880.00     1.00002      0.5784    2.075780 
    3890.00     1.00000      0.6564    2.077010 
    3900.00     1.00002      0.6593    2.075810 
    3910.00     1.00004      0.6021    2.075490 
    3920.00     1.00004      0.5399    2.076260 
    3930.00     1.00004      0.6593    2.078490 
    3940.00     1.00002      0.6386    2.083020 
    3950.00     1.00002      0.5409    2.075530 
    3960.00     1.00002      0.4925    2.075960 
    3970.00     1.00004      0.3968    2.076390 
    3980.00     1.00004      0.6228    2.095900 
    3990.00     1.00004      0.5093    2.081900 
    4000.00     1.00002      0.6593    2.076000 
    4010.00     1.00000      0.4372    2.076880 
    4020.00     1.00002      0.6366    2.076660 
    4030.00     1.00004      0.5508    2.081960 
    4040.00     1.00006      0.4807    2.093940 
    4050.00     1.00004      0.6850    2.075270 
    4060.00     1.00002      0.4323    2.076420 
    4070.00     1.00002      0.5912    2.104690 
    4080.00     1.00002      0.6781    2.090690 
    4090.00     1.00002      0.6692    2.117850 
    4100.00     1.00004      0.5152    2.125640 
    4110.00     1.00006      0.5113    2.105940 
    4120.00     1.00002      0.5359    2.083440 
    4130.00     1.00002      0.5685    2.090460 
    4140.00     1.00002      0.5853    2.118770 
    4150.00     1.00004      0.5409    2.079140 
    4160.00     1.00004      0.6277    2.075040 
    4170.00     1.00004      0.7916    2.075490 
    4180.00     1.00004      0.7521    2.087240 
    4190.00     1.00004      0.4787    2.093780 
    4200.00     1.00002      0.4274    2.083720 
    4210.00     1.00004      0.5675    2.077100 
    4220.00     1.00004      0.6643    2.077030 
    4230.00     1.00004      0.6317    2.077910 
    4240.00     1.00002      0.7689    2.079480 
    4250.00     1.00002      0.8005    2.077580 
    4260.00     1.00002      0.7156    2.077030 
    4270.00     1.00004      0.5754    2.075390 
    4280.00     1.00004      0.6356    2.115470 
    4290.00     1.00004      0.5715    2.087760 
    4300.00     1.00002      0.6198    2.076130 
    4310.00     1.00002      0.7146    2.102920 
    4320.00     1.00002      0.6119    2.105350 
    4330.00     1.00002      0.5616    2.076570 
    4340.00     1.00006      0.5211    2.076450 
    4350.00     1.00004      0.5073    2.076070 
    4360.00     1.00004      0.5458    2.077180 
    4370.00     1.00002      0.6090    2.076570 
    4380.00     1.00002      0.6495    2.075630 
    4390.00     1.00004      0.6425    2.094290 
    4400.00     1.00006      0.5340    2.085080 
    4410.00     1.00004      0.6050    2.076930 
    4420.00     1.00002      0.5962    2.076850 
    4430.00     1.00004      0.5379    2.077180 
    4440.00     1.00002      0.6317    2.087550 
    4450.00     1.00002      0.4057    2.122730 
    4460.00     1.00004      0.6988    2.101140 
    4470.00     1.00004      0.6297    2.075610 
    4480.00     1.00002      0.6751    2.088720 
    4490.00     1.00000      0.7521    2.090340 
    4500.00     1.00002      0.7057    2.081370 
    4510.00     1.00004      0.5843    2.076700 
    4520.00     1.00004      0.5537    2.076570 
    4530.00     1.00004      0.7106    2.076520 
    4540.00     1.00002      0.6564    2.076380 
    4550.00     1.00002      0.4284    2.076420 
    4560.00     1.00004      0.3563    2.077630 
    4570.00     1.00004      0.4313    2.077180 
    4580.00     1.00004      0.5547    2.075670 
    4590.00     1.00004      0.5113    2.076340 
    4600.00     1.00002      0.5656    2.076570 
    4610.00     1.00002      0.4284    2.076400 
    4620.00     1.00002      0.5833    2.076050 
    4630.00     1.00004      0.4787    2.075910 
    4640.00     1.00006      0.4491    2.087980 
    4650.00     1.00004      0.7422    2.126800 
    4660.00     1.00004      0.4382    2.127230 
    4670.00     1.00002      0.6011    2.077030 
    4680.00     1.00002      0.3731    2.077030 
    4690.00     1.00002      0.3642    2.076180 
    4700.00     1.00004      0.6031    2.090280 
    4710.00     1.00004      0.7412    2.084140 
    4720.00     1.00002      0.5705    2.075820 
    4730.00     1.00002      0.4323    2.076450 
    4740.00     1.00002      0.4846    2.083250 
    4750.00     1.00004      0.5813    2.102270 
    4760.00     1.00004      0.4817    2.076260 
    4770.00     1.00004      0.6110    2.075960 
    4780.00     1.00004      0.4323    2.076380 
    4790.00     1.00002      0.4896    2.076790 
    4800.00     1.00002      0.5537    2.109430 
    4810.00     1.00004      0.6672    2.095600 
    4820.00     1.00004      0.5695    2.099210 
    4830.00     1.00004      0.6445    2.116210 
    4840.00     1.00002      0.5823    2.094920 
    4850.00     1.00002      0.5103    2.076720 
    4860.00     1.00002      0.4639    2.076720 
    4870.00     1.00004      0.6258    2.076570 
    4880.00     1.00006      0.5448    2.076710 
    4890.00     1.00004      0.6198    2.074730 
    4900.00     1.00004      0.6781    2.109990 
    4910.00     1.00002      0.4540    2.096610 
    4920.00     1.00004      0.5429    2.076060 
    4930.00     1.00002      0.7037    2.094760 
    4940.00     1.00004      0.4669    2.127130 
    4950.00     1.00006      0.6169    2.116670 
    4960.00     1.00004      0.6218    2.074950 
    4970.00     1.00002      0.5695    2.076110 
    4980.00     1.00002      0.4826    2.077390 
    4990.00     1.00004      0.6031    2.076230 
    5000.00     1.00004      0.5665    2.076400 
    5010.00     1.00004      0.5429    2.106480 
    5020.00     1.00004      0.7028    2.100630 
    5030.00     1.00002      0.6268    2.075270 
    5040.00     1.00004      0.5606    2.076110 
    5050.00     1.00004      0.4866    2.084170 
    5060.00     1.00006      0.6119    2.123750 
    5070.00     1.00004      0.6761    2.077030 
    5080.00     1.00004      0.7620    2.075440 
    5090.00     1.00002      0.4570    2.075350 
    5100.00     1.00002      0.4086    2.098360 
    5110.00     1.00004      0.4511    2.086910 
    5120.00     1.00006      0.6287    2.084530 
    5130.00     1.00006      0.6692    2.108000 
    5140.00     1.00004      0.5675    2.116950 
    5150.00     1.00002      0.5448    2.095080 
    5160.00     1.00004      0.5596    2.124280 
    5170.00     1.00004      0.5991    2.075350 
    5180.00     1.00004      0.4511    2.077240 
    5190.00     1.00006      0.5261    2.090230 
    5200.00     1.00004      0.4471    2.080810 
    5210.00     1.00002      0.5744    2.076380 
    5220.00     1.00002      0.6277    2.091120 
    5230.00     1.00004      0.5290    2.092870 
    5240.00     1.00006      0.6080    2.075020 
    5250.00     1.00006      0.6406    2.075290 
    5260.00     1.00004      0.5912    2.075130 
    5270.00     1.00004      0.3287    2.076260 
    5280.00     1.00002      0.2773    2.123680 
    5290.00     1.00004      0.4994    2.126050 
    5300.00     1.00004      0.4984    2.099220 
    5310.00     1.00006      0.4086    2.080990 
    5320.00     1.00004      0.4126    2.076290 
    5330.00     1.00002      0.3129    2.076660 
    5340.00     1.00002      0.5211    2.091410 
    5350.00     1.00004      0.4856    2.118050 
    5360.00     1.00006      0.4155    2.086350 
    5370.00     1.00006      0.4560    2.075040 
    5380.00     1.00004      0.3928    2.075790 
    5390.00     1.00002      0.3583    2.075940 
    5400.00     1.00002      0.4037    2.114900 
    5410.00     1.00002      0.2852    2.096430 
    5420.00     1.00004      0.4096    2.078000 
    5430.00     1.00006      0.3889    2.076480 
    5440.00     1.00004      0.4708    2.076340 
    5450.00     1.00002      0.3632    2.077210 
    5460.00     1.00002      0.4728    2.081850 
    5470.00     1.00002      0.3879    2.124940 
    5480.00     1.00006      0.6208    2.076450 
    5490.00     1.00006      0.5922    2.075690 
    5500.00     1.00004      0.5665    2.113820 
    5510.00     1.00002      0.5488    2.098960 
    5520.00     1.00002      0.3524    2.080440 
    5530.00     1.00002      0.4876    2.084710 
    5540.00     1.00004      0.6445    2.089390 
    5550.00     1.00004      0.4461    2.076580 
    5560.00     1.00004      0.4846    2.077160 
    5570.00     1.00002      0.5606    2.077030 
    5580.00     1.00002      0.5093    2.126220 
    5590.00     1.00004      0.4175    2.082850 
    5600.00     1.00006      0.3208    2.113010 
    5610.00     1.00004      0.6366    2.091720 
    5620.00     1.00004      0.6899    2.076110 
    5630.00     1.00004      0.4777    2.097980 
    5640.00     1.00004      0.3524    2.109080 
    5650.00     1.00004      0.3958    2.076300 
    5660.00     1.00004      0.4876    2.081620 
    5670.00     1.00006      0.4333    2.123720 
    5680.00     1.00004      0.6643    2.074130 
    5690.00     1.00002      0.5498    2.076450 
    5700.00     1.00000      0.4757    2.101040 
    5710.00     1.00004      0.4965    2.086990 
    5720.00     1.00004      0.4372    2.076250 
    5730.00     1.00006      0.5438    2.076280 
    5740.00     1.00004      0.5488    2.084870 
    5750.00     1.00002      0.4669    2.094460 
    5760.00     1.00002      0.6613    2.076400 
    5770.00     1.00002      0.6455    2.074540 
    5780.00     1.00004      0.6850    2.115780 
    5790.00     1.00004      0.4748    2.080160 
    5800.00     1.00004      0.6287    2.115110 
    5810.00     1.00002      0.4994    2.092060 
    5820.00     1.00002      0.5438    2.097230 
    5830.00     1.00002      0.3918    2.096100 
    5840.00     1.00004      0.4975    2.077920 
    5850.00     1.00004      0.5685    2.078340 
    5860.00     1.00004      0.4728    2.077040 
    5870.00     1.00002      0.6189    2.077300 
    5880.00     1.00002      0.6317    2.123570 
    5890.00     1.00002      0.2981    2.095640 
    5900.00     1.00004      0.6475    2.089850 
    5910.00     1.00004      0.6919    2.095020 
    5920.00     1.00004      0.5902    2.084860 
    5930.00     1.00002      0.6909    2.075810 
    5940.00     1.00002      0.4560    2.076420 
    5950.00     1.00004      0.6356    2.077410 
    5960.00     1.00004      0.5922    2.077220 
    5970.00     1.00004      0.6791    2.077410 
    5980.00     1.00004      0.5932    2.075350 
    5990.00     1.00004      0.3484    2.104000 
    6000.00     1.00002      0.3060    2.081850 
    6010.00     1.00002      0.3820    2.076650 
    6020.00     1.00002      0.3889    2.076150 
    6030.00     1.00004      0.6504    2.075880 
    6040.00     1.00006      0.2300    2.075940 
    6050.00     1.00002      0.5794    2.075770 
    6060.00     1.00002      0.5685    2.076320 
    6070.00     1.00002      0.6870    2.077480 
    6080.00     1.00006      0.7156    2.077330 
    6090.00     1.00004      0.6524    2.076620 
    6100.00     1.00004      0.7590    2.081860 
    6110.00     1.00002      0.6396    2.078610 
    6120.00     1.00002      0.6228    2.074840 
    6130.00     1.00004      0.6386    2.089910 
    6140.00     1.00004      0.5567    2.094740 
    6150.00     1.00004      0.7294    2.075680 
    6160.00     1.00004      0.5508    2.082560 
    6170.00     1.00002      0.5517    2.110940 
    6180.00     1.00002      0.5596    2.077480 
    6190.00     1.00002      0.4422    2.075470 
    6200.00     1.00002      0.6504    2.116370 
    6210.00     1.00004      0.6001    2.089860 
    6220.00     1.00004      0.8390    2.077280 
    6230.00     1.00002      0.5942    2.075940 
    6240.00     1.00002      0.4471    2.093930 
    6250.00     1.00002      0.3889    2.110910 
    6260.00     1.00002      0.4047    2.076950 
    6270.00     1.00004      0.7126    2.077570 
    6280.00     1.00004      0.6218    2.102970 
    6290.00     1.00004      0.4836    2.078920 
    6300.00     1.00000      0.6692    2.073410 
    6310.00     1.00002      0.5616    2.112190 
    6320.00     1.00004      0.5438    2.111020 
    6330.00     1.00004      0.3849    2.087840 
    6340.00     1.00004      0.5962    2.096860 
    6350.00     1.00004      0.6554    2.127680 
    6360.00     1.00002      0.5300    2.114810 
    6370.00     1.00002      0.3909    2.079910 
    6380.00     1.00002      0.4086    2.124940 
    6390.00     1.00004      0.5498    2.089750 
    6400.00     1.00004      0.3988    2.119390 
    6410.00     1.00002      0.5369    2.087570 
    6420.00     1.00002      0.5004    2.075470 
    6430.00     1.00002      0.3662    2.076130 
    6440.00     1.00004      0.4205    2.076040 
    6450.00     1.00004      0.6119    2.075770 
    6460.00     1.00004      0.4955    2.085930 
    6470.00     1.00002      0.5892    2.122170 
    6480.00     1.00002      0.6860    2.075960 
    6490.00     1.00004      0.4797    2.076110 
    6500.00     1.00004      0.4580    2.106160 
    6510.00     1.00004      0.5152    2.121080 
    6520.00     1.00004      0.4076    2.093920 
    6530.00     1.00002      0.4303    2.102490 
    6540.00     1.00002      0.4718    2.103530 
    6550.00     1.00002      0.5843    2.075340 
    6560.00     1.00004      0.4748    2.086160 
    6570.00     1.00006      0.5399    2.122170 
    6580.00     1.00004      0.5508    2.076870 
    6590.00     1.00002      0.4935    2.123920 
    6600.00     1.00002      0.4076    2.125840 
    6610.00     1.00002      0.4728    2.086440 
    6620.00     1.00002      0.4422    2.088470 
    6630.00     1.00004      0.4382    2.085880 
    6640.00     1.00004      0.5508    2.076360 
    6650.00     1.00002      0.6455    2.091300 
    6660.00     1.00002      0.5596    2.115080 
    6670.00     1.00004      0.6011    2.076320 
    6680.00     1.00004      0.6820    2.076870 
    6690.00     1.00004      0.4570    2.089320 
    6700.00     1.00004      0.6504    2.077440 
    6710.00     1.00002      0.7353    2.076750 
    6720.00     1.00002      0.6248    2.088090 
    6730.00     1.00002      0.5142    2.084850 
    6740.00     1.00004      0.5320    2.077390 
    6750.00     1.00004      0.4856    2.093390 
    6760.00     1.00004      0.5093    2.115810 
    6770.00     1.00002      0.3770    2.081940 
    6780.00     1.00000      0.6524    2.124230 
    6790.00     1.00002      0.5063    2.074740 
    6800.00     1.00004      0.5211    2.098090 
    6810.00     1.00006      0.3405    2.081550 
    6820.00     1.00004      0.5320    2.075550 
    6830.00     1.00002      0.3395    2.076060 
    6840.00     1.00002      0.3149    2.085400 
    6850.00     1.00002      0.4639    2.106020 
    6860.00     1.00004      0.5251    2.116620 
    6870.00     1.00004      0.2833    2.084500 
    6880.00     1.00004      0.5971    2.075950 
    6890.00     1.00002      0.3326    2.075650 
    6900.00     1.00002      0.3612    2.075240 
    6910.00     1.00002      0.3178    2.095690 
    6920.00     1.00004      0.4402    2.084930 
    6930.00     1.00006      0.4244    2.077130 
    6940.00     1.00004      0.3435    2.076660 
    6950.00     1.00004      0.4165    2.075990 
    6960.00     1.00002      0.3879    2.075450 
    6970.00     1.00002      0.4935    2.076240 
    6980.00     1.00002      0.5221    2.076090 
    6990.00     1.00004      0.4066    2.074890 
    7000.00     1.00004      0.4274    2.076420 
    7010.00     1.00004      0.3474    2.115020 
    7020.00     1.00000      0.2754    2.126240 
    7030.00     1.00002      0.3228    2.098050 
    7040.00     1.00004      0.2527    2.080400 
    7050.00     1.00006      0.3909    2.081300 
    7060.00     1.00006      0.5853    2.076300 
    7070.00     1.00002      0.5567    2.076310 
    7080.00     1.00002      0.4965    2.075670 
    7090.00     1.00002      0.3928    2.076260 
    7100.00     1.00004      0.3237    2.075130 
    7110.00     1.00004      0.6850    2.076410 
    7120.00     1.00004      0.4866    2.082490 
    7130.00     1.00002      0.3277    2.080330 
    7140.00     1.00002      0.4925    2.077030 
    7150.00     1.00002      0.2872    2.082580 
    7160.00     1.00004      0.5192    2.088390 
    7170.00     1.00006      0.3770    2.078820 
    7180.00     1.00006      0.6702    2.088110 
    7190.00     1.00004      0.4205    2.077330 
    7200.00     1.00002      0.6021    2.076340 
    7210.00     1.00002      0.6139    2.093530 
    7220.00     1.00004      0.5971    2.085970 
    7230.00     1.00004      0.4432    2.077700 
    7240.00     1.00004      0.3731    2.084470 
    7250.00     1.00004      0.5636    2.087770 
    7260.00     1.00002      0.3810    2.076690 
    7270.00     1.00002      0.4481    2.082480 
    7280.00     1.00004      0.4599    2.123540 
    7290.00     1.00006      0.3060    2.075960 
    7300.00     1.00006      0.5369    2.076390 
    7310.00     1.00004      0.4748    2.091960 
    7320.00     1.00002      0.4925    2.081740 
    7330.00     1.00002      0.1915    2.076480 
    7340.00     1.00002      0.5616    2.076110 
    7350.00     1.00004      0.4382    2.084910 
    7360.00     1.00004      0.3820    2.101240 
    7370.00     1.00004      0.4718    2.103960 
    7380.00     1.00002      0.5478    2.085960 
    7390.00     1.00002      0.4659    2.077640 
    7400.00     1.00004      0.3820    2.075740 
    7410.00     1.00008      0.4363    2.085070 
    7420.00     1.00006      0.4639    2.095540 
    7430.00     1.00004      0.4027    2.084290 
    7440.00     1.00002      0.5103    2.076520 
    7450.00     1.00002      0.6830    2.077090 
    7460.00     1.00002      0.4511    2.090660 
    7470.00     1.00004      0.5142    2.115940 
    7480.00     1.00004      0.4826    2.075670 
    7490.00     1.00004      0.1441    2.075960 
    7500.00     1.00002      0.3938    2.075520 
    7510.00     1.00004      0.3020    2.075890 
    7520.00     1.00004      0.3001    2.075730 
    7530.00     1.00004      0.4550    2.076900 
    7540.00     1.00004      0.3889    2.077000 
    7550.00     1.00004      0.4984    2.075970 
    7560.00     1.00004      0.4343    2.082210 
    7570.00     1.00004      0.2300    2.094180 
    7580.00     1.00002      0.3997    2.077610 
    7590.00     1.00004      0.2704    2.086030 
    7600.00     1.00004      0.3859    2.076950 
    7610.00     1.00004      0.4126    2.077380 
    7620.00     1.00002      0.5804    2.075770 
    7630.00     1.00002      0.5123    2.076670 
    7640.00     1.00002      0.3859    2.076100 
    7650.00     1.00004      0.3464    2.097130 
    7660.00     1.00006      0.4293    2.111240 
    7670.00     1.00004      0.4086    2.074580 
    7680.00     1.00002      0.4659    2.075700 
    7690.00     1.00004      0.4491    2.074580 
    7700.00     1.00002      0.4678    2.076980 
    7710.00     1.00004      0.4826    2.076630 
    7720.00     1.00004      0.4757    2.113680 
    7730.00     1.00004      0.6041    2.092810 
    7740.00     1.00002      0.5350    2.076560 
    7750.00     1.00002      0.7926    2.076020 
    7760.00     1.00004      0.5172    2.074720 
    7770.00     1.00004      0.5853    2.075780 
    7780.00     1.00004      0.6909    2.076370 
    7790.00     1.00004      0.6504    2.077330 
    7800.00     1.00002      0.4471    2.126280 
    7810.00     1.00002      0.4382    2.081800 
    7820.00     1.00004      0.6297    2.075490 
    7830.00     1.00004      0.5971    2.076960 
    7840.00     1.00004      0.6771    2.077280 
    7850.00     1.00004      0.6159    2.076670 
    7860.00     1.00002      0.5300    2.079540 
    7870.00     1.00002      0.7294    2.085940 
    7880.00     1.00004      0.5498    2.085210 
    7890.00     1.00006      0.6406    2.077330 
    7900.00     1.00006      0.6119    2.077030 
    7910.00     1.00006      0.5508    2.076070 
    7920.00     1.00002      0.6100    2.113690 
    7930.00     1.00002      0.6208    2.092400 
    7940.00     1.00002      0.8498    2.076510 
    7950.00     1.00004      0.5488    2.075970 
    7960.00     1.00006      0.6929    2.076320 
    7970.00     1.00004      0.6317    2.077650 
    7980.00     1.00002      0.5063    2.078490 
    7990.00     1.00002      0.5172    2.076850 
    8000.00     1.00004      0.5971    2.075350 
    8010.00     1.00004      0.5211    2.076030 
    8020.00     1.00004      0.4826    2.075390 
    8030.00     1.00004      0.6909    2.080210 
    8040.00     1.00004      0.6277    2.079100 
    8050.00     1.00004      0.6514    2.076990 
    8060.00     1.00002      0.5853    2.093130 
    8070.00     1.00004      0.6366    2.111210 
    8080.00     1.00004      0.6998    2.076210 
    8090.00     1.00004      0.5557    2.074900 
    8100.00     1.00004      0.6218    2.075500 
    8110.00     1.00002      0.7156    2.077030 
    8120.00     1.00004      0.5586    2.117960 
    8130.00     1.00006      0.5725    2.127100 
    8140.00     1.00006      0.6771    2.096770 
    8150.00     1.00004      0.5853    2.099210 
    8160.00     1.00004      0.7176    2.107840 
    8170.00     1.00002      0.7304    2.074930 
    8180.00     1.00004      0.6307    2.075540 
    8190.00     1.00004      0.6810    2.077340 
    8200.00     1.00004      0.6080    2.127080 
    8210.00     1.00006      0.8350    2.104920 
    8220.00     1.00002      0.5113    2.120790 
    8230.00     1.00002      0.4836    2.090230 
    8240.00     1.00002      0.5478    2.076170 
    8250.00     1.00004      0.6011    2.075770 
    8260.00     1.00004      0.4461    2.074740 
    8270.00     1.00004      0.5656    2.080690 
    8280.00     1.00004      0.5843    2.094380 
    8290.00     1.00004      0.4244    2.077040 
    8300.00     1.00002      0.4323    2.103120 
    8310.00     1.00004      0.4945    2.077860 
    8320.00     1.00004      0.5853    2.082880 
    8330.00     1.00006      0.5399    2.077740 
    8340.00     1.00002      0.6475    2.075230 
    8350.00     1.00002      0.5182    2.083650 
    8360.00     1.00004      0.6781    2.104110 
    8370.00     1.00004      0.5567    2.110560 
    8380.00     1.00006      0.5063    2.075780 
    8390.00     1.00004      0.6692    2.078090 
    8400.00     1.00004      0.5764    2.124330 
    8410.00     1.00004      0.6544    2.079050 
    8420.00     1.00002      0.5626    2.077440 
    8430.00     1.00004      0.7037    2.111580 
    8440.00     1.00006      0.4550    2.110820 
    8450.00     1.00006      0.4264    2.091450 
    8460.00     1.00004      0.3918    2.079150 
    8470.00     1.00000      0.5636    2.075420 
    8480.00     1.00002      0.7106    2.073680 
    8490.00     1.00006      0.7955    2.079170 
    8500.00     1.00006      0.7975    2.125400 
    8510.00     1.00004      0.6445    2.076400 
    8520.00     1.00002      0.8093    2.075490 
    8530.00     1.00002      0.6100    2.113490 
    8540.00     1.00004      0.6682    2.094650 
    8550.00     1.00004      0.6031    2.075350 
    8560.00     1.00006      0.8350    2.094360 
    8570.00     1.00004      0.9071    2.108690 
    8580.00     1.00002      0.7304    2.079000 
    8590.00     1.00002      0.7403    2.104790 
    8600.00     1.00002      0.7718    2.124940 
    8610.00     1.00006      0.8755    2.126990 
    8620.00     1.00006      0.7699    2.084790 
    8630.00     1.00006      0.8340    2.076190 
    8640.00     1.00004      0.6672    2.075810 
    8650.00     1.00002      0.7699    2.090880 
    8660.00     1.00004      0.6879    2.093160 
    8670.00     1.00004      0.6021    2.076000 
    8680.00     1.00004      0.5735    2.075100 
    8690.00     1.00006      0.6860    2.079040 
    8700.00     1.00002      0.4994    2.124630 
    8710.00     1.00000      0.5754    2.077270 
    8720.00     1.00002      0.5794    2.076460 
    8730.00     1.00006      0.6119    2.076910 
    8740.00     1.00006      0.4481    2.110690 
    8750.00     1.00006      0.6643    2.126700 
    8760.00     1.00004      0.3178    2.108010 
    8770.00     1.00002      0.5478    2.082430 
    8780.00     1.00002      0.5488    2.075830 
    8790.00     1.00004      0.5557    2.076580 
    8800.00     1.00006      0.5744    2.089080 
    8810.00     1.00004      0.6633    2.124520 
    8820.00     1.00004      0.7551    2.081830 
    8830.00     1.00002      0.5527    2.076400 
    8840.00     1.00002      0.5695    2.077120 
    8850.00     1.00006      0.5399    2.076590 
    8860.00     1.00004      0.8212    2.075630 
    8870.00     1.00004      0.6554    2.091310 
    8880.00     1.00004      0.5103    2.115410 
    8890.00     1.00002      0.5804    2.076140 
    8900.00     1.00002      0.4797    2.076420 
    8910.00     1.00002      0.5103    2.077020 
    8920.00     1.00006      0.5211    2.077030 
    8930.00     1.00006      0.5764    2.076320 
    8940.00     1.00002      0.6623    2.076110 
    8950.00     1.00002      0.6465    2.076530 
    8960.00     1.00002      0.6198    2.076470 
    8970.00     1.00004      0.6001    2.076400 
    8980.00     1.00006      0.5192    2.076930 
    8990.00     1.00004      0.4560    2.075290 
    9000.00     1.00004      0.6573    2.073670 
    9010.00     1.00002      0.6672    2.077180 
    9020.00     1.00002      0.7403    2.076640 
    9030.00     1.00004      0.6001    2.077410 
    9040.00     1.00006      0.7452    2.076500 
    9050.00     1.00004      0.6090    2.074250 
    9060.00     1.00002      0.7610    2.074970 
    9070.00     1.00002      0.6820    2.076510 
    9080.00     1.00002      0.6722    2.075040 
    9090.00     1.00004      0.7333    2.082280 
    9100.00     1.00006      0.5468    2.123700 
    9110.00     1.00004      0.5991    2.077030 
    9120.00     1.00004      0.6662    2.077030 
    9130.00     1.00002      0.5902    2.076910 
    9140.00     1.00004      0.6504    2.076770 
    9150.00     1.00004      0.7432    2.076460 
    9160.00     1.00004      0.7353    2.076680 
    9170.00     1.00004      0.6031    2.076860 
    9180.00     1.00002      0.4728    2.080240 
    9190.00     1.00002      0.6376    2.097600 
    9200.00     1.00002      0.6337    2.126880 
    9210.00     1.00002      0.6495    2.117160 
    9220.00     1.00004      0.5912    2.099380 
    9230.00     1.00004      0.5823    2.081510 
    9240.00     1.00002      0.6337    2.077480 
    9250.00     1.00002      0.7491    2.081770 
    9260.00     1.00002      0.7028    2.080150 
    9270.00     1.00004      0.8192    2.075760 
    9280.00     1.00004      0.7866    2.080510 
    9290.00     1.00006      0.9357    2.088250 
    9300.00     1.00002      0.9140    2.076270 
    9310.00     1.00002      0.7679    2.096100 
    9320.00     1.00002      0.8863    2.084590 
    9330.00     1.00004      0.7314    2.075920 
    9340.00     1.00006      0.7047    2.074670 
    9350.00     1.00004      0.6712    2.095060 
    9360.00     1.00004      0.6396    2.093400 
    9370.00     1.00002      0.7136    2.084550 
    9380.00     1.00002      0.3770    2.093020 
    9390.00     1.00002      0.5379    2.076760 
    9400.00     1.00004      0.5863    2.076140 
    9410.00     1.00004      0.6652    2.076870 
    9420.00     1.00004      0.6939    2.076160 
    9430.00     1.00002      0.5902    2.075740 
    9440.00     1.00002      0.7067    2.075540 
    9450.00     1.00004      0.5034    2.076050 
    9460.00     1.00006      0.5320    2.100420 
    9470.00     1.00004      0.5300    2.126210 
    9480.00     1.00004      0.7472    2.113530 
    9490.00     1.00004      0.5863    2.083430 
    9500.00     1.00004      0.6455    2.123320 
    9510.00     1.00004      0.3889    2.075200 
    9520.00     1.00004      0.6149    2.075910 
    9530.00     1.00006      0.4382    2.097490 
    9540.00     1.00004      0.6682    2.083550 
    9550.00     1.00002      0.7146    2.076600 
    9560.00     1.00002      0.7876    2.076870 
    9570.00     1.00004      0.5468    2.076620 
    9580.00     1.00004      0.3859    2.082420 
    9590.00     1.00004      0.3385    2.096630 
    9600.00     1.00004      0.3237    2.082430 
    9610.00     1.00004      0.4560    2.076260 
    9620.00     1.00002      0.5409    2.076260 
    9630.00     1.00002      0.6208    2.075370 
    9640.00     1.00006      0.5853    2.113400 
    9650.00     1.00004      0.7590    2.094890 
    9660.00     1.00004      0.6435    2.075510 
    9670.00     1.00002      0.3988    2.076540 
    9680.00     1.00002      0.6119    2.076780 
    9690.00     1.00006      0.7264    2.075830 
    9700.00     1.00006      0.4066    2.076040 
    9710.00     1.00004      0.5971    2.077180 
    9720.00     1.00002      0.7768    2.076010 
    9730.00     1.00002      0.6218    2.076350 
    9740.00     1.00004      0.5458    2.076640 
    9750.00     1.00004      0.7620    2.076820 
    9760.00     1.00004      0.6228    2.086400 
    9770.00     1.00004      0.7432    2.108070 
    9780.00     1.00004      0.6712    2.112150 
    9790.00     1.00000      0.5231    2.076750 
    9800.00     1.00000      0.5498    2.076840 
    9810.00     1.00004      0.5784    2.076420 
    9820.00     1.00006      0.7600    2.098730 
    9830.00     1.00006      0.8202    2.079880 
    9840.00     1.00004      0.5537    2.077290 
    9850.00     1.00002      0.6070    2.076310 
    9860.00     1.00004      0.7028    2.076380 
    9870.00     1.00004      0.7255    2.090680 
    9880.00     1.00004      0.6939    2.099430 
    9890.00     1.00004      0.6287    2.085880 
    9900.00     1.00004      0.7610    2.123860 
    9910.00     1.00002      0.6593    2.125240 
    9920.00     1.00002      0.6652    2.089650 
    9930.00     1.00004      0.6208    2.083520 
    9940.00     1.00004      0.6722    2.078500 
    9950.00     1.00004      0.6741    2.076090 
    9960.00     1.00004      0.6317    2.076080 
    9970.00     1.00002      0.5152    2.078140 
    9980.00     1.00004      0.4372    2.079170 
    9990.00     1.00004      0.5389    2.076650 
   10000.00     1.00125      0.6702    2.075850 
   10010.00     1.00401      0.7412    2.076260 
   10020.00     1.00672      0.9544    2.134420 
   10030.00     1.00950      0.8044    2.128470 
   10040.00     1.01224      1.0008    2.123770 
   10050.00     1.01501      0.9179    2.138940 
   10060.00     1.01780      0.7827    2.138120 
   10070.00     1.02046      0.9229    2.150210 
   10080.00     1.02322      1.1558    2.178930 
   10090.00     1.02593      1.1272    2.185340 
   10100.00     1.02865      1.2861    2.185970 
   10110.00     1.03139      1.1854    2.187190 
   10120.00     1.03408      1.1676    2.192380 
   10130.00     1.03682      1.1893    2.189530 
   10140.00     1.03954      1.2584    2.195370 
   10150.00     1.04214      1.4312    2.205800 
   10160.00     1.04484      1.5654    2.219230 
   10170.00     1.04755      1.6621    2.229520 
   10180.00     1.05021      1.4618    2.235170 
   10190.00     1.05289      1.6296    2.239790 
   10200.00     1.05545      1.6671    2.241740 
   10210.00     1.05805      1.6236    2.242430 
   10220.00     1.06069      1.6552    2.257390 
   10230.00     1.06322      1.6641    2.275550 
   10240.00     1.06582      1.7638    2.279850 
   10250.00     1.06838      1.8635    2.285370 
   10260.00     1.07085      1.8704    2.289660 
   10270.00     1.07339      1.9197    2.291460 
   10280.00     1.07590      1.9878    2.292510 
   10290.00     1.07832      2.0421    2.295350 
   10300.00     1.08081      2.1438    2.299840 
   10310.00     1.08328      2.2415    2.294800 
   10320.00     1.08566      2.2731    2.296300 
   10330.00     1.08807      2.2899    2.304300 
   10340.00     1.09046      2.4379    2.229100 
   10350.00     1.09274      2.3994    2.211350 
   10360.00     1.09513      2.4438    2.209260 
   10370.00     1.09748      2.4754    2.209470 
   10380.00     1.09971      2.7755    2.213620 
   10390.00     1.10197      2.8811    2.216910 
   10400.00     1.10422      3.0844    2.219310 
   10410.00     1.10642      3.0094    2.229460 
   10420.00     1.10859      2.9393    2.241210 
   10430.00     1.11081      2.9778    2.243460 
   10440.00     1.11293      3.3608    2.245490 
   10450.00     1.11495      3.2522    2.251170 
   10460.00     1.11705      3.3114    2.252340 
   10470.00     1.11911      3.3894    2.251880 
   10480.00     1.12108      3.4901    2.255000 
   10490.00     1.12308      3.4901    2.261220 
   10500.00     1.12505      3.8316    2.264470 
   10510.00     1.12697      3.6855    2.262350 
   10520.00     1.12879      3.9244    2.264710 
   10530.00     1.13067      3.8395    2.269250 
   10540.00     1.13254      3.6648    2.271970 
   10550.00     1.13437      3.8908    2.280730 
   10560.00     1.13605      3.9806    2.286380 
   10570.00     1.13778      4.1346    2.285900 
   10580.00     1.13948      4.2817    2.285960 
   10590.00     1.14116      4.0694    2.292010 
   10600.00     1.14274      4.3004    2.298500 
   10610.00     1.14434      4.5975    2.297440 
   10620.00     1.14590      4.5452    2.301790 
   10630.00     1.14744      4.6074    2.300080 
   10640.00     1.14892      4.6804    2.303630 
   10650.00     1.15029      4.7682    2.307110 
   10660.00     1.15173      4.6054    2.309410 
   10670.00     1.15314      4.7110    2.310560 
   10680.00     1.15449      4.9656    2.311880 
   10690.00     1.15576      5.0051    2.313340 
   10700.00     1.15697      5.0565    2.313260 
   10710.00     1.15817      5.0634    2.313490 
   10720.00     1.15940      5.1660    2.315220 
   10730.00     1.16054      5.0249    2.318980 
   10740.00     1.16166      4.9528    2.324150 
   10750.00     1.16270      5.2479    2.323470 
   10760.00     1.16370      5.2450    2.324830 
   10770.00     1.16464      5.3072    2.326900 
   10780.00     1.16559      5.3368    2.327240 
   10790.00     1.16651      5.2775    2.329030 
   10800.00     1.16736      5.2914    2.335300 
   10810.00     1.16817      5.5233    2.335960 
   10820.00     1.16894      5.6102    2.348020 
   10830.00     1.16969      5.5302    2.347730 
   10840.00     1.17039      5.5490    2.351870 
   10850.00     1.17104      5.7967    2.354410 
   10860.00     1.17154      5.6299    2.355040 
   10870.00     1.17214      5.8668    2.355830 
   10880.00     1.17266      5.8342    2.356510 
   10890.00     1.17312      5.7345    2.357280 
   10900.00     1.17360      5.7602    2.358880 
   10910.00     1.17401      5.7819    2.357210 
   10920.00     1.17434      5.9507    2.359470 
   10930.00     1.17461      5.8007    2.358440 
   10940.00     1.17486      5.8875    2.357870 
   10950.00     1.17511      5.9773    2.359850 
   10960.00     1.17534      5.8480    2.360630 
   10970.00     1.17545      5.8865    2.360690 
   10980.00     1.17555      5.8036    2.361700 
   10990.00     1.17553      5.8628    2.362900 
   11000.00     1.17553      5.7592    2.362270 
   11010.00     1.17555      5.6161    2.361960 
   11020.00     1.17547      5.6023    2.362520 
   11030.00     1.17534      5.6210    2.362220 
   11040.00     1.17516      5.6368    2.363270 
   11050.00     1.17489      5.6487    2.362510 
   11060.00     1.17464      5.3980    2.364200 
   11070.00     1.17435      5.4562    2.363620 
   11080.00     1.17403      5.4315    2.361690 
   11090.00     1.17364      5.3762    2.361190 
   11100.00     1.17318      5.4286    2.361850 
   11110.00     1.17272      5.2134    2.362590 
   11120.00     1.17220      5.1887    2.360530 
   11130.00     1.17160      5.2183    2.357820 
   11140.00     1.17110      4.9943    2.359940 
   11150.00     1.17048      4.9884    2.360580 
   11160.00     1.16979      4.8176    2.358990 
   11170.00     1.16904      4.7979    2.359670 
   11180.00     1.16825      4.6044    2.361390 
   11190.00     1.16746      4.6014    2.360870 
   11200.00     1.16659      4.7051    2.359170 
   11210.00     1.16570      4.6528    2.359370 
   11220.00     1.16478      4.4485    2.346800 
   11230.00     1.16380      4.1010    2.349850 
   11240.00     1.16281      4.1079    2.335320 
   11250.00     1.16175      4.1869    2.327220 
   11260.00     1.16067      4.1060    2.323710 
   11270.00     1.15954      4.0704    2.324450 
   11280.00     1.15832      4.2264    2.325270 
   11290.00     1.15711      4.1000    2.322680 
   11300.00     1.15590      3.9510    2.319010 
   11310.00     1.15461      3.8750    2.319420 
   11320.00     1.15326      3.7891    2.315350 
   11330.00     1.15189      3.7575    2.312620 
   11340.00     1.15048      3.6934    2.310420 
   11350.00     1.14909      3.5552    2.311860 
   11360.00     1.14761      3.5868    2.311490 
   11370.00     1.14605      3.5374    2.311870 
   11380.00     1.14451      3.3864    2.311220 
   11390.00     1.14293      3.1101    2.307560 
   11400.00     1.14137      3.0607    2.303470 
   11410.00     1.13967      3.0252    2.303120 
   11420.00     1.13798      2.9591    2.300660 
   11430.00     1.13624      3.0272    2.297820 
   11440.00     1.13455      2.9531    2.300860 
   11450.00     1.13274      2.7814    2.278350 
   11460.00     1.13091      2.7212    2.269720 
   11470.00     1.12902      2.8446    2.264480 
   11480.00     1.12715      2.5731    2.263550 
   11490.00     1.12524      2.4833    2.265130 
   11500.00     1.12331      2.4211    2.263160 
   11510.00     1.12131      2.3905    2.260360 
   11520.00     1.11936      2.3738    2.257910 
   11530.00     1.11728      2.4389    2.254640 
   11540.00     1.11518      2.2524    2.253090 
   11550.00     1.11312      2.2652    2.254930 
   11560.00     1.11102      2.1458    2.250700 
   11570.00     1.10884      2.0777    2.245900 
   11580.00     1.10665      1.9918    2.249980 
   11590.00     1.10449      1.9829    2.243690 
   11600.00     1.10222      1.8941    2.219940 
   11610.00     1.09994      1.8122    2.216600 
   11620.00     1.09773      1.7273    2.213670 
   11630.00     1.09539      1.6473    2.211760 
   11640.00     1.09303      1.4539    2.209790 
   11650.00     1.09073      1.6937    2.209880 
   11660.00     1.08834      1.5476    2.207030 
   11670.00     1.08593      1.4420    2.204270 
   11680.00     1.08355      1.2752    2.202480 
   11690.00     1.08112      1.4568    2.200300 
   11700.00     1.07863      1.1390    2.190690 
   11710.00     1.07618      1.2772    2.169160 
   11720.00     1.07366      1.1903    2.165620 
   11730.00     1.07110      1.2061    2.164310 
   11740.00     1.06867      1.2752    2.162870 
   11750.00     1.06611      1.1854    2.160750 
   11760.00     1.06353      1.2308    2.160230 
   11770.00     1.06100      1.1055    2.157880 
   11780.00     1.05834      1.0541    2.153800 
   11790.00     1.05572      0.8222    2.181500 
   11800.00     1.05314      0.7896    2.204740 
   11810.00     1.05050      0.8528    2.135720 
   11820.00     1.04786      0.8705    2.122370 
   11830.00     1.04514      0.8232    2.122800 
   11840.00     1.04245      0.6366    2.120500 
   11850.00     1.03981      0.8508    2.116670 
   11860.00     1.03711      0.7195    2.115940 
   11870.00     1.03439      0.7718    2.113780 
   11880.00     1.03173      0.5557    2.110370 
   11890.00     1.02896      0.5646    2.109500 
   11900.00     1.02624      0.6041    2.110360 
   11910.00     1.02353      0.6100    2.108950 
   11920.00     1.02077      0.8360    2.113810 
   11930.00     1.01809      0.4846    2.111820 
   11940.00     1.01534      0.3731    2.125510 
   11950.00     1.01256      0.4402    2.132700 
   11960.00     1.00981      0.4540    2.122990 
   11970.00     1.00701      0.1708    2.116950 
   11980.00     1.00430      0.0533    2.113980 
   11990.00     1.00158      0.2369    2.111330 
   12000.00     0.99886      0.2191    2.106840 
   12010.00     0.99613      0.2685    2.099280 
   12020.00     0.99333      0.2132    2.095860 
   12030.00     0.99058      0.0474    2.094880 
   12040.00     0.98786      0.1619    2.082510 
   12050.00     0.98507      0.3001    2.073400 
   12060.00     0.98237      0.0523    2.066190 
   12070.00     0.97961      0.1431    2.061670 
   12080.00     0.97680     -0.0681    2.058640 
   12090.00     0.97416     -0.2211    2.058630 
   12100.00     0.97141     -0.0661    2.060790 
   12110.00     0.96871     -0.0819    2.060830 
   12120.00     0.96603     -0.1184    2.059870 
   12130.00     0.96328     -0.0928    2.057650 
   12140.00     0.96062     -0.2448    2.051990 
   12150.00     0.95792     -0.1194    2.032180 
   12160.00     0.95522     -0.3099    2.026230 
   12170.00     0.95262     -0.3030    2.027070 
   12180.00     0.94996     -0.1984    2.032820 
   12190.00     0.94730     -0.2053    2.038910 
   12200.00     0.94470     -0.3504    2.039120 
   12210.00     0.94206     -0.4313    2.023670 
   12220.00     0.93950     -0.2635    1.987310 
   12230.00     0.93694     -0.2477    1.994630 
   12240.00     0.93434     -0.2329    2.010790 
   12250.00     0.93181     -0.4363    2.000540 
   12260.00     0.92927     -0.2803    1.977340 
   12270.00     0.92672     -0.1846    1.994560 
   12280.00     0.92428     -0.4521    2.006470 
   12290.00     0.92179     -0.1589    1.970880 
   12300.00     0.91933     -0.2329    1.924440 
   12310.00     0.91694     -0.1895    1.933850 
   12320.00     0.91449     -0.1056    1.960350 
   12330.00     0.91204     -0.0888    1.893160 
   12340.00     0.90969     -0.2280    1.863250 
   12350.00     0.90736     -0.2280    1.855900 
   12360.00     0.90503     -0.3336    1.860100 
   12370.00     0.90274     -0.1224    1.857720 
   12380.00     0.90046     -0.1411    1.912770 
   12390.00     0.89813     -0.1559    1.949090 
   12400.00     0.89592     -0.3040    2.126490 
   12410.00     0.89374     -0.2537    2.367000 
   12420.00     0.89154     -0.0592    1.911090 
   12430.00     0.88938     -0.0523    1.928150 
   12440.00     0.88730     -0.2724    1.932680 
   12450.00     0.88514     -0.1915    2.443270 
   12460.00     0.88306     -0.2231    2.500000 
   12470.00     0.88108     -0.3918    2.401650 
   12480.00     0.87908     -0.1520    2.436880 
   12490.00     0.87707     -0.0622    2.437580 
   12500.00     0.87509     -0.2685    2.365090 
   12510.00     0.87322     -0.3139    2.401510 
   12520.00     0.87131     -0.3988    2.497060 
   12530.00     0.86944     -0.2053    2.500000 
   12540.00     0.86763     -0.0780    2.500000 
   12550.00     0.86590     -0.1658    2.370060 
   12560.00     0.86408     -0.3099    2.344330 
   12570.00     0.86233     -0.1244    2.356460 
   12580.00     0.86062     -0.0188    2.379400 
   12590.00     0.85904     -0.1026    2.441790 
   12600.00     0.85742     -0.1638    2.361680 
   12610.00     0.85580     -0.0099    2.198220 
   12620.00     0.85422      0.0632    2.481500 
   12630.00     0.85270     -0.0730    2.499320 
   12640.00     0.85129     -0.1638    2.477420 
   12650.00     0.84983      0.0780    2.374520 
   12660.00     0.84846     -0.0878    2.473670 
   12670.00     0.84707     -0.1648    2.491300 
   12680.00     0.84570     -0.2398    2.413220 
   12690.00     0.84449     -0.1619    2.426650 
   12700.00     0.84322     -0.1984    2.461180 
   12710.00     0.84202     -0.3494    2.397730 
   12720.00     0.84083     -0.2922    2.422720 
   12730.00     0.83965     -0.2073    2.497940 
   12740.00     0.83855     -0.1579    2.500000 
   12750.00     0.83757      0.1105    2.500000 
   12760.00     0.83653     -0.2329    2.381730 
   12770.00     0.83555     -0.1836    2.367690 
   12780.00     0.83462     -0.1994    2.205720 
   12790.00     0.83370     -0.1500    2.287750 
   12800.00     0.83283     -0.0878    2.500000 
   12810.00     0.83197     -0.1865    2.500000 
   12820.00     0.83123     -0.1678    2.499980 
   12830.00     0.83056     -0.2250    2.499110 
   12840.00     0.82992     -0.0661    2.485050 
   12850.00     0.82923     -0.2527    2.484480 
   12860.00     0.82861      0.0671    2.480790 
   12870.00     0.82807     -0.0257    2.096170 
   12880.00     0.82750     -0.0415    2.212090 
   12890.00     0.82703     -0.2122    2.384160 
   12900.00     0.82665     -0.2132    2.348670 
   12910.00     0.82622     -0.0721    2.317760 
   12920.00     0.82582     -0.1520    2.382650 
   12930.00     0.82553      0.0592    2.500000 
   12940.00     0.82530     -0.0316    2.500000 
   12950.00     0.82509     -0.1352    2.500000 
   12960.00     0.82491     -0.1342    2.500000 
   12970.00     0.82480     -0.1066    2.500000 
   12980.00     0.82468     -0.2872    2.500000 
   12990.00     0.82466     -0.1540    2.500000 
   13000.00     0.82468     -0.1648    2.448110 
   13010.00     0.82468     -0.0355    2.404200 
   13020.00     0.82480     -0.2606    2.474810 
   13030.00     0.82489     -0.1332    2.369170 
   13040.00     0.82505     -0.1155    2.500000 
   13050.00     0.82524     -0.0355    2.500000 
   13060.00     0.82551      0.0138    2.492390 
   13070.00     0.82582     -0.1540    2.497570 
   13080.00     0.82620     -0.1786    2.420500 
   13090.00     0.82659     -0.2724    2.438170 
   13100.00     0.82697     -0.2349    2.500000 
   13110.00     0.82744      0.0128    2.465160 
   13120.00     0.82802     -0.1895    2.379810 
   13130.00     0.82855     -0.1036    2.380310 
   13140.00     0.82915     -0.0819    2.500000 
   13150.00     0.82983      0.0079    2.384560 
   13160.00     0.83046     -0.0829    2.427210 
   13170.00     0.83114     -0.2744    2.483460 
   13180.00     0.83189     -0.0454    2.488080 
   13190.00     0.83276     -0.2625    2.478770 
   13200.00     0.83360     -0.2448    2.478570 
   13210.00     0.83453     -0.0997    2.487170 
   13220.00     0.83543     -0.0691    2.500000 
   13230.00     0.83642     -0.1816    2.500000 
   13240.00     0.83748     -0.2004    2.500000 
   13250.00     0.83842     -0.0197    2.357030 
   13260.00     0.83956     -0.2162    2.169110 
   13270.00     0.84071     -0.1994    2.280320 
   13280.00     0.84187     -0.1214    2.347400 
   13290.00     0.84308     -0.1007    2.369670 
   13300.00     0.84435     -0.2448    2.380770 
   13310.00     0.84559     -0.0918    2.420140 
   13320.00     0.84692     -0.1609    2.468910 
   13330.00     0.84829      0.0938    2.348990 
   13340.00     0.84967     -0.1629    2.355350 
   13350.00     0.85112     -0.1579    2.497830 
   13360.00     0.85254     -0.1026    2.387710 
   13370.00     0.85405     -0.0474    2.360190 
   13380.00     0.85565      0.0563    2.450520 
   13390.00     0.85723      0.0691    2.500000 
   13400.00     0.85884     -0.2102    2.500000 
   13410.00     0.86040     -0.0128    2.500000 
   13420.00     0.86214      0.0967    2.497110 
   13430.00     0.86391      0.0118    2.487870 
   13440.00     0.86570      0.0168    2.498930 
   13450.00     0.86742      0.0474    2.499990 
   13460.00     0.86925     -0.0503    2.500000 
   13470.00     0.87110      0.0405    2.500000 
   13480.00     0.87301     -0.0701    2.500000 
   13490.00     0.87487      0.0622    2.493960 
   13500.00     0.87684     -0.1540    2.432860 
   13510.00     0.87884      0.0967    2.402640 
   13520.00     0.88085      0.0237    2.485810 
   13530.00     0.88281     -0.0563    2.500000 
   13540.00     0.88491     -0.1303    2.500000 
   13550.00     0.88707     -0.1056    2.500000 
   13560.00     0.88915     -0.2448    2.500000 
   13570.00     0.89131     -0.2043    2.399380 
   13580.00     0.89349     -0.0948    2.458340 
   13590.00     0.89568      0.0859    2.500000 
   13600.00     0.89788     -0.1056    2.231520 
   13610.00     0.90021      0.1579    1.915420 
   13620.00     0.90250     -0.0336    2.052650 
   13630.00     0.90476      0.1530    2.409610 
   13640.00     0.90709      0.0809    1.935960 
   13650.00     0.90944      0.0691    1.928250 
   13660.00     0.91179     -0.1007    1.933360 
   13670.00     0.91422      0.2349    1.885680 
   13680.00     0.91669      0.0326    1.914050 
   13690.00     0.91906      0.2181    1.892110 
   13700.00     0.92150      0.1559    1.883050 
   13710.00     0.92401      0.1402    1.913510 
   13720.00     0.92644      0.2655    1.929530 
   13730.00     0.92898      0.1342    1.948860 
   13740.00     0.93152      0.1273    1.950550 
   13750.00     0.93405      0.1895    1.939540 
   13760.00     0.93665      0.2813    1.944990 
   13770.00     0.93919      0.3178    1.966010 
   13780.00     0.94177      0.4224    1.979610 
   13790.00     0.94443      0.4382    1.983040 
   13800.00     0.94701      0.4866    1.980810 
   13810.00     0.94965      0.5310    1.979940 
   13820.00     0.95233      0.4116    1.983320 
   13830.00     0.95493      0.4372    1.989580 
   13840.00     0.95763      0.4343    2.009290 
   13850.00     0.96033      0.5073    2.039340 
   13860.00     0.96301      0.4333    2.039900 
   13870.00     0.96572      0.4915    2.034760 
   13880.00     0.96840      0.4757    2.028160 
   13890.00     0.97108      0.7491    2.032430 
   13900.00     0.97385      0.7255    2.039030 
   13910.00     0.97655      0.7176    2.044320 
   13920.00     0.97933      0.7975    2.052150 
   13930.00     0.98206      0.6376    2.063610 
   13940.00     0.98478      0.6080    2.087380 
   13950.00     0.98755      0.6958    2.097780 
   13960.00     0.99029      0.7896    2.098920 
   13970.00     0.99304      0.5557    2.098870 
   13980.00     0.99584      0.6337    2.100920 
   13990.00     0.99855      0.7077    2.092020 
   14000.00     1.00123      0.7383    2.077760 
   14010.00     1.00397      0.7965    2.085740 
   14020.00     1.00672      0.8074    2.103170 
   14030.00     1.00952      0.8755    2.093900 
   14040.00     1.01225      0.6633    2.124290 
   14050.00     1.01501      0.8784    2.135160 
   14060.00     1.01778      0.6870    2.124920 
   14070.00     1.02046      0.8123    2.138470 
   14080.00     1.02322      0.8281    2.156540 
   14090.00     1.02595      1.0433    2.173460 
   14100.00     1.02867      1.0196    2.182080 
   14110.00     1.03143      1.1351    2.186300 
   14120.00     1.03408      1.1607    2.190400 
   14130.00     1.03678      1.0837    2.190050 
   14140.00     1.03950      1.0739    2.189140 
   14150.00     1.04214      1.3611    2.200470 
   14160.00     1.04486      1.2575    2.208300 
   14170.00     1.04757      1.5249    2.213960 
   14180.00     1.05019      1.2614    2.228540 
   14190.00     1.05285      1.4558    2.235890 
   14200.00     1.05543      1.4183    2.236460 
   14210.00     1.05803      1.4874    2.239170 
   14220.00     1.06069      1.5743    2.245600 
   14230.00     1.06326      1.7342    2.249180 
   14240.00     1.06582      1.6996    2.256060 
   14250.00     1.06838      1.7559    2.281040 
   14260.00     1.07083      1.7914    2.286310 
   14270.00     1.07339      1.7865    2.289510 
   14280.00     1.07592      1.8645    2.292070 
   14290.00     1.07836      1.9563    2.296080 
   14300.00     1.08081      1.8773    2.297030 
   14310.00     1.08326      1.9493    2.296270 
   14320.00     1.08565      2.0402    2.298740 
   14330.00     1.08807      2.1625    2.303150 
   14340.00     1.09048      2.1596    2.299570 
   14350.00     1.09277      2.3136    2.303620 
   14360.00     1.09513      2.2297    2.335160 
   14370.00     1.09746      2.5939    2.231510 
   14380.00     1.09971      2.7498    2.215770 
   14390.00     1.10197      2.7834    2.297580 
   14400.00     1.10426      2.7567    2.281090 
   14410.00     1.10644      3.0025    2.234300 
   14420.00     1.10859      2.9206    2.246340 
   14430.00     1.11079      2.7636    2.246730 
   14440.00     1.11289      2.9739    2.247630 
   14450.00     1.11495      3.0755    2.249300 
   14460.00     1.11705      3.2483    2.252000 
   14470.00     1.11913      3.2285    2.253770 
   14480.00     1.12108      3.3568    2.256950 
   14490.00     1.12304      3.2828    2.260540 
   14500.00     1.12503      3.3243    2.262540 
   14510.00     1.12697      3.5888    2.264740 
   14520.00     1.12882      3.6055    2.266660 
   14530.00     1.13071      3.4151    2.267660 
   14540.00     1.13252      3.6233    2.274760 
   14550.00     1.13434      3.7812    2.279820 
   14560.00     1.13603      3.8247    2.285740 
   14570.00     1.13778      4.1257    2.284550 
   14580.00     1.13948      3.9925    2.285450 
   14590.00     1.14118      4.2264    2.291200 
   14600.00     1.14274      4.2659    2.295920 
   14610.00     1.14432      4.2560    2.298460 
   14620.00     1.14588      4.2372    2.299350 
   14630.00     1.14744      4.3192    2.299900 
   14640.00     1.14894      4.3182    2.304010 
   14650.00     1.15033      4.4396    2.304690 
   14660.00     1.15173      4.8097    2.310180 
   14670.00     1.15312      4.7001    2.311410 
   14680.00     1.15445      4.7525    2.311200 
   14690.00     1.15576      4.7120    2.311300 
   14700.00     1.15697      4.8176    2.311920 
   14710.00     1.15821      4.7278    2.313500 
   14720.00     1.15940      4.9054    2.315780 
   14730.00     1.16052      4.9913    2.319080 
   14740.00     1.16162      4.8847    2.324320 
   14750.00     1.16272      5.0495    2.323940 
   14760.00     1.16372      4.9656    2.326810 
   14770.00     1.16466      5.1275    2.325300 
   14780.00     1.16557      5.1601    2.328630 
   14790.00     1.16649      5.2598    2.328100 
   14800.00     1.16734      5.5371    2.329750 
   14810.00     1.16815      5.4779    2.336740 
   14820.00     1.16896      5.5342    2.345560 
   14830.00     1.16969      5.5924    2.351130 
   14840.00     1.17040      5.6398    2.353110 
   14850.00     1.17102      5.5421    2.355530 
   14860.00     1.17152      5.7405    2.356870 
   14870.00     1.17216      5.6566    2.356590 
   14880.00     1.17268      5.6250    2.356450 
   14890.00     1.17314      5.6753    2.357050 
   14900.00     1.17358      5.6467    2.356800 
   14910.00     1.17399      5.6585    2.357410 
   14920.00     1.17432      5.7720    2.359160 
   14930.00     1.17461      5.8125    2.360380 
   14940.00     1.17486      5.8826    2.360970 
   14950.00     1.17514      5.7286    2.361740 
   14960.00     1.17534      5.8441    2.361300 
   14970.00     1.17543      6.0079    2.361440 
   14980.00     1.17553      5.7740    2.362940 
   14990.00     1.17555      5.7701    2.362530 
   15000.00     1.17557      5.6694    2.362120 
   15010.00     1.17559      5.7414    2.363090 
   15020.00     1.17547      5.6161    2.364080 
   15030.00     1.17534      5.8243    2.363530 
   15040.00     1.17514      5.4710    2.362610 
   15050.00     1.17489      5.5134    2.363030 
   15060.00     1.17464      5.6092    2.360840 
   15070.00     1.17437      5.4917    2.362550 
   15080.00     1.17405      5.2252    2.362300 
   15090.00     1.17364      5.3368    2.362760 
   15100.00     1.17316      5.3782    2.361690 
   15110.00     1.17272      5.2894    2.361140 
   15120.00     1.17224      5.1897    2.361330 
   15130.00     1.17164      5.0871    2.361270 
   15140.00     1.17110      5.2953    2.361110 
   15150.00     1.17046      5.1502    2.358530 
   15160.00     1.16977      5.1344    2.358090 
   15170.00     1.16904      4.9341    2.360530 
   15180.00     1.16827      4.8383    2.362090 
   15190.00     1.16748      4.7248    2.360720 
   15200.00     1.16659      4.7011    2.359520 
   15210.00     1.16568      4.5047    2.357310 
   15220.00     1.16474      4.5866    2.353060 
   15230.00     1.16380      4.5472    2.347530 
   15240.00     1.16285      4.3557    2.340080 
   15250.00     1.16179      4.1780    2.325070 
   15260.00     1.16067      4.3310    2.324220 
   15270.00     1.15952      4.2264    2.321610 
   15280.00     1.15830      4.0359    2.321470 
   15290.00     1.15711      4.0181    2.318910 
   15300.00     1.15592      4.0625    2.318810 
   15310.00     1.15462      3.9313    2.318400 
   15320.00     1.15328      3.9559    2.316210 
   15330.00     1.15189      3.6263    2.313060 
   15340.00     1.15046      3.6125    2.310250 
   15350.00     1.14908      3.5088    2.311200 
   15360.00     1.14763      3.4151    2.310490 
   15370.00     1.14609      3.5236    2.311070 
   15380.00     1.14451      3.3499    2.311360 
   15390.00     1.14291      3.2690    2.310500 
   15400.00     1.14135      3.2690    2.303740 
   15410.00     1.13967      3.2759    2.299560 
   15420.00     1.13798      2.9916    2.300080 
   15430.00     1.13624      2.7774    2.300190 
   15440.00     1.13455      3.0153    2.293050 
   15450.00     1.13274      3.0084    2.273480 
   15460.00     1.13089      2.7163    2.267300 
   15470.00     1.12900      2.6699    2.263010 
   15480.00     1.12719      2.4665    2.262090 
   15490.00     1.12528      2.4231    2.262880 
   15500.00     1.12331      2.5356    2.261920 
   15510.00     1.12129      2.5040    2.259020 
   15520.00     1.11934      2.3915    2.256500 
   15530.00     1.11728      2.3619    2.254890 
   15540.00     1.11520      2.1467    2.253230 
   15550.00     1.11314      2.1260    2.253460 
   15560.00     1.11106      2.1645    2.250820 
   15570.00     1.10882      2.1369    2.243650 
   15580.00     1.10663      1.9553    2.242570 
   15590.00     1.10449      1.8664    2.223990 
   15600.00     1.10224      1.9414    2.217330 
   15610.00     1.09998      1.8052    2.215330 
   15620.00     1.09775      1.7993    2.212340 
   15630.00     1.09538      1.7717    2.209890 
   15640.00     1.09303      1.5170    2.209540 
   15650.00     1.09073      1.3867    2.209290 
   15660.00     1.08832      1.5970    2.204900 
   15670.00     1.08593      1.4677    2.202180 
   15680.00     1.08355      1.3729    2.202010 
   15690.00     1.08110      1.3650    2.196710 
   15700.00     1.07857      1.1716    2.179120 
   15710.00     1.07618      1.0926    2.166890 
   15720.00     1.07370      1.1380    2.163900 
   15730.00     1.07116      1.1706    2.164200 
   15740.00     1.06867      1.2515    2.162900 
   15750.00     1.06609      1.0196    2.166390 
   15760.00     1.06351      1.1084    2.235110 
   15770.00     1.06098      0.9002    2.157290 
   15780.00     1.05834      0.9643    2.150090 
   15790.00     1.05574      0.8735    2.213950 
   15800.00     1.05316      0.7896    2.174140 
   15810.00     1.05048      0.8903    2.142030 
   15820.00     1.04782      0.8350    2.131520 
   15830.00     1.04514      0.8459    2.121780 
   15840.00     1.04245      0.7866    2.120060 
   15850.00     1.03985      0.9475    2.115830 
   15860.00     1.03711      0.7067    2.113800 
   15870.00     1.03439      0.6929    2.113800 
   15880.00     1.03170      0.6485    2.108990 
   15890.00     1.02896      0.5527    2.111350 
   15900.00     1.02624      0.6169    2.108800 
   15910.00     1.02355      0.5468    2.107850 
   15920.00     1.02079      0.7156    2.115400 
   15930.00     1.01807      0.6287    2.123930 
   15940.00     1.01530      0.3751    2.126090 
   15950.00     1.01254      0.6011    2.129790 
   15960.00     1.00983      0.3978    2.117270 
   15970.00     1.00705      0.4738    2.115780 
   15980.00     1.00430      0.5300    2.112870 
   15990.00     1.00156      0.5468    2.106960 
   16000.00     0.99886      0.3237    2.102190 
   16010.00     0.99613      0.4076    2.099100 
   16020.00     0.99335      0.3553    2.099890 
   16030.00     0.99060      0.3622    2.095460 
   16040.00     0.98790      0.5399    2.081180 
   16050.00     0.98507      0.3958    2.072980 
   16060.00     0.98233      0.2211    2.069470 
   16070.00     0.97958      0.3336    2.061920 
   16080.00     0.97686      0.1668    2.060240 
   16090.00     0.97420      0.1352    2.061820 
   16100.00     0.97145      0.1619    2.061910 
   16110.00     0.96871      0.1332    2.059980 
   16120.00     0.96603     -0.0938    2.057100 
   16130.00     0.96329     -0.0454    2.053830 
   16140.00     0.96062     -0.0780    2.044970 
   16150.00     0.95794      0.0829    2.026970 
   16160.00     0.95526      0.0454    2.029170 
   16170.00     0.95262      0.1026    2.041630 
   16180.00     0.94994      0.0799    2.044320 
   16190.00     0.94726      0.0938    2.040170 
   16200.00     0.94470      0.1629    2.038050 
   16210.00     0.94212      0.0622    2.002610 
   16220.00     0.93950      0.0503    1.994020 
   16230.00     0.93694      0.1994    2.009180 
   16240.00     0.93430     -0.0444    2.003360 
   16250.00     0.93179      0.1036    1.989980 
   16260.00     0.92927     -0.0632    1.993630 
   16270.00     0.92672      0.1066    2.009430 
   16280.00     0.92428      0.2744    1.940580 
   16290.00     0.92179     -0.0109    1.931880 
   16300.00     0.91929      0.0128    1.929680 
   16310.00     0.91690      0.0711    1.951320 
   16320.00     0.91449      0.1372    1.928710 
   16330.00     0.91208     -0.0030    1.884250 
   16340.00     0.90973      0.1214    1.868800 
   16350.00     0.90736      0.2231    1.872990 
   16360.00     0.90501     -0.1569    1.966680 
   16370.00     0.90274     -0.0691    2.363130 
   16380.00     0.90046     -0.1115    1.965360 
   16390.00     0.89815     -0.0642    1.943020 
   16400.00     0.89593     -0.0691    2.349540 
   16410.00     0.89376      0.0158    2.145940 
   16420.00     0.89152      0.0059    1.939070 
   16430.00     0.88934      0.0039    2.000400 
   16440.00     0.88730     -0.0859    2.195460 
   16450.00     0.88520     -0.1402    2.406120 
   16460.00     0.88308     -0.2073    2.015540 
   16470.00     0.88108     -0.0336    2.472990 
   16480.00     0.87906     -0.0671    2.498920 
   16490.00     0.87705     -0.0671    2.486770 
   16500.00     0.87509     -0.2231    2.412620 
   16510.00     0.87324     -0.0602    2.457770 
   16520.00     0.87133     -0.1619    2.500000 
   16530.00     0.86944     -0.0908    2.500000 
   16540.00     0.86759     -0.1806    2.459950 
   16550.00     0.86586     -0.1481    2.363010 
   16560.00     0.86408     -0.2527    2.348250 
   16570.00     0.86235     -0.2290    2.349090 
   16580.00     0.86066     -0.3761    2.494720 
   16590.00     0.85902     -0.1224    2.500000 
   16600.00     0.85740     -0.0069    2.417950 
   16610.00     0.85578     -0.1323    2.453870 
   16620.00     0.85422     -0.0336    2.495360 
   16630.00     0.85272     -0.2181    2.500000 
   16640.00     0.85129     -0.3514    2.476350 
   16650.00     0.84985     -0.0582    2.434110 
   16660.00     0.84842     -0.2398    2.466610 
   16670.00     0.84703     -0.0069    2.374270 
   16680.00     0.84570     -0.2171    2.492250 
   16690.00     0.84451     -0.3247    2.499280 
   16700.00     0.84324     -0.3257    2.425780 
   16710.00     0.84200     -0.1313    2.407460 
   16720.00     0.84083     -0.1619    2.458730 
   16730.00     0.83965     -0.1332    2.500000 
   16740.00     0.83855     -0.1352    2.452000 
   16750.00     0.83759     -0.2586    2.382250 
   16760.00     0.83655     -0.2231    2.500000 
   16770.00     0.83555     -0.2635    2.500000 
   16780.00     0.83459     -0.3366    2.500000 
   16790.00     0.83366     -0.1786    2.500000 
   16800.00     0.83285     -0.2813    2.500000 
   16810.00     0.83198     -0.2833    2.497500 
   16820.00     0.83125     -0.1342    2.498260 
   16830.00     0.83054     -0.2014    2.497310 
   16840.00     0.82988     -0.2033    2.320670 
   16850.00     0.82921     -0.1589    1.992060 
   16860.00     0.82861     -0.1372    2.145210 
   16870.00     0.82807     -0.0503    2.490690 
   16880.00     0.82751     -0.2448    2.362520 
   16890.00     0.82703      0.0227    2.484880 
   16900.00     0.82661     -0.0967    2.500000 
   16910.00     0.82620      0.0494    2.500000 
   16920.00     0.82584     -0.1076    2.500000 
   16930.00     0.82555     -0.0424    2.500000 
   16940.00     0.82532     -0.0395    2.500000 
   16950.00     0.82509     -0.1451    2.500000 
   16960.00     0.82489     -0.1569    2.500000 
   16970.00     0.82478      0.0148    2.500000 
   16980.00     0.82468     -0.1747    2.500000 
   16990.00     0.82468     -0.2833    2.374210 
   17000.00     0.82468     -0.1096    2.156150 
   17010.00     0.82468     -0.0059    2.370620 
   17020.00     0.82476      0.0405    2.427060 
   17030.00     0.82489     -0.0701    2.290890 
   17040.00     0.82507     -0.0681    2.259230 
   17050.00     0.82526     -0.0681    2.275770 
   17060.00     0.82551     -0.0148    2.020440 
   17070.00     0.82580     -0.1688    2.373490 
   17080.00     0.82618     -0.1964    2.500000 
   17090.00     0.82657     -0.2152    2.500000 
   17100.00     0.82697     -0.1767    2.500000 
   17110.00     0.82744     -0.1096    2.500000 
   17120.00     0.82803     -0.2566    2.436280 
   17130.00     0.82855     -0.2053    2.384540 
   17140.00     0.82913     -0.1411    2.379880 
   17150.00     0.82979     -0.3385    2.381780 
   17160.00     0.83046     -0.2221    2.395680 
   17170.00     0.83118     -0.1520    2.499170 
   17180.00     0.83193     -0.2349    2.472230 
   17190.00     0.83276     -0.2260    2.497920 
   17200.00     0.83358     -0.0948    2.482330 
   17210.00     0.83449     -0.1096    2.402890 
   17220.00     0.83543     -0.1708    2.445980 
   17230.00     0.83644     -0.1619    2.500000 
   17240.00     0.83750     -0.0533    2.500000 
   17250.00     0.83844     -0.0326    2.461950 
   17260.00     0.83952      0.0523    2.362460 
   17270.00     0.84067     -0.0997    2.410160 
   17280.00     0.84185     -0.0188    2.359770 
   17290.00     0.84310     -0.0405    2.485500 
   17300.00     0.84439     -0.0632    2.469790 
   17310.00     0.84561     -0.2369    2.402050 
   17320.00     0.84690     -0.0237    2.372280 
   17330.00     0.84827     -0.1648    2.432970 
   17340.00     0.84967      0.1214    2.445550 
   17350.00     0.85112     -0.2902    2.395410 
   17360.00     0.85256     -0.0118    2.500000 
   17370.00     0.85407     -0.1658    2.498140 
   17380.00     0.85561     -0.2073    2.462770 
   17390.00     0.85721     -0.1096    2.497770 
   17400.00     0.85884     -0.2773    2.500000 
   17410.00     0.86044     -0.0563    2.488130 
   17420.00     0.86220     -0.1076    2.493490 
   17430.00     0.86391     -0.0612    2.500000 
   17440.00     0.86568     -0.1411    2.500000 
   17450.00     0.86742      0.0257    2.500000 
   17460.00     0.86925      0.0592    2.500000 
   17470.00     0.87112     -0.0543    2.500000 
   17480.00     0.87303      0.0010    2.500000 
   17490.00     0.87489     -0.0247    2.500000 
   17500.00     0.87684      0.2596    2.494620 
   17510.00     0.87881      0.0869    2.394360 
   17520.00     0.88083     -0.0316    2.357760 
   17530.00     0.88283      0.0503    2.431320 
   17540.00     0.88497     -0.0257    2.499270 
   17550.00     0.88709      0.1984    2.463120 
   17560.00     0.88913      0.1431    2.399400 
   17570.00     0.89129     -0.1204    2.500000 
   17580.00     0.89349      0.0859    2.500000 
   17590.00     0.89568     -0.1461    2.500000 
   17600.00     0.89792     -0.2221    2.500000 
   17610.00     0.90023     -0.0691    2.065620 
   17620.00     0.90249     -0.1026    2.271100 
   17630.00     0.90472     -0.0809    2.492550 
   17640.00     0.90709     -0.0543    2.265340 
   17650.00     0.90944     -0.0780    1.931730 
   17660.00     0.91181      0.0089    2.046500 
   17670.00     0.91422      0.0543    2.454330 
   17680.00     0.91665     -0.1076    1.929170 
   17690.00     0.91904     -0.0503    1.864530 
   17700.00     0.92152      0.0454    1.948530 
   17710.00     0.92401      0.1046    1.934050 
   17720.00     0.92645      0.1244    1.927680 
   17730.00     0.92898      0.0602    1.946450 
   17740.00     0.93150      0.1194    1.976300 
   17750.00     0.93399      0.1609    1.980220 
   17760.00     0.93663      0.1184    1.944890 
   17770.00     0.93923     -0.1362    1.953980 
   17780.00     0.94181      0.0790    1.971890 
   17790.00     0.94443      0.1066    1.989540 
   17800.00     0.94701      0.2497    1.982460 
   17810.00     0.94965      0.1757    1.981350 
   17820.00     0.95231      0.3978    1.985190 
   17830.00     0.95493      0.1402    1.991510 
   17840.00     0.95765      0.3731    2.004990 
   17850.00     0.96035      0.2250    2.025650 
   17860.00     0.96301      0.3474    2.043250 
   17870.00     0.96570      0.2201    2.048250 
   17880.00     0.96840      0.3830    2.036440 
   17890.00     0.97112      0.6011    2.036890 
   17900.00     0.97389      0.7304    2.037030 
   17910.00     0.97657      0.7057    2.041130 
   17920.00     0.97931      0.4303    2.046890 
   17930.00     0.98204      0.3642    2.057230 
   17940.00     0.98476      0.3948    2.075030 
   17950.00     0.98755      0.3573    2.091850 
   17960.00     0.99029      0.7235    2.097490 
   17970.00     0.99306      0.7975    2.100000 
   17980.00     0.99582      0.6149    2.101900 
   17990.00     0.99852      0.6692    2.098390 
   18000.00     1.00123      0.6297    2.098660 
   18010.00     1.00401      0.6445    2.112650 
   18020.00     1.00676      0.7738    2.088900 
   18030.00     1.00954      0.7797    2.104450 
   18040.00     1.01225      0.6435    2.133570 
   18050.00     1.01501      0.8626    2.131850 
   18060.00     1.01776      0.8735    2.120830 
   18070.00     1.02046      0.9475    2.140410 
   18080.00     1.02324      0.8883    2.156930 
   18090.00     1.02595      0.9870    2.121580 
   18100.00     1.02865      1.0897    2.176650 
   18110.00     1.03139      1.1834    2.185270 
   18120.00     1.03407      0.9011    2.187420 
   18130.00     1.03680      1.0107    2.188460 
   18140.00     1.03954      1.1124    2.190900 
   18150.00     1.04216      1.2476    2.193980 
   18160.00     1.04486      1.1795    2.197060 
   18170.00     1.04753      1.2565    2.206190 
   18180.00     1.05019      1.2910    2.223220 
   18190.00     1.05285      1.3867    2.234190 
   18200.00     1.05545      1.3897    2.235440 
   18210.00     1.05805      1.4894    2.238010 
   18220.00     1.06071      1.4608    2.242380 
   18230.00     1.06322      1.5743    2.247180 
   18240.00     1.06580      1.5358    2.256620 
   18250.00     1.06838      1.7134    2.270750 
   18260.00     1.07087      1.7569    2.282710 
   18270.00     1.07341      1.7973    2.287250 
   18280.00     1.07592      1.8033    2.292680 
   18290.00     1.07832      1.9701    2.294160 
   18300.00     1.08079      1.9997    2.295000 
   18310.00     1.08326      2.1260    2.296810 
   18320.00     1.08566      2.0619    2.299880 
   18330.00     1.08807      2.3856    2.297810 
   18340.00     1.09048      2.2583    2.298690 
   18350.00     1.09274      2.3205    2.307420 
   18360.00     1.09511      2.5840    2.289450 
   18370.00     1.09748      2.6689    2.212310 
   18380.00     1.09973      2.5248    2.215410 
   18390.00     1.10198      2.6333    2.215120 
   18400.00     1.10424      2.7646    2.228320 
   18410.00     1.10640      2.8436    2.236690 
   18420.00     1.10857      2.8564    2.241430 
   18430.00     1.11081      2.7962    2.244480 
   18440.00     1.11291      3.0884    2.247060 
   18450.00     1.11497      3.1644    2.250450 
   18460.00     1.11705      3.3262    2.253360 
   18470.00     1.11909      3.3341    2.253050 
   18480.00     1.12104      3.4072    2.254710 
   18490.00     1.12306      3.3312    2.261960 
   18500.00     1.12505      3.5207    2.261100 
   18510.00     1.12699      3.3618    2.263580 
   18520.00     1.12879      3.4160    2.266280 
   18530.00     1.13067      3.7289    2.269110 
   18540.00     1.13252      3.7733    2.272640 
   18550.00     1.13434      3.6144    2.277250 
   18560.00     1.13605      3.8237    2.281510 
   18570.00     1.13780      3.9698    2.283250 
   18580.00     1.13950      3.9954    2.283920 
   18590.00     1.14116      3.8602    2.288510 
   18600.00     1.14272      4.0428    2.293990 
   18610.00     1.14432      4.0991    2.296490 
   18620.00     1.14592      4.1731    2.299010 
   18630.00     1.14746      4.3961    2.300280 
   18640.00     1.14894      4.3340    2.302360 
   18650.00     1.15031      4.2451    2.305600 
   18660.00     1.15173      4.4435    2.309090 
   18670.00     1.15310      4.4958    2.311820 
   18680.00     1.15447      4.6873    2.311000 
   18690.00     1.15578      4.8077    2.311860 
   18700.00     1.15697      4.7633    2.312450 
   18710.00     1.15817      4.7840    2.315180 
   18720.00     1.15936      4.8462    2.314890 
   18730.00     1.16054      5.0703    2.318550 
   18740.00     1.16168      4.9390    2.321960 
   18750.00     1.16274      5.1581    2.323810 
   18760.00     1.16370      5.0466    2.324390 
   18770.00     1.16464      5.0792    2.323490 
   18780.00     1.16557      5.0387    2.325750 
   18790.00     1.16649      5.1798    2.327580 
   18800.00     1.16736      5.2302    2.329500 
   18810.00     1.16819      5.3713    2.345570 
   18820.00     1.16896      5.4592    2.346920 
   18830.00     1.16967      5.4088    2.349520 
   18840.00     1.17037      5.4325    2.352030 
   18850.00     1.17102      5.7128    2.352620 
   18860.00     1.17158      5.4552    2.354120 
   18870.00     1.17218      5.4730    2.357540 
   18880.00     1.17268      5.5667    2.356020 
   18890.00     1.17310      5.6575    2.356720 
   18900.00     1.17358      5.5105    2.356270 
   18910.00     1.17399      5.5203    2.358510 
   18920.00     1.17434      5.6121    2.359310 
   18930.00     1.17462      5.5993    2.360160 
   18940.00     1.17487      5.4749    2.360370 
   18950.00     1.17511      5.7385    2.360620 
   18960.00     1.17532      5.8441    2.361100 
   18970.00     1.17543      5.8273    2.361340 
   18980.00     1.17557      5.6398    2.362610 
   18990.00     1.17555      5.6536    2.362060 
   19000.00     1.17555      5.4730    2.361150 
   19010.00     1.17553      5.5727    2.363700 
   19020.00     1.17545      5.6260    2.363580 
   19030.00     1.17534      5.4266    2.362130 
   19040.00     1.17516      5.5421    2.362790 
   19050.00     1.17491      5.5095    2.363890 
   19060.00     1.17466      5.5164    2.363050 
   19070.00     1.17435      5.5579    2.361430 
   19080.00     1.17401      5.5184    2.362030 
   19090.00     1.17364      5.5184    2.362980 
   19100.00     1.17320      5.3486    2.360230 
   19110.00     1.17276      5.3526    2.361850 
   19120.00     1.17222      5.2312    2.359950 
   19130.00     1.17160      5.3081    2.362070 
   19140.00     1.17108      5.1236    2.362670 
   19150.00     1.17046      4.8689    2.359750 
   19160.00     1.16977      5.0880    2.359220 
   19170.00     1.16908      4.9262    2.363170 
   19180.00     1.16827      4.8077    2.360300 
   19190.00     1.16746      4.7169    2.357470 
   19200.00     1.16657      4.5511    2.356570 
   19210.00     1.16568      4.5274    2.358750 
   19220.00     1.16478      4.4593    2.351220 
   19230.00     1.16383      4.3853    2.337550 
   19240.00     1.16285      4.4139    2.327390 
   19250.00     1.16177      4.5116    2.323000 
   19260.00     1.16066      4.2511    2.321930 
   19270.00     1.15952      4.1760    2.321750 
   19280.00     1.15832      4.2817    2.321050 
   19290.00     1.15711      4.1553    2.320270 
   19300.00     1.15592      4.1829    2.321170 
   19310.00     1.15461      4.1366    2.317140 
   19320.00     1.15328      3.7260    2.314090 
   19330.00     1.15189      3.8503    2.312650 
   19340.00     1.15048      3.7033    2.311000 
   19350.00     1.14911      3.5878    2.309810 
   19360.00     1.14763      3.6815    2.310000 
   19370.00     1.14607      3.5256    2.311280 
   19380.00     1.14449      3.2364    2.312410 
   19390.00     1.14289      3.3272    2.310040 
   19400.00     1.14135      3.1357    2.305600 
   19410.00     1.13971      3.1525    2.299150 
   19420.00     1.13800      3.0203    2.293670 
   19430.00     1.13622      3.1012    2.296930 
   19440.00     1.13453      3.0015    2.296550 
   19450.00     1.13272      2.6708    2.281450 
   19460.00     1.13091      2.7005    2.265890 
   19470.00     1.12906      2.6511    2.264450 
   19480.00     1.12719      2.5613    2.264510 
   19490.00     1.12526      2.5731    2.261620 
   19500.00     1.12329      2.3659    2.260590 
   19510.00     1.12129      2.3205    2.256760 
   19520.00     1.11934      2.3047    2.255470 
   19530.00     1.11730      2.3205    2.252770 
   19540.00     1.11522      2.1724    2.260000 
   19550.00     1.11312      2.1576    2.257410 
   19560.00     1.11100      1.9237    2.248170 
   19570.00     1.10882      2.0332    2.246980 
   19580.00     1.10665      1.6414    2.242140 
   19590.00     1.10453      1.5999    2.220440 
   19600.00     1.10224      1.7075    2.217100 
   19610.00     1.09996      1.5526    2.216680 
   19620.00     1.09773      1.2515    2.211990 
   19630.00     1.09538      1.3789    2.209910 
   19640.00     1.09303      1.5012    2.209290 
   19650.00     1.09073      1.4400    2.207950 
   19660.00     1.08836      1.2160    2.205000 
   19670.00     1.08592      1.4420    2.201630 
   19680.00     1.08349      1.1933    2.199650 
   19690.00     1.08110      1.3404    2.197270 
   19700.00     1.07863      1.1992    2.173770 
   19710.00     1.07620      1.1548    2.166990 
   19720.00     1.07370      1.2387    2.165570 
   19730.00     1.07114      1.0709    2.164600 
   19740.00     1.06867      1.0828    2.161420 
   19750.00     1.06609      0.8982    2.158740 
   19760.00     1.06351      0.7343    2.157590 
   19770.00     1.06100      0.7866    2.155310 
   19780.00     1.05834      0.8469    2.149660 
   19790.00     1.05572      0.9090    2.144610 
   19800.00     1.05312      0.8172    2.144470 
   19810.00     1.05048      0.7087    2.129820 
   19820.00     1.04786      0.5873    2.127930 
   19830.00     1.04516      0.5863    2.122190 
   19840.00     1.04245      0.7393    2.118110 
   19850.00     1.03981      0.6603    2.116850 
   19860.00     1.03709      0.3593    2.115920 
   19870.00     1.03437      0.6149    2.112900 
   19880.00     1.03170      0.4353    2.110050 
   19890.00     1.02896      0.4836    2.114620 
   19900.00     1.02624      0.5340    2.109990 
   19910.00     1.02353      0.2685    2.108210 
   19920.00     1.02077      0.3464    2.123070 
   19930.00     1.01807      0.4570    2.120250 
   19940.00     1.01532      0.4293    2.123800 
   19950.00     1.01256      0.2566    2.128280 
   19960.00     1.00985      0.1441    2.123170 
   19970.00     1.00701      0.1599    2.114690 
   19980.00     1.00430      0.1944    2.113540 
   19990.00     1.00154      0.1747    2.105870 
   20000.00     0.99886      0.2507    2.102660 
   20010.00     0.99613      0.2171    2.097160 
   20020.00     0.99335      0.1984    2.098070 
   20030.00     0.99058      0.1935    2.088790 
   20040.00     0.98786      0.2053    2.079820 
   20050.00     0.98507      0.1747    2.075180 
   20060.00     0.98235      0.0316    2.069760 
   20070.00     0.97963     -0.0365    2.063130 
   20080.00     0.97686      0.0721    2.060970 
   20090.00     0.97418     -0.1244    2.061170 
   20100.00     0.97141     -0.1668    2.069550 
   20110.00     0.96871     -0.3928    2.060530 
   20120.00     0.96603      0.0059    2.054920 
   20130.00     0.96329     -0.0918    2.051570 
   20140.00     0.96064     -0.0138    2.039790 
   20150.00     0.95792     -0.2487    2.031580 
   20160.00     0.95520     -0.2112    2.036080 
   20170.00     0.95260     -0.3366    2.044670 
   20180.00     0.94996     -0.2349    2.043770 
   20190.00     0.94732     -0.3938    2.037760 
   20200.00     0.94470     -0.0257    2.024990 
   20210.00     0.94208     -0.3356    1.983550 
   20220.00     0.93950     -0.3129    1.996920 
   20230.00     0.93692     -0.5300    2.007410 
   20240.00     0.93430     -0.0721    1.996950 
   20250.00     0.93181     -0.2685    1.985130 
   20260.00     0.92929     -0.2596    1.994830 
   20270.00     0.92672     -0.3287    1.987340 
   20280.00     0.92426     -0.1066    1.936260 
   20290.00     0.92177     -0.2704    1.928630 
   20300.00     0.91931     -0.3178    1.932420 
   20310.00     0.91692     -0.2546    1.906590 
   20320.00     0.91451     -0.2902    1.894290 
   20330.00     0.91206     -0.3089    1.883930 
   20340.00     0.90969     -0.1500    1.870180 
   20350.00     0.90734     -0.3405    1.864690 
   20360.00     0.90501     -0.4165    1.897320 
   20370.00     0.90274     -0.3563    1.946390 
   20380.00     0.90048     -0.1076    1.959230 
   20390.00     0.89815     -0.2991    1.938100 
   20400.00     0.89590     -0.2675    1.935030 
   20410.00     0.89372     -0.2250    2.500000 
   20420.00     0.89154     -0.1461    2.008670 
   20430.00     0.88938     -0.3346    1.937560 
   20440.00     0.88732     -0.1885    2.270970 
   20450.00     0.88516     -0.1599    2.162430 
   20460.00     0.88306     -0.2931    2.211210 
   20470.00     0.88106     -0.2744    2.492910 
   20480.00     0.87906     -0.3869    2.468110 
   20490.00     0.87707     -0.2941    2.369140 
   20500.00     0.87511     -0.1717    2.368040 
   20510.00     0.87324     -0.2033    2.500000 
   20520.00     0.87131     -0.2487    2.500000 
   20530.00     0.86942     -0.2744    2.500000 
   20540.00     0.86761     -0.3603    2.500000 
   20550.00     0.86592     -0.2625    2.409490 
   20560.00     0.86412     -0.1520    2.341290 
   20570.00     0.86235     -0.2280    2.350860 
   20580.00     0.86062     -0.3247    2.407010 
   20590.00     0.85902     -0.2556    2.482720 
   20600.00     0.85740     -0.0770    2.384250 
   20610.00     0.85580     -0.2290    2.478640 
   20620.00     0.85424     -0.1451    2.485130 
   20630.00     0.85270     -0.1698    2.351350 
   20640.00     0.85129     -0.1994    2.417790 
   20650.00     0.84983     -0.3158    2.420300 
   20660.00     0.84846     -0.2004    2.380500 
   20670.00     0.84707     -0.4698    2.367550 
   20680.00     0.84572     -0.2537    2.404900 
   20690.00     0.84449     -0.3040    2.482400 
   20700.00     0.84322     -0.3672    2.390290 
   20710.00     0.84198     -0.3257    2.396090 
   20720.00     0.84083     -0.1895    2.493250 
   20730.00     0.83967     -0.1786    2.500000 
   20740.00     0.83857     -0.2349    2.398540 
   20750.00     0.83759     -0.3909    2.347570 
   20760.00     0.83653     -0.2773    2.419550 
   20770.00     0.83553     -0.1796    2.500000 
   20780.00     0.83461     -0.3731    2.500000 
   20790.00     0.83372     -0.3701    2.496530 
   20800.00     0.83287     -0.2083    2.479150 
   20810.00     0.83198     -0.3514    2.482760 
   20820.00     0.83123     -0.2576    2.499050 
   20830.00     0.83052     -0.3218    2.161340 
   20840.00     0.82988     -0.4866    2.383710 
   20850.00     0.82923     -0.2122    2.486960 
   20860.00     0.82863     -0.0829    2.475590 
   20870.00     0.82807     -0.3316    2.268400 
   20880.00     0.82750     -0.1836    2.112840 
   20890.00     0.82703     -0.3869    2.500000 
   20900.00     0.82663     -0.3810    2.500000 
   20910.00     0.82624     -0.4945    2.500000 
   20920.00     0.82586     -0.1115    2.500000 
   20930.00     0.82555     -0.0957    2.500000 
   20940.00     0.82528     -0.0918    2.500000 
   20950.00     0.82507     -0.0780    2.500000 
   20960.00     0.82491     -0.1530    2.492930 
   20970.00     0.82480     -0.2132    2.491830 
   20980.00     0.82470     -0.1392    2.461060 
   20990.00     0.82468     -0.2606    2.364710 
   21000.00     0.82466     -0.3316    2.350200 
   21010.00     0.82464     -0.3385    2.350770 
   21020.00     0.82478     -0.4215    2.357250 
   21030.00     0.82491     -0.4570    2.346290 
   21040.00     0.82507     -0.3731    2.359440 
   21050.00     0.82526     -0.1490    2.451330 
   21060.00     0.82551     -0.3968    2.432870 
   21070.00     0.82578     -0.1046    2.251250 
   21080.00     0.82617     -0.1609    2.208680 
   21090.00     0.82659     -0.2625    2.472350 
   21100.00     0.82699     -0.4560    2.374200 
   21110.00     0.82746     -0.3494    2.500000 
   21120.00     0.82802     -0.2211    2.069300 
   21130.00     0.82854     -0.2507    2.439180 
   21140.00     0.82913     -0.1431    2.495630 
   21150.00     0.82985     -0.1865    2.430890 
   21160.00     0.83048     -0.2122    2.380710 
   21170.00     0.83118     -0.2250    2.369930 
   21180.00     0.83189     -0.2625    2.413030 
   21190.00     0.83274     -0.1668    2.500000 
   21200.00     0.83358     -0.2063    2.460790 
   21210.00     0.83451     -0.2724    2.087250 
   21220.00     0.83543     -0.2961    2.493810 
   21230.00     0.83644     -0.3001    2.500000 
   21240.00     0.83748     -0.0829    2.500000 
   21250.00     0.83842     -0.2014    2.500000 
   21260.00     0.83954     -0.3376    2.500000 
   21270.00     0.84071     -0.2981    2.436410 
   21280.00     0.84187     -0.1786    2.401330 
   21290.00     0.84308     -0.1747    2.417200 
   21300.00     0.84434     -0.0938    2.139720 
   21310.00     0.84557     -0.0602    2.414860 
   21320.00     0.84690     -0.0523    2.382670 
   21330.00     0.84830     -0.1619    2.485900 
   21340.00     0.84967     -0.0790    2.392490 
   21350.00     0.85114     -0.1500    2.376520 
   21360.00     0.85254     -0.2497    2.367280 
   21370.00     0.85403     -0.3761    2.410900 
   21380.00     0.85561     -0.3672    2.444270 
   21390.00     0.85724     -0.2892    2.398650 
   21400.00     0.85888     -0.2389    2.500000 
   21410.00     0.86044     -0.3119    2.499950 
   21420.00     0.86216     -0.0197    2.489170 
   21430.00     0.86389     -0.3287    2.498810 
   21440.00     0.86566     -0.3178    2.489530 
   21450.00     0.86742     -0.3553    2.495570 
   21460.00     0.86925     -0.3316    2.500000 
   21470.00     0.87112     -0.1994    2.500000 
   21480.00     0.87301     -0.1777    2.500000 
   21490.00     0.87484     -0.2063    2.500000 
   21500.00     0.87684     -0.2369    2.497270 
   21510.00     0.87884     -0.2270    2.476370 
   21520.00     0.88087     -0.3612    2.357480 
   21530.00     0.88285     -0.0444    2.486460 
   21540.00     0.88493     -0.0977    2.500000 
   21550.00     0.88705     -0.3139    2.493940 
   21560.00     0.88913     -0.1254    2.496190 
   21570.00     0.89129     -0.0227    2.441820 
   21580.00     0.89351      0.0523    2.374770 
   21590.00     0.89568     -0.0691    2.405300 
   21600.00     0.89788     -0.0326    2.423150 
   21610.00     0.90019     -0.1244    1.909210 
   21620.00     0.90249      0.1056    1.922450 
   21630.00     0.90474     -0.3188    2.428580 
   21640.00     0.90711     -0.2882    2.035090 
   21650.00     0.90944      0.0543    1.932170 
   21660.00     0.91179     -0.2122    2.265190 
   21670.00     0.91420     -0.1283    2.227760 
   21680.00     0.91665     -0.3228    1.900450 
   21690.00     0.91904     -0.3139    1.863980 
   21700.00     0.92152     -0.2852    1.872740 
   21710.00     0.92403     -0.2941    1.943460 
   21720.00     0.92642     -0.2576    1.927030 
   21730.00     0.92896     -0.0612    1.929150 
   21740.00     0.93152     -0.1421    1.967270 
   21750.00     0.93403     -0.1619    1.952930 
   21760.00     0.93667     -0.2616    1.943470 
   21770.00     0.93921     -0.0967    1.951580 
   21780.00     0.94177     -0.1056    1.967950 
   21790.00     0.94441     -0.0158    1.984190 
   21800.00     0.94699      0.1066    1.991490 
   21810.00     0.94965      0.0385    1.985730 
   21820.00     0.95233      0.0079    1.984710 
   21830.00     0.95493     -0.0602    1.988560 
   21840.00     0.95761      0.0207    1.990590 
   21850.00     0.96031     -0.0612    2.022490 
   21860.00     0.96299      0.1935    2.041740 
   21870.00     0.96574     -0.0987    2.043560 
   21880.00     0.96844      0.0859    2.039250 
   21890.00     0.97112      0.1036    2.035760 
   21900.00     0.97387      0.0997    2.035390 
   21910.00     0.97653      0.2546    2.038800 
   21920.00     0.97929      0.1540    2.042690 
   21930.00     0.98206      0.2171    2.051780 
   21940.00     0.98478      0.1619    2.071060 
   21950.00     0.98757      0.2507    2.086110 
   21960.00     0.99029      0.4471    2.094620 
   21970.00     0.99303      0.4126    2.101480 
   21980.00     0.99582      0.4856    2.103930 
   21990.00     0.99855      0.3533    2.099610 
   22000.00     1.00125      0.5616    2.098180 
   22010.00     1.00401      0.6593    2.110530 
   22020.00     1.00672      0.5912    2.077180 
   22030.00     1.00950      0.4303    2.074990 
   22040.00     1.01225      0.7560    2.109750 
   22050.00     1.01499      0.5735    2.123520 
   22060.00     1.01778      0.7422    2.120720 
   22070.00     1.02046      0.7936    2.138130 
   22080.00     1.02322      0.6781    2.142510 
   22090.00     1.02592      0.9071    2.136840 
   22100.00     1.02863      0.7314    2.177590 
   22110.00     1.03141      0.8745    2.183910 
   22120.00     1.03410      0.7580    2.186890 
   22130.00     1.03682      1.0916    2.187630 
   22140.00     1.03952      0.7797    2.189330 
   22150.00     1.04214      1.0551    2.194830 
   22160.00     1.04482      0.9061    2.195790 
   22170.00     1.04753      1.1291    2.206420 
   22180.00     1.05021      1.1173    2.222500 
   22190.00     1.05285      1.3137    2.230910 
   22200.00     1.05545      1.0650    2.231800 
   22210.00     1.05803      1.2130    2.238180 
   22220.00     1.06067      1.3729    2.241670 
   22230.00     1.06322      1.1884    2.241220 
   22240.00     1.06584      1.2555    2.250000 
   22250.00     1.06840      1.4706    2.275120 
   22260.00     1.07085      1.3611    2.282630 
   22270.00     1.07339      1.3789    2.286250 
   22280.00     1.07590      1.6858    2.291400 
   22290.00     1.07832      1.7658    2.293520 
   22300.00     1.08081      1.8556    2.293000 
   22310.00     1.08328      1.8872    2.294350 
   22320.00     1.08565      1.6927    2.299350 
   22330.00     1.08805      1.9118    2.299200 
   22340.00     1.09046      2.0559    2.297190 
   22350.00     1.09277      2.0698    2.304910 
   22360.00     1.09513      2.1477    2.315430 
   22370.00     1.09748      2.2050    2.262840 
   22380.00     1.09971      2.2366    2.216820 
   22390.00     1.10197      2.3570    2.218180 
   22400.00     1.10422      2.4221    2.222410 
   22410.00     1.10640      2.4626    2.241320 
   22420.00     1.10857      2.7617    2.242280 
   22430.00     1.11081      2.5544    2.244400 
   22440.00     1.11291      2.7439    2.246700 
   22450.00     1.11495      2.7370    2.250200 
   22460.00     1.11703      2.9117    2.251130 
   22470.00     1.11911      2.8485    2.252570 
   22480.00     1.12110      2.9670    2.254950 
   22490.00     1.12308      3.0439    2.257950 
   22500.00     1.12503      3.1515    2.261410 
   22510.00     1.12696      3.1486    2.263220 
   22520.00     1.12879      3.2848    2.263510 
   22530.00     1.13067      3.6095    2.267000 
   22540.00     1.13252      3.4644    2.270800 
   22550.00     1.13435      3.5147    2.277340 
   22560.00     1.13605      3.6559    2.282040 
   22570.00     1.13776      3.7753    2.282530 
   22580.00     1.13948      3.8237    2.284720 
   22590.00     1.14118      3.8099    2.290180 
   22600.00     1.14274      4.1020    2.294580 
   22610.00     1.14434      4.0833    2.296700 
   22620.00     1.14590      4.0191    2.298610 
   22630.00     1.14746      4.2392    2.300570 
   22640.00     1.14892      4.1978    2.302760 
   22650.00     1.15031      4.3093    2.304830 
   22660.00     1.15173      4.5975    2.307600 
   22670.00     1.15312      4.6093    2.309180 
   22680.00     1.15445      4.6745    2.309930 
   22690.00     1.15574      4.8255    2.311030 
   22700.00     1.15694      4.7594    2.312950 
   22710.00     1.15817      4.8788    2.314730 
   22720.00     1.15938      4.7712    2.313760 
   22730.00     1.16054      4.9272    2.322540 
   22740.00     1.16166      4.9745    2.322120 
   22750.00     1.16270      4.6725    2.323790 
   22760.00     1.16368      4.8709    2.323910 
   22770.00     1.16464      4.9962    2.323050 
   22780.00     1.16559      4.9035    2.324260 
   22790.00     1.16649      5.0643    2.327650 
   22800.00     1.16734      5.4621    2.332850 
   22810.00     1.16815      5.4720    2.341540 
   22820.00     1.16894      5.4828    2.346780 
   22830.00     1.16969      5.4710    2.354580 
   22840.00     1.17040      5.4177    2.355000 
   22850.00     1.17102      5.3772    2.354050 
   22860.00     1.17154      5.5154    2.355430 
   22870.00     1.17214      5.6161    2.356470 
   22880.00     1.17266      5.4365    2.356280 
   22890.00     1.17312      5.5569    2.356880 
   22900.00     1.17358      5.5697    2.358870 
   22910.00     1.17399      5.7434    2.359040 
   22920.00     1.17432      5.6773    2.357530 
   22930.00     1.17459      5.7247    2.358550 
   22940.00     1.17484      5.6477    2.361810 
   22950.00     1.17513      5.6112    2.361310 
   22960.00     1.17536      5.7632    2.361250 
   22970.00     1.17545      5.7859    2.361850 
   22980.00     1.17555      5.6388    2.362670 
   22990.00     1.17553      5.7612    2.363300 
   23000.00     1.17553      5.3131    2.364000 
   23010.00     1.17553      5.7405    2.364710 
   23020.00     1.17545      5.5825    2.362580 
   23030.00     1.17536      5.7553    2.360990 
   23040.00     1.17514      5.4720    2.363290 
   23050.00     1.17487      5.7000    2.362670 
   23060.00     1.17462      5.4088    2.362410 
   23070.00     1.17437      5.2272    2.362370 
   23080.00     1.17403      5.1779    2.362670 
   23090.00     1.17366      5.2183    2.362490 
   23100.00     1.17318      5.0120    2.361670 
   23110.00     1.17272      5.0466    2.361420 
   23120.00     1.17222      4.8798    2.361290 
   23130.00     1.17160      4.9262    2.361150 
   23140.00     1.17108      4.9202    2.358970 
   23150.00     1.17048      4.8433    2.359370 
   23160.00     1.16977      4.7041    2.360590 
   23170.00     1.16902      4.7426    2.360800 
   23180.00     1.16823      4.7327    2.358960 
   23190.00     1.16746      4.8038    2.359370 
   23200.00     1.16661      4.6123    2.361130 
   23210.00     1.16570      4.5363    2.357900 
   23220.00     1.16476      4.6005    2.354870 
   23230.00     1.16380      4.1859    2.326200 
   23240.00     1.16283      4.2116    2.326350 
   23250.00     1.16177      3.9944    2.325190 
   23260.00     1.16067      4.1435    2.323160 
   23270.00     1.15954      4.0921    2.322440 
   23280.00     1.15832      3.9826    2.321670 
   23290.00     1.15709      3.9421    2.321080 
   23300.00     1.15588      3.8237    2.320190 
   23310.00     1.15461      3.7082    2.317580 
   23320.00     1.15329      3.6342    2.315730 
   23330.00     1.15191      3.4634    2.313080 
   23340.00     1.15048      3.5483    2.310710 
   23350.00     1.14908      3.5286    2.309590 
   23360.00     1.14759      3.4703    2.311490 
   23370.00     1.14607      3.3292    2.311770 
   23380.00     1.14451      3.1308    2.312610 
   23390.00     1.14291      3.0805    2.312050 
   23400.00     1.14135      2.9827    2.307530 
   23410.00     1.13965      3.0805    2.301090 
   23420.00     1.13796      2.9995    2.297400 
   23430.00     1.13622      2.8643    2.299350 
   23440.00     1.13455      2.6708    2.295990 
   23450.00     1.13276      2.6185    2.273990 
   23460.00     1.13091      2.6679    2.266260 
   23470.00     1.12900      2.5791    2.261960 
   23480.00     1.12717      2.6600    2.261520 
   23490.00     1.12526      2.3708    2.261960 
   23500.00     1.12329      2.3363    2.260760 
   23510.00     1.12131      2.4537    2.258730 
   23520.00     1.11934      2.1961    2.255540 
   23530.00     1.11726      1.9750    2.252810 
   23540.00     1.11518      1.9839    2.253870 
   23550.00     1.11312      1.9109    2.254680 
   23560.00     1.11104      1.6621    2.251150 
   23570.00     1.10886      1.7144    2.247320 
   23580.00     1.10665      1.7075    2.243420 
   23590.00     1.10449      1.6532    2.231380 
   23600.00     1.10222      1.5457    2.218370 
   23610.00     1.09994      1.6809    2.216430 
   23620.00     1.09771      1.6996    2.213120 
   23630.00     1.09539      1.5940    2.209490 
   23640.00     1.09304      1.6335    2.212520 
   23650.00     1.09073      1.7105    2.207930 
   23660.00     1.08832      1.3374    2.203740 
   23670.00     1.08592      1.3394    2.203270 
   23680.00     1.08355      1.3137    2.201020 
   23690.00     1.08112      1.3048    2.194430 
   23700.00     1.07859      1.2397    2.182040 
   23710.00     1.07618      1.2644    2.168750 
   23720.00     1.07368      1.2417    2.166230 
   23730.00     1.07112      1.1341    2.162630 
   23740.00     1.06867      1.1666    2.162480 
   23750.00     1.06611      1.0798    2.157120 
   23760.00     1.06353      1.0531    2.156770 
   23770.00     1.06098      1.0709    2.153920 
   23780.00     1.05832      1.0186    2.151770 
   23790.00     1.05572      1.0097    2.146970 
   23800.00     1.05318      0.9574    2.139160 
   23810.00     1.05050      0.8172    2.130870 
   23820.00     1.04786      0.9130    2.121290 
   23830.00     1.04514      1.0156    2.122260 
   23840.00     1.04245      0.7324    2.118070 
   23850.00     1.03981      0.6968    2.116130 
   23860.00     1.03711      0.6425    2.114470 
   23870.00     1.03439      0.6593    2.111770 
   23880.00     1.03171      0.5320    2.110660 
   23890.00     1.02894      0.6722    2.110880 
   23900.00     1.02622      0.7472    2.110270 
   23910.00     1.02353      0.6870    2.115420 
   23920.00     1.02079      0.6495    2.133390 
   23930.00     1.01807      0.6031    2.121590 
   23940.00     1.01532      0.5784    2.121730 
   23950.00     1.01256      0.4343    2.128370 
   23960.00     1.00983      0.5271    2.119020 
   23970.00     1.00701      0.4293    2.113820 
   23980.00     1.00430      0.3978    2.111580 
   23990.00     1.00154      0.3889    2.108260 
   24000.00     0.99888      0.5113    2.102490 
   24010.00     0.99611      0.3869    2.097830 
   24020.00     0.99331      0.4935    2.097140 
   24030.00     0.99058      0.0987    2.089850 
   24040.00     0.98788      0.2537    2.079010 
   24050.00     0.98509      0.1964    2.075320 
   24060.00     0.98233      0.2073    2.067290 
   24070.00     0.97960      0.2132    2.062850 
   24080.00     0.97684      0.1530    2.062040 
   24090.00     0.97416      0.1184    2.065100 
   24100.00     0.97141      0.1096    2.065180 
   24110.00     0.96871      0.0118    2.059080 
   24120.00     0.96603      0.1224    2.054670 
   24130.00     0.96328      0.2171    2.050940 
   24140.00     0.96060     -0.1510    2.033690 
   24150.00     0.95790     -0.1026    2.034550 
   24160.00     0.95522     -0.0503    2.042460 
   24170.00     0.95264      0.0375    2.044400 
   24180.00     0.94996      0.0513    2.043220 
   24190.00     0.94728      0.2754    2.031450 
   24200.00     0.94468     -0.0592    2.006920 
   24210.00     0.94206     -0.0503    1.986860 
   24220.00     0.93950      0.0010    1.995430 
   24230.00     0.93694      0.0000    2.016850 
   24240.00     0.93432     -0.0326    1.999210 
   24250.00     0.93179      0.1303    1.986310 
   24260.00     0.92925     -0.2023    2.007030 
   24270.00     0.92672     -0.0059    2.003720 
   24280.00     0.92428     -0.0928    1.957330 
   24290.00     0.92179     -0.1402    1.931860 
   24300.00     0.91933     -0.0010    1.959280 
   24310.00     0.91692     -0.1638    1.968870 
   24320.00     0.91449     -0.1836    1.895370 
   24330.00     0.91206     -0.3139    1.874330 
   24340.00     0.90971     -0.1895    1.867520 
   24350.00     0.90736     -0.1026    1.865030 
   24360.00     0.90501     -0.1342    1.929780 
   24370.00     0.90272     -0.0642    1.941110 
   24380.00     0.90044     -0.0010    1.949310 
   24390.00     0.89813     -0.1471    2.240670 
   24400.00     0.89593     -0.0572    2.265580 
   24410.00     0.89376     -0.0602    1.937500 
   24420.00     0.89154     -0.1076    2.064560 
   24430.00     0.88936     -0.1816    2.492370 
   24440.00     0.88730     -0.1244    2.410280 
   24450.00     0.88516     -0.0878    1.887650 
   24460.00     0.88306     -0.1678    2.386420 
   24470.00     0.88106     -0.1658    2.492560 
   24480.00     0.87908     -0.1352    2.405320 
   24490.00     0.87705     -0.0780    2.360170 
   24500.00     0.87507      0.1619    2.423140 
   24510.00     0.87322     -0.1451    2.500000 
   24520.00     0.87131     -0.1658    2.500000 
   24530.00     0.86946     -0.2448    2.458960 
   24540.00     0.86763     -0.0661    2.068020 
   24550.00     0.86588     -0.1461    2.349210 
   24560.00     0.86408     -0.1135    2.349640 
   24570.00     0.86233     -0.0898    2.414500 
   24580.00     0.86062     -0.0484    2.477680 
   24590.00     0.85904     -0.0020    2.500000 
   24600.00     0.85740     -0.1559    2.496950 
   24610.00     0.85580     -0.0178    2.477400 
   24620.00     0.85420     -0.0750    2.456000 
   24630.00     0.85270     -0.0385    2.489750 
   24640.00     0.85129     -0.0503    2.402340 
   24650.00     0.84985     -0.2576    2.326890 
   24660.00     0.84846     -0.2448    2.366660 
   24670.00     0.84707     -0.0730    2.455270 
   24680.00     0.84570      0.0691    2.488970 
   24690.00     0.84449      0.0602    2.423010 
   24700.00     0.84324     -0.0977    2.385060 
   24710.00     0.84200     -0.3188    2.416470 
   24720.00     0.84083     -0.1362    2.447040 
   24730.00     0.83965     -0.0898    2.485210 
   24740.00     0.83854     -0.0355    2.365570 
   24750.00     0.83757     -0.1244    2.337040 
   24760.00     0.83655     -0.1214    2.482070 
   24770.00     0.83555     -0.1056    2.500000 
   24780.00     0.83461     -0.2290    2.500000 
   24790.00     0.83368     -0.1056    2.498720 
   24800.00     0.83283     -0.2862    2.494550 
   24810.00     0.83198     -0.0711    2.357780 
   24820.00     0.83123     -0.2339    2.188240 
   24830.00     0.83052      0.0405    2.486380 
   24840.00     0.82990     -0.1550    2.500000 
   24850.00     0.82921     -0.1540    2.500000 
   24860.00     0.82859     -0.0839    2.500000 
   24870.00     0.82805      0.0602    2.491750 
   24880.00     0.82751      0.0010    2.496680 
   24890.00     0.82705     -0.1076    2.500000 
   24900.00     0.82665     -0.0730    2.500000 
   24910.00     0.82622      0.1105    2.500000 
   24920.00     0.82582      0.0869    2.500000 
   24930.00     0.82553     -0.1579    2.442650 
   24940.00     0.82528     -0.1994    2.067690 
   24950.00     0.82509     -0.1796    2.500000 
   24960.00     0.82491     -0.1234    2.372400 
   24970.00     0.82480     -0.0227    2.360840 
   24980.00     0.82468     -0.1332    2.457700 
   24990.00     0.82466     -0.1046    2.500000 
   25000.00     0.82468     -0.1313    2.437160 
   25010.00     0.82470     -0.0385    2.410990 
   25020.00     0.82478     -0.3691    2.452620 
   25030.00     0.82491     -0.1332    2.347120 
   25040.00     0.82505      0.0049    2.355260 
   25050.00     0.82526     -0.2576    2.500000 
   25060.00     0.82549     -0.1175    2.376020 
   25070.00     0.82580     -0.1638    2.358660 
   25080.00     0.82618      0.1402    2.457200 
   25090.00     0.82659      0.0424    2.500000 
   25100.00     0.82696     -0.0809    2.435550 
   25110.00     0.82742      0.0602    2.415410 
   25120.00     0.82802     -0.1026    2.500000 
   25130.00     0.82855     -0.0345    2.499590 
   25140.00     0.82917     -0.0296    2.497360 
   25150.00     0.82983     -0.0020    2.500000 
   25160.00     0.83044     -0.0691    2.368170 
   25170.00     0.83116     -0.0839    2.137280 
   25180.00     0.83191     -0.1816    2.380740 
   25190.00     0.83274     -0.1540    2.498990 
   25200.00     0.83360      0.0079    2.239620 
   25210.00     0.83451     -0.3001    2.020990 
   25220.00     0.83541     -0.2290    2.212590 
   25230.00     0.83642     -0.1234    2.500000 
   25240.00     0.83748     -0.1757    2.500000 
   25250.00     0.83846     -0.0602    2.500000 
   25260.00     0.83956     -0.3514    2.500000 
   25270.00     0.84071     -0.1619    2.386900 
   25280.00     0.84185     -0.0020    2.461850 
   25290.00     0.84308     -0.2833    2.500000 
   25300.00     0.84434     -0.0651    2.433470 
   25310.00     0.84557     -0.1342    2.383900 
   25320.00     0.84692      0.0207    2.405430 
   25330.00     0.84829     -0.0109    2.410840 
   25340.00     0.84967      0.0128    2.500000 
   25350.00     0.85110     -0.1135    2.500000 
   25360.00     0.85254     -0.0326    2.366060 
   25370.00     0.85405     -0.0632    2.477440 
   25380.00     0.85563     -0.1323    2.431590 
   25390.00     0.85723     -0.0484    2.392730 
   25400.00     0.85884     -0.1935    2.443180 
   25410.00     0.86042     -0.2290    2.497280 
   25420.00     0.86216     -0.1184    2.477110 
   25430.00     0.86391     -0.0799    2.434490 
   25440.00     0.86568     -0.0148    2.430470 
   25450.00     0.86744     -0.0750    2.500000 
   25460.00     0.86923     -0.0454    2.316600 
   25470.00     0.87108     -0.0385    2.130360 
   25480.00     0.87301      0.0869    2.391690 
   25490.00     0.87489     -0.2606    2.500000 
   25500.00     0.87688     -0.1411    2.500000 
   25510.00     0.87884     -0.0572    2.442130 
   25520.00     0.88083     -0.3139    2.401200 
   25530.00     0.88281     -0.2882    2.500000 
   25540.00     0.88493     -0.2616    2.500000 
   25550.00     0.88707     -0.1786    2.500000 
   25560.00     0.88915     -0.0790    2.500000 
   25570.00     0.89131     -0.1342    2.387010 
   25580.00     0.89349      0.0474    2.402270 
   25590.00     0.89566      0.1105    2.468850 
   25600.00     0.89788      0.0740    2.183310 
   25610.00     0.90021     -0.1056    1.909840 
   25620.00     0.90250     -0.1086    2.097280 
   25630.00     0.90474      0.0829    2.372220 
   25640.00     0.90707      0.0010    1.930430 
   25650.00     0.90944     -0.0276    1.933900 
   25660.00     0.91179      0.0721    2.485850 
   25670.00     0.91422     -0.0632    2.017710 
   25680.00     0.91667      0.1579    1.934560 
   25690.00     0.91906      0.0553    1.886050 
   25700.00     0.92150      0.1323    1.916470 
   25710.00     0.92399      0.1234    1.952150 
   25720.00     0.92644      0.0336    1.934430 
   25730.00     0.92900     -0.0168    1.931820 
   25740.00     0.93154     -0.0632    1.950760 
   25750.00     0.93403      0.0227    1.995390 
   25760.00     0.93665     -0.0109    1.942820 
   25770.00     0.93919      0.2428    1.947530 
   25780.00     0.94177      0.1875    1.966340 
   25790.00     0.94441      0.0197    1.977380 
   25800.00     0.94701     -0.0415    1.985820 
   25810.00     0.94965      0.2339    1.988880 
   25820.00     0.95231      0.2448    1.986500 
   25830.00     0.95491      0.2369    1.986010 
   25840.00     0.95761      0.1441    1.990530 
   25850.00     0.96033      0.1796    2.011720 
   25860.00     0.96301      0.1708    2.040110 
   25870.00     0.96572      0.2941    2.047720 
   25880.00     0.96840      0.1135    2.041620 
   25890.00     0.97110      0.2991    2.042480 
   25900.00     0.97387      0.1332    2.035880 
   25910.00     0.97655      0.3346    2.032730 
   25920.00     0.97931      0.3918    2.041160 
   25930.00     0.98206      0.2014    2.052510 
   25940.00     0.98476      0.2685    2.063050 
   25950.00     0.98753      0.4481    2.079320 
   25960.00     0.99029      0.4787    2.094420 
   25970.00     0.99304      0.6682    2.098400 
   25980.00     0.99584      0.5675    2.099090 
   25990.00     0.99855      0.7442    2.099880 
   26000.00     1.00123      0.6287    2.092220 
   26010.00     1.00399      0.4826    2.086950 
   26020.00     1.00672      0.7620    2.083270 
   26030.00     1.00952      0.6129    2.086810 
   26040.00     1.01227      0.6376    2.124660 
   26050.00     1.01501      0.6564    2.128630 
   26060.00     1.01776      0.9633    2.115020 
   26070.00     1.02044      1.0571    2.142500 
   26080.00     1.02320      0.9080    2.126830 
   26090.00     1.02595      0.7452    2.157460 
   26100.00     1.02865      0.9061    2.179860 
   26110.00     1.03141      0.9544    2.183880 
   26120.00     1.03408      0.9416    2.184940 
   26130.00     1.03680      0.8784    2.188190 
   26140.00     1.03950      0.7669    2.188260 
   26150.00     1.04214      0.9919    2.190170 
   26160.00     1.04484      1.3374    2.192540 
   26170.00     1.04757      1.1262    2.207420 
   26180.00     1.05017      1.4006    2.221610 
   26190.00     1.05283      1.4193    2.228040 
   26200.00     1.05543      1.3719    2.232850 
   26210.00     1.05805      1.2930    2.236510 
   26220.00     1.06071      1.3433    2.238140 
   26230.00     1.06324      1.4233    2.241430 
   26240.00     1.06582      1.5743    2.251140 
   26250.00     1.06838      1.4410    2.261540 
   26260.00     1.07085      1.6986    2.280730 
   26270.00     1.07339      1.7391    2.286120 
   26280.00     1.07592      1.6848    2.288410 
   26290.00     1.07834      1.6779    2.290990 
   26300.00     1.08083      1.7638    2.294070 
   26310.00     1.08326      2.0411    2.295460 
   26320.00     1.08565      1.8131    2.296310 
   26330.00     1.08809      2.1527    2.298190 
   26340.00     1.09050      2.2445    2.299440 
   26350.00     1.09277      2.2987    2.301000 
   26360.00     1.09513      2.3363    2.306980 
   26370.00     1.09746      2.3639    2.216900 
   26380.00     1.09971      2.1013    2.270680 
   26390.00     1.10197      2.4665    2.233980 
   26400.00     1.10424      2.4152    2.217270 
   26410.00     1.10642      2.5001    2.228010 
   26420.00     1.10859      2.7123    2.239830 
   26430.00     1.11077      2.8199    2.244260 
   26440.00     1.11289      2.8534    2.246010 
   26450.00     1.11495      2.7923    2.250920 
   26460.00     1.11709      2.8584    2.250060 
   26470.00     1.11913      2.9137    2.254100 
   26480.00     1.12108      3.2502    2.256770 
   26490.00     1.12306      3.1525    2.258890 
   26500.00     1.12503      3.2019    2.259900 
   26510.00     1.12696      3.4318    2.261770 
   26520.00     1.12881      3.2591    2.264020 
   26530.00     1.13071      3.4703    2.266920 
   26540.00     1.13252      3.6648    2.272400 
   26550.00     1.13432      3.5523    2.275880 
   26560.00     1.13603      3.6904    2.271880 
   26570.00     1.13778      3.8868    2.281210 
   26580.00     1.13950      3.8671    2.282810 
   26590.00     1.14118      3.7546    2.289680 
   26600.00     1.14274      4.1494    2.293450 
   26610.00     1.14432      4.2402    2.295100 
   26620.00     1.14588      4.0754    2.296710 
   26630.00     1.14746      4.2284    2.298570 
   26640.00     1.14894      4.1829    2.300650 
   26650.00     1.15031      4.3557    2.303950 
   26660.00     1.15173      4.5422    2.307740 
   26670.00     1.15310      4.5659    2.309640 
   26680.00     1.15447      4.5916    2.310380 
   26690.00     1.15576      4.7307    2.311050 
   26700.00     1.15699      4.6538    2.311930 
   26710.00     1.15819      4.8877    2.313520 
   26720.00     1.15938      4.7939    2.316210 
   26730.00     1.16052      4.7288    2.319180 
   26740.00     1.16164      4.8413    2.321140 
   26750.00     1.16270      4.8186    2.322400 
   26760.00     1.16370      4.9133    2.324220 
   26770.00     1.16466      5.0416    2.321980 
   26780.00     1.16559      5.2657    2.322200 
   26790.00     1.16647      5.1611    2.323730 
   26800.00     1.16734      5.3200    2.336320 
   26810.00     1.16817      5.3239    2.338460 
   26820.00     1.16896      5.2953    2.342800 
   26830.00     1.16971      5.5598    2.353720 
   26840.00     1.17039      5.4661    2.353480 
   26850.00     1.17102      5.6329    2.352290 
   26860.00     1.17152      5.6398    2.353670 
   26870.00     1.17214      5.5835    2.354270 
   26880.00     1.17268      5.6250    2.355220 
   26890.00     1.17312      5.8026    2.355820 
   26900.00     1.17356      5.7365    2.357270 
   26910.00     1.17395      5.5835    2.357600 
   26920.00     1.17432      5.6664    2.357930 
   26930.00     1.17462      5.7355    2.359610 
   26940.00     1.17487      5.5460    2.360910 
   26950.00     1.17513      5.6526    2.359030 
   26960.00     1.17534      5.6664    2.359160 
   26970.00     1.17543      5.4888    2.362350 
   26980.00     1.17553      5.6723    2.362500 
   26990.00     1.17553      5.5973    2.361210 
   27000.00     1.17555      5.6190    2.361660 
   27010.00     1.17555      5.4937    2.362480 
   27020.00     1.17545      5.6131    2.362960 
   27030.00     1.17532      5.4552    2.364150 
   27040.00     1.17513      5.4996    2.365340 
   27050.00     1.17489      5.3565    2.362630 
   27060.00     1.17468      5.4463    2.363420 
   27070.00     1.17437      5.3901    2.361150 
   27080.00     1.17403      5.3200    2.362650 
   27090.00     1.17362      5.3861    2.361140 
   27100.00     1.17316      5.4128    2.360580 
   27110.00     1.17272      5.1986    2.359590 
   27120.00     1.17222      5.0920    2.360050 
   27130.00     1.17162      5.0949    2.360660 
   27140.00     1.17108      5.0871    2.358870 
   27150.00     1.17044      4.8600    2.358000 
   27160.00     1.16975      4.9775    2.358490 
   27170.00     1.16906      4.9923    2.364200 
   27180.00     1.16827      4.6982    2.356140 
   27190.00     1.16750      4.8551    2.360600 
   27200.00     1.16659      4.7722    2.361390 
   27210.00     1.16566      4.5778    2.355570 
   27220.00     1.16474      4.2856    2.355330 
   27230.00     1.16380      4.3981    2.347640 
   27240.00     1.16283      4.5422    2.325360 
   27250.00     1.16177      4.4633    2.322170 
   27260.00     1.16067      4.4406    2.320890 
   27270.00     1.15950      4.1297    2.322080 
   27280.00     1.15830      4.2145    2.319700 
   27290.00     1.15709      4.1563    2.321340 
   27300.00     1.15592      4.0408    2.318890 
   27310.00     1.15462      3.9076    2.316400 
   27320.00     1.15328      3.7595    2.313910 
   27330.00     1.15189      3.6342    2.311430 
   27340.00     1.15046      3.6559    2.309940 
   27350.00     1.14909      3.7694    2.309270 
   27360.00     1.14763      3.6174    2.309360 
   27370.00     1.14607      3.6756    2.311550 
   27380.00     1.14449      3.3795    2.311700 
   27390.00     1.14289      3.3588    2.308950 
   27400.00     1.14135      3.4289    2.304050 
   27410.00     1.13967      3.1920    2.302250 
   27420.00     1.13798      2.9048    2.297310 
   27430.00     1.13626      3.1170    2.296700 
   27440.00     1.13455      2.9146    2.295550 
   27450.00     1.13272      2.7567    2.271220 
   27460.00     1.13089      2.7163    2.267570 
   27470.00     1.12900      2.8613    2.263490 
   27480.00     1.12719      2.6264    2.261340 
   27490.00     1.12526      2.6580    2.259060 
   27500.00     1.12331      2.3155    2.261120 
   27510.00     1.12127      2.3195    2.258420 
   27520.00     1.11933      2.1083    2.254330 
   27530.00     1.11728      2.2198    2.252770 
   27540.00     1.11520      2.1556    2.253340 
   27550.00     1.11314      2.2000    2.253430 
   27560.00     1.11104      2.1349    2.248540 
   27570.00     1.10884      2.0421    2.243350 
   27580.00     1.10663      1.8684    2.240170 
   27590.00     1.10449      1.8536    2.222430 
   27600.00     1.10222      1.8516    2.217860 
   27610.00     1.09996      1.8023    2.214000 
   27620.00     1.09773      1.8240    2.210760 
   27630.00     1.09538      1.8220    2.208710 
   27640.00     1.09301      1.7075    2.207810 
   27650.00     1.09073      1.5141    2.208270 
   27660.00     1.08836      1.4845    2.204590 
   27670.00     1.08595      1.5151    2.202450 
   27680.00     1.08355      1.5605    2.198370 
   27690.00     1.08110      1.4124    2.190830 
   27700.00     1.07859      1.2071    2.174790 
   27710.00     1.07618      1.4479    2.167960 
   27720.00     1.07368      1.2347    2.165170 
   27730.00     1.07114      1.2969    2.162270 
   27740.00     1.06867      1.3779    2.160230 
   27750.00     1.06609      1.2999    2.174000 
   27760.00     1.06349      1.2308    2.230480 
   27770.00     1.06098      1.2732    2.152710 
   27780.00     1.05836      1.0423    2.147090 
   27790.00     1.05574      1.2071    2.219840 
   27800.00     1.05316      1.1726    2.160140 
   27810.00     1.05048      0.8873    2.135370 
   27820.00     1.04784      0.9683    2.128280 
   27830.00     1.04514      0.8459    2.121090 
   27840.00     1.04247      0.7028    2.119280 
   27850.00     1.03981      0.7116    2.117890 
   27860.00     1.03711      0.9367    2.116400 
   27870.00     1.03437      0.6958    2.114870 
   27880.00     1.03168      0.7560    2.106390 
   27890.00     1.02896      0.6169    2.115600 
   27900.00     1.02626      0.6593    2.113200 
   27910.00     1.02355      0.6277    2.110000 
   27920.00     1.02077      0.5577    2.117980 
   27930.00     1.01807      0.5063    2.125830 
   27940.00     1.01532      0.5182    2.127640 
   27950.00     1.01254      0.3810    2.130010 
   27960.00     1.00983      0.4333    2.124300 
   27970.00     1.00703      0.6189    2.112430 
   27980.00     1.00430      0.3287    2.117560 
   27990.00     1.00154      0.3297    2.105530 
   28000.00     0.99882      0.3040    2.100320 
   28010.00     0.99611      0.4797    2.097810 
   28020.00     0.99335      0.1727    2.098190 
   28030.00     0.99060      0.0691    2.092030 
   28040.00     0.98788      0.3918    2.080260 
   28050.00     0.98507      0.4284    2.072800 
   28060.00     0.98233      0.2142    2.065300 
   28070.00     0.97960      0.2843    2.061610 
   28080.00     0.97684      0.3830    2.062530 
   28090.00     0.97418      0.3277    2.066180 
   28100.00     0.97143      0.3909    2.061410 
   28110.00     0.96869      0.0721    2.058110 
   28120.00     0.96599      0.2941    2.055910 
   28130.00     0.96328      0.3603    2.048100 
   28140.00     0.96062      0.1303    2.037880 
   28150.00     0.95796      0.1599    2.037070 
   28160.00     0.95524      0.2487    2.046750 
   28170.00     0.95262      0.1105    2.043900 
   28180.00     0.94994     -0.0563    2.041930 
   28190.00     0.94728      0.0355    2.031910 
   28200.00     0.94470      0.0138    1.996770 
   28210.00     0.94208     -0.0069    1.988690 
   28220.00     0.93950     -0.0464    2.002570 
   28230.00     0.93694      0.0306    2.008290 
   28240.00     0.93430     -0.0691    1.995440 
   28250.00     0.93179     -0.1293    1.988130 
   28260.00     0.92927      0.0109    2.008710 
   28270.00     0.92674     -0.0691    2.001550 
   28280.00     0.92430     -0.0109    1.935270 
   28290.00     0.92179     -0.2260    1.933620 
   28300.00     0.91931     -0.2754    1.989590 
   28310.00     0.91690     -0.2250    1.930250 
   28320.00     0.91449     -0.3405    1.899840 
   28330.00     0.91206     -0.1816    1.911140 
   28340.00     0.90971     -0.3089    1.902980 
   28350.00     0.90734     -0.2122    1.885490 
   28360.00     0.90499     -0.1372    1.938600 
   28370.00     0.90270     -0.0740    1.942670 
   28380.00     0.90046      0.1471    1.957240 
   28390.00     0.89817     -0.1471    2.456580 
   28400.00     0.89592     -0.1431    2.038760 
   28410.00     0.89374     -0.1046    1.948350 
   28420.00     0.89154     -0.2063    2.274950 
   28430.00     0.88936     -0.3405    2.460010 
   28440.00     0.88728     -0.0207    2.268710 
   28450.00     0.88518     -0.2389    2.131230 
   28460.00     0.88308     -0.1125    2.476650 
   28470.00     0.88106     -0.0257    2.494470 
   28480.00     0.87904      0.0227    2.341920 
   28490.00     0.87705     -0.0474    2.370850 
   28500.00     0.87511     -0.0780    2.462660 
   28510.00     0.87324     -0.1017    2.398710 
   28520.00     0.87133     -0.1283    2.445500 
   28530.00     0.86944     -0.0286    2.434060 
   28540.00     0.86761     -0.0651    2.361490 
   28550.00     0.86588     -0.1145    2.354140 
   28560.00     0.86410     -0.0168    2.346810 
   28570.00     0.86237      0.0217    2.360690 
   28580.00     0.86064     -0.1875    2.500000 
   28590.00     0.85902     -0.1046    2.500000 
   28600.00     0.85740     -0.1786    2.394000 
   28610.00     0.85578      0.0622    2.464030 
   28620.00     0.85422      0.0247    2.500000 
   28630.00     0.85272     -0.0563    2.439120 
   28640.00     0.85129     -0.1244    2.392410 
   28650.00     0.84983      0.0316    2.416690 
   28660.00     0.84844      0.0750    2.405450 
   28670.00     0.84705     -0.1431    2.359930 
   28680.00     0.84570     -0.0799    2.488400 
   28690.00     0.84449     -0.1155    2.437500 
   28700.00     0.84324     -0.0602    2.416450 
   28710.00     0.84200     -0.1777    2.461440 
   28720.00     0.84081     -0.1086    2.492170 
   28730.00     0.83963     -0.2260    2.428640 
   28740.00     0.83855     -0.1283    2.356400 
   28750.00     0.83759     -0.1846    2.393300 
   28760.00     0.83655     -0.0543    2.500000 
   28770.00     0.83555      0.0395    2.500000 
   28780.00     0.83461     -0.3405    2.500000 
   28790.00     0.83368     -0.2053    2.500000 
   28800.00     0.83283     -0.4224    2.053570 
   28810.00     0.83200     -0.3731    2.357590 
   28820.00     0.83125     -0.1944    2.248100 
   28830.00     0.83052     -0.1569    2.094540 
   28840.00     0.82987     -0.1411    2.256680 
   28850.00     0.82921     -0.0474    2.489560 
   28860.00     0.82861     -0.0543    2.373520 
   28870.00     0.82809     -0.0770    2.009380 
   28880.00     0.82753     -0.1619    2.500000 
   28890.00     0.82703      0.0217    2.500000 
   28900.00     0.82663      0.0444    2.500000 
   28910.00     0.82620     -0.0227    2.500000 
   28920.00     0.82582     -0.2566    2.500000 
   28930.00     0.82555     -0.0799    2.500000 
   28940.00     0.82530     -0.1520    2.440030 
   28950.00     0.82509     -0.0632    2.357550 
   28960.00     0.82489     -0.1165    2.307250 
   28970.00     0.82478     -0.0188    2.109410 
   28980.00     0.82468     -0.0957    2.362520 
   28990.00     0.82470     -0.3514    2.463460 
   29000.00     0.82470     -0.2606    2.495340 
   29010.00     0.82468     -0.0908    2.387100 
   29020.00     0.82476     -0.0424    2.332350 
   29030.00     0.82489     -0.0770    2.339690 
   29040.00     0.82507     -0.2675    2.242940 
   29050.00     0.82526     -0.2616    2.176650 
   29060.00     0.82551     -0.0701    2.360140 
   29070.00     0.82580     -0.0642    2.368810 
   29080.00     0.82615     -0.1175    2.500000 
   29090.00     0.82657     -0.3099    2.349550 
   29100.00     0.82699      0.0188    2.164210 
   29110.00     0.82746     -0.2576    2.414940 
   29120.00     0.82803     -0.0503    2.500000 
   29130.00     0.82855     -0.1688    2.500000 
   29140.00     0.82915     -0.1589    2.498940 
   29150.00     0.82981     -0.2191    2.480190 
   29160.00     0.83044     -0.2063    2.431140 
   29170.00     0.83116     -0.4007    2.380640 
   29180.00     0.83193     -0.1234    2.379000 
   29190.00     0.83274     -0.2063    2.482850 
   29200.00     0.83356     -0.1905    2.498170 
   29210.00     0.83449     -0.0790    2.500000 
   29220.00     0.83543     -0.2823    2.236280 
   29230.00     0.83644     -0.2152    2.322420 
   29240.00     0.83750     -0.0869    2.498900 
   29250.00     0.83844     -0.1658    2.500000 
   29260.00     0.83952     -0.2428    2.500000 
   29270.00     0.84069     -0.0257    2.483550 
   29280.00     0.84185     -0.3030    2.351210 
   29290.00     0.84310     -0.2408    2.500000 
   29300.00     0.84435     -0.0760    2.500000 
   29310.00     0.84559     -0.1589    2.440830 
   29320.00     0.84688     -0.1619    2.412160 
   29330.00     0.84827     -0.1796    2.236670 
   29340.00     0.84967     -0.1599    2.285360 
   29350.00     0.85114     -0.4145    2.450760 
   29360.00     0.85256     -0.2635    2.360570 
   29370.00     0.85405     -0.1579    2.364860 
   29380.00     0.85561     -0.2734    2.366990 
   29390.00     0.85721     -0.2319    2.410430 
   29400.00     0.85884     -0.1086    2.491940 
   29410.00     0.86044     -0.2349    2.500000 
   29420.00     0.86218     -0.1609    2.481390 
   29430.00     0.86391     -0.1046    2.488460 
   29440.00     0.86566     -0.0602    2.500000 
   29450.00     0.86740      0.0513    2.357100 
   29460.00     0.86923     -0.1569    2.196090 
   29470.00     0.87114     -0.2349    2.500000 
   29480.00     0.87303     -0.2191    2.500000 
   29490.00     0.87487     -0.2517    2.500000 
   29500.00     0.87684     -0.0138    2.500000 
   29510.00     0.87882     -0.2546    2.389630 
   29520.00     0.88083     -0.0987    2.360160 
   29530.00     0.88283     -0.1431    2.441300 
   29540.00     0.88493     -0.3228    2.500000 
   29550.00     0.88709      0.0188    2.500000 
   29560.00     0.88911     -0.1036    2.500000 
   29570.00     0.89127      0.0691    2.480530 
   29580.00     0.89349     -0.2191    2.370420 
   29590.00     0.89570     -0.1905    2.500000 
   29600.00     0.89792     -0.0454    1.943160 
   29610.00     0.90021     -0.0158    1.917290 
   29620.00     0.90249     -0.1619    2.314950 
   29630.00     0.90474     -0.0691    2.152500 
   29640.00     0.90707     -0.0099    1.929630 
   29650.00     0.90944     -0.1313    1.931480 
   29660.00     0.91181     -0.2053    1.941290 
   29670.00     0.91422      0.0089    1.934880 
   29680.00     0.91665      0.0178    1.870800 
   29690.00     0.91902     -0.0790    1.863560 
   29700.00     0.92150     -0.0918    1.861840 
   29710.00     0.92403     -0.0503    1.944550 
   29720.00     0.92645      0.0306    1.939700 
   29730.00     0.92898     -0.1954    1.930080 
   29740.00     0.93150     -0.2260    1.950470 
   29750.00     0.93401     -0.1678    1.981290 
   29760.00     0.93665      0.1017    1.982540 
   29770.00     0.93921      0.1155    1.949000 
   29780.00     0.94179     -0.0563    1.963720 
   29790.00     0.94443      0.0671    1.978000 
   29800.00     0.94699      0.0474    1.983040 
   29810.00     0.94961      0.1056    1.988180 
   29820.00     0.95233      0.2004    1.987350 
   29830.00     0.95495      0.1935    1.984250 
   29840.00     0.95765      0.2122    1.991200 
   29850.00     0.96033      0.2843    2.013260 
   29860.00     0.96299      0.1737    2.040020 
   29870.00     0.96570      0.0158    2.051510 
   29880.00     0.96840      0.1559    2.043250 
   29890.00     0.97112      0.3642    2.040250 
   29900.00     0.97387      0.2211    2.034600 
   29910.00     0.97653      0.2448    2.033130 
   29920.00     0.97929      0.3040    2.042010 
   29930.00     0.98204      0.5300    2.050530 
   29940.00     0.98476      0.3267    2.060520 
   29950.00     0.98757      0.5281    2.075240 
   29960.00     0.99029      0.4323    2.091590 
   29970.00     0.99304      0.4708    2.101280 
   29980.00     0.99582      0.5034    2.099930 
   29990.00     0.99854      0.5330    2.100070 
   30000.00     1.00123      0.6110    2.099480 
   30010.00     1.00399      0.5962    2.104680 
   30020.00     1.00674      0.5044    2.083850 
   30030.00     1.00954      0.4639    2.094630 
   30040.00     1.01225      0.4254    2.120560 
   30050.00     1.01497      0.6939    2.128280 
   30060.00     1.01776      0.5981    2.120000 
   30070.00     1.02048      0.8320    2.125860 
   30080.00     1.02326      0.6504    2.142640 
   30090.00     1.02597      0.8893    2.118070 
   30100.00     1.02865      0.7570    2.180710 
   30110.00     1.03139      0.9150    2.184160 
   30120.00     1.03408      0.9396    2.184790 
   30130.00     1.03678      0.8409    2.185780 
   30140.00     1.03954      1.0689    2.188810 
   30150.00     1.04218      1.0897    2.190880 
   30160.00     1.04486      1.1380    2.190850 
   30170.00     1.04753      1.2959    2.198120 
   30180.00     1.05017      1.2012    2.226020 
   30190.00     1.05287      1.3127    2.226720 
   30200.00     1.05547      1.1548    2.232700 
   30210.00     1.05807      1.2811    2.237490 
   30220.00     1.06069      1.3236    2.236410 
   30230.00     1.06322      1.3996    2.239970 
   30240.00     1.06580      1.4233    2.251610 
   30250.00     1.06838      1.3413    2.268420 
   30260.00     1.07085      1.4933    2.280810 
   30270.00     1.07341      1.7579    2.284870 
   30280.00     1.07592      1.6602    2.293270 
   30290.00     1.07832      1.6315    2.290800 
   30300.00     1.08081      1.8980    2.290190 
   30310.00     1.08328      1.7865    2.297040 
   30320.00     1.08566      1.9750    2.297500 
   30330.00     1.08809      2.0589    2.295230 
   30340.00     1.09048      2.1754    2.302460 
   30350.00     1.09276      2.0244    2.308090 
   30360.00     1.09511      2.1635    2.305800 
   30370.00     1.09746      2.0816    2.309880 
   30380.00     1.09971      2.4271    2.318380 
   30390.00     1.10200      2.4823    2.216810 
   30400.00     1.10424      2.5376    2.219700 
   30410.00     1.10640      2.7666    2.240180 
   30420.00     1.10857      2.7163    2.240910 
   30430.00     1.11081      2.7380    2.244880 
   30440.00     1.11291      2.7478    2.248630 
   30450.00     1.11497      2.8169    2.249960 
   30460.00     1.11705      3.0311    2.251270 
   30470.00     1.11911      2.8722    2.253970 
   30480.00     1.12106      2.9916    2.256640 
   30490.00     1.12306      3.1407    2.258920 
   30500.00     1.12505      3.3410    2.259980 
   30510.00     1.12697      3.3973    2.263980 
   30520.00     1.12881      3.3766    2.264530 
   30530.00     1.13066      3.2502    2.268630 
   30540.00     1.13250      3.4289    2.270330 
   30550.00     1.13435      3.4160    2.272690 
   30560.00     1.13605      3.5365    2.276250 
   30570.00     1.13780      3.6628    2.278840 
   30580.00     1.13950      3.7615    2.283770 
   30590.00     1.14116      4.1178    2.289750 
   30600.00     1.14274      3.7418    2.296450 
   30610.00     1.14432      4.0152    2.298820 
   30620.00     1.14590      4.0714    2.297320 
   30630.00     1.14748      4.0842    2.298390 
   30640.00     1.14894      4.1879    2.301010 
   30650.00     1.15029      4.4238    2.304940 
   30660.00     1.15171      4.4208    2.308130 
   30670.00     1.15312      4.2698    2.309530 
   30680.00     1.15447      4.6340    2.311860 
   30690.00     1.15578      4.5866    2.312670 
   30700.00     1.15697      4.5995    2.309720 
   30710.00     1.15817      4.5442    2.313390 
   30720.00     1.15938      4.6725    2.316800 
   30730.00     1.16054      4.9035    2.320090 
   30740.00     1.16166      4.9844    2.320800 
   30750.00     1.16274      5.0012    2.322180 
   30760.00     1.16370      5.1729    2.324430 
   30770.00     1.16462      5.0416    2.325850 
   30780.00     1.16557      5.2045    2.326740 
   30790.00     1.16649      5.2775    2.323110 
   30800.00     1.16740      5.2331    2.325440 
   30810.00     1.16819      5.0634    2.338920 
   30820.00     1.16896      5.3022    2.348190 
   30830.00     1.16967      5.0979    2.350660 
   30840.00     1.17037      5.2252    2.352680 
   30850.00     1.17102      5.5046    2.355860 
   30860.00     1.17156      5.4710    2.357240 
   30870.00     1.17218      5.4335    2.356530 
   30880.00     1.17268      5.4700    2.357900 
   30890.00     1.17310      5.5065    2.359140 
   30900.00     1.17356      5.5243    2.355800 
   30910.00     1.17401      5.4878    2.356380 
   30920.00     1.17435      5.4532    2.357430 
   30930.00     1.17464      5.5569    2.360620 
   30940.00     1.17487      5.4828    2.359690 
   30950.00     1.17513      5.5154    2.358480 
   30960.00     1.17532      5.5766    2.359800 
   30970.00     1.17545      5.5509    2.361930 
   30980.00     1.17555      5.5440    2.362100 
   30990.00     1.17555      5.7375    2.360910 
   31000.00     1.17555      5.4947    2.364040 
   31010.00     1.17553      5.7296    2.363900 
   31020.00     1.17545      5.6092    2.362340 
   31030.00     1.17534      5.4108    2.362400 
   31040.00     1.17516      5.5213    2.363850 
   31050.00     1.17491      5.3792    2.363160 
   31060.00     1.17464      5.5697    2.361450 
   31070.00     1.17435      5.2035    2.361170 
   31080.00     1.17403      5.2766    2.361420 
   31090.00     1.17362      5.0722    2.360440 
   31100.00     1.17316      5.4305    2.359160 
   31110.00     1.17274      5.2400    2.361650 
   31120.00     1.17222      5.0742    2.360070 
   31130.00     1.17160      5.1334    2.358860 
   31140.00     1.17106      4.9972    2.360390 
   31150.00     1.17048      5.1137    2.358570 
   31160.00     1.16981      4.9666    2.357600 
   31170.00     1.16908      4.9025    2.359460 
   31180.00     1.16827      4.8186    2.358490 
   31190.00     1.16744      4.6952    2.359090 
   31200.00     1.16659      4.4593    2.361600 
   31210.00     1.16568      4.3053    2.355210 
   31220.00     1.16476      4.3172    2.353860 
   31230.00     1.16382      4.6064    2.339610 
   31240.00     1.16283      4.4149    2.327440 
   31250.00     1.16175      4.3004    2.322250 
   31260.00     1.16064      4.2007    2.320950 
   31270.00     1.15952      4.1385    2.319960 
   31280.00     1.15834      4.0813    2.319700 
   31290.00     1.15713      4.0615    2.320910 
   31300.00     1.15592      3.9500    2.318420 
   31310.00     1.15461      3.8622    2.318420 
   31320.00     1.15326      3.6105    2.315900 
   31330.00     1.15189      3.5552    2.312160 
   31340.00     1.15048      3.6667    2.309800 
   31350.00     1.14911      3.6450    2.309360 
   31360.00     1.14763      3.4545    2.311360 
   31370.00     1.14607      3.3924    2.313890 
   31380.00     1.14449      3.1495    2.313270 
   31390.00     1.14289      3.1061    2.308670 
   31400.00     1.14137      3.1417    2.303310 
   31410.00     1.13969      3.0696    2.301350 
   31420.00     1.13800      3.1456    2.291660 
   31430.00     1.13624      2.9255    2.299390 
   31440.00     1.13455      2.8120    2.282920 
   31450.00     1.13272      3.0074    2.271830 
   31460.00     1.13091      2.7528    2.268890 
   31470.00     1.12904      2.6847    2.264980 
   31480.00     1.12719      2.5741    2.261100 
   31490.00     1.12524      2.4932    2.260140 
   31500.00     1.12328      2.3491    2.263920 
   31510.00     1.12127      2.2543    2.257690 
   31520.00     1.11936      2.2504    2.254160 
   31530.00     1.11732      2.3244    2.253370 
   31540.00     1.11520      2.2366    2.254090 
   31550.00     1.11312      2.0875    2.252850 
   31560.00     1.11102      2.1862    2.250630 
   31570.00     1.10882      1.9296    2.246450 
   31580.00     1.10665      1.8270    2.236090 
   31590.00     1.10451      1.9543    2.220270 
   31600.00     1.10222      1.6769    2.218880 
   31610.00     1.09994      1.3729    2.213590 
   31620.00     1.09771      1.6019    2.210690 
   31630.00     1.09538      1.5693    2.208810 
   31640.00     1.09303      1.5417    2.208610 
   31650.00     1.09075      1.3808    2.205730 
   31660.00     1.08834      1.3946    2.202810 
   31670.00     1.08593      1.2683    2.201620 
   31680.00     1.08353      1.3295    2.199870 
   31690.00     1.08110      1.2446    2.193170 
   31700.00     1.07859      1.3976    2.170840 
   31710.00     1.07620      1.3019    2.169650 
   31720.00     1.07370      1.1588    2.164230 
   31730.00     1.07112      1.1607    2.163330 
   31740.00     1.06865      1.1666    2.159970 
   31750.00     1.06609      0.9969    2.157700 
   31760.00     1.06353      0.9357    2.155900 
   31770.00     1.06100      0.9811    2.152980 
   31780.00     1.05836      0.9367    2.148630 
   31790.00     1.05574      0.8163    2.142390 
   31800.00     1.05314      0.7995    2.133580 
   31810.00     1.05048      0.7728    2.140350 
   31820.00     1.04786      0.7560    2.121820 
   31830.00     1.04516      0.6830    2.119710 
   31840.00     1.04245      0.7630    2.120140 
   31850.00     1.03979      0.7738    2.118380 
   31860.00     1.03709      0.5458    2.115820 
   31870.00     1.03437      0.5912    2.113700 
   31880.00     1.03171      0.6001    2.113110 
   31890.00     1.02898      0.5300    2.115040 
   31900.00     1.02624      0.7264    2.112320 
   31910.00     1.02353      0.4599    2.106020 
   31920.00     1.02077      0.4442    2.120570 
   31930.00     1.01807      0.6050    2.127210 
   31940.00     1.01532      0.4975    2.128780 
   31950.00     1.01256      0.4678    2.127340 
   31960.00     1.00985      0.4599    2.120120 
   31970.00     1.00703      0.1865    2.115540 
   31980.00     1.00430      0.3109    2.115000 
   31990.00     1.00154      0.5290    2.105160 
   32000.00     0.99886      0.2379    2.101270 
   32010.00     0.99615      0.3326    2.098080 
   32020.00     0.99335      0.1708    2.097360 
   32030.00     0.99058      0.0494    2.088080 
   32040.00     0.98786     -0.0770    2.079590 
   32050.00     0.98507      0.0829    2.079560 
   32060.00     0.98233     -0.0622    2.072220 
   32070.00     0.97961     -0.0365    2.063290 
   32080.00     0.97684     -0.0780    2.064660 
   32090.00     0.97418      0.2270    2.066910 
   32100.00     0.97141      0.0513    2.060500 
   32110.00     0.96871     -0.0385    2.057650 
   32120.00     0.96603     -0.1895    2.064350 
   32130.00     0.96331     -0.1105    2.044670 
   32140.00     0.96064     -0.3504    2.035260 
   32150.00     0.95792     -0.1846    2.039810 
   32160.00     0.95520     -0.3553    2.043130 
   32170.00     0.95260     -0.3455    2.043280 
   32180.00     0.94994     -0.4599    2.042740 
   32190.00     0.94730     -0.4580    2.032050 
   32200.00     0.94472     -0.4718    2.000240 
   32210.00     0.94206     -0.4442    1.981510 
   32220.00     0.93946     -0.4145    2.016700 
   32230.00     0.93692     -0.3129    2.007800 
   32240.00     0.93432     -0.1579    1.993110 
   32250.00     0.93181     -0.1747    2.001560 
   32260.00     0.92929     -0.2625    2.007600 
   32270.00     0.92672     -0.3553    1.978140 
   32280.00     0.92428     -0.5537    1.937210 
   32290.00     0.92177     -0.4945    1.935690 
   32300.00     0.91931     -0.4629    1.930990 
   32310.00     0.91692     -0.4303    1.896360 
   32320.00     0.91451     -0.3553    1.901570 
   32330.00     0.91206     -0.3385    1.922690 
   32340.00     0.90969     -0.3553    1.884080 
   32350.00     0.90734     -0.3109    1.862930 
   32360.00     0.90501     -0.4382    1.900060 
   32370.00     0.90276     -0.3415    1.945120 
   32380.00     0.90048     -0.3445    2.105290 
   32390.00     0.89813     -0.2852    2.340300 
   32400.00     0.89592     -0.1609    1.926740 
   32410.00     0.89374     -0.1757    1.926880 
   32420.00     0.89154     -0.1332    1.942810 
   32430.00     0.88936     -0.0592    2.318340 
   32440.00     0.88732     -0.1214    2.414540 
   32450.00     0.88516     -0.3553    2.430290 
   32460.00     0.88304     -0.2625    2.463380 
   32470.00     0.88104     -0.3543    2.494090 
   32480.00     0.87906     -0.2280    2.452640 
   32490.00     0.87709     -0.3218    2.365930 
   32500.00     0.87509     -0.1352    2.412920 
   32510.00     0.87322     -0.4471    2.363890 
   32520.00     0.87131     -0.3158    2.499320 
   32530.00     0.86942     -0.1609    2.500000 
   32540.00     0.86761     -0.1836    2.394140 
   32550.00     0.86588     -0.4274    2.349430 
   32560.00     0.86410     -0.1589    2.404600 
   32570.00     0.86235     -0.1846    2.475100 
   32580.00     0.86062     -0.1856    2.500000 
   32590.00     0.85900     -0.1984    2.500000 
   32600.00     0.85740     -0.2379    2.498120 
   32610.00     0.85580     -0.2546    2.483750 
   32620.00     0.85424     -0.4590    2.500000 
   32630.00     0.85270     -0.4284    2.431420 
   32640.00     0.85129     -0.2813    2.483050 
   32650.00     0.84983     -0.3099    2.440810 
   32660.00     0.84844     -0.1293    2.408150 
   32670.00     0.84707     -0.3553    2.445870 
   32680.00     0.84572     -0.4096    2.496300 
   32690.00     0.84451     -0.2616    2.480880 
   32700.00     0.84322     -0.3583    2.420190 
   32710.00     0.84198     -0.3119    2.457690 
   32720.00     0.84083     -0.2477    2.407840 
   32730.00     0.83967     -0.3938    2.490780 
   32740.00     0.83857     -0.5379    2.380180 
   32750.00     0.83759     -0.5330    2.451460 
   32760.00     0.83653     -0.3277    2.500000 
   32770.00     0.83553     -0.4451    2.500000 
   32780.00     0.83461     -0.3672    2.500000 
   32790.00     0.83370     -0.3366    2.402240 
   32800.00     0.83285     -0.1668    2.152850 
   32810.00     0.83198     -0.4836    2.500000 
   32820.00     0.83121     -0.3642    2.500000 
   32830.00     0.83050     -0.2300    2.500000 
   32840.00     0.82990     -0.4333    2.466670 
   32850.00     0.82925     -0.4669    2.487090 
   32860.00     0.82863     -0.3395    2.423980 
   32870.00     0.82807     -0.4580    2.373730 
   32880.00     0.82750     -0.3899    2.423260 
   32890.00     0.82703     -0.4501    2.500000 
   32900.00     0.82663     -0.6169    2.500000 
   32910.00     0.82622     -0.4175    2.500000 
   32920.00     0.82584     -0.3395    2.500000 
   32930.00     0.82553     -0.4787    2.107480 
   32940.00     0.82528     -0.3642    2.306280 
   32950.00     0.82507     -0.3297    2.176030 
   32960.00     0.82491     -0.4866    2.251950 
   32970.00     0.82480     -0.2843    2.355440 
   32980.00     0.82470     -0.3662    2.353180 
   32990.00     0.82466     -0.4284    2.356190 
   33000.00     0.82466     -0.5774    2.355170 
   33010.00     0.82464     -0.4224    2.363370 
   33020.00     0.82476     -0.2704    2.374880 
   33030.00     0.82491     -0.2783    2.352460 
   33040.00     0.82507     -0.2596    2.359960 
   33050.00     0.82526     -0.3376    2.356490 
   33060.00     0.82547     -0.4718    2.358030 
   33070.00     0.82578     -0.4195    2.365440 
   33080.00     0.82617     -0.1145    2.363580 
   33090.00     0.82661     -0.3691    2.277080 
   33100.00     0.82701     -0.1510    2.127400 
   33110.00     0.82744     -0.1076    2.500000 
   33120.00     0.82802     -0.2023    2.500000 
   33130.00     0.82854     -0.1471    2.500000 
   33140.00     0.82915     -0.2744    2.486750 
   33150.00     0.82981     -0.1836    2.405360 
   33160.00     0.83046     -0.4126    2.451770 
   33170.00     0.83116     -0.3701    2.192310 
   33180.00     0.83189     -0.4244    2.070220 
   33190.00     0.83272     -0.3761    2.394520 
   33200.00     0.83358     -0.2171    2.486910 
   33210.00     0.83453     -0.2783    2.473940 
   33220.00     0.83545     -0.2329    2.099150 
   33230.00     0.83644     -0.1431    2.481960 
   33240.00     0.83746     -0.3366    2.498080 
   33250.00     0.83842     -0.1895    2.499380 
   33260.00     0.83954     -0.2231    2.500000 
   33270.00     0.84069     -0.0888    2.486960 
   33280.00     0.84187     -0.1875    2.484930 
   33290.00     0.84310      0.0336    2.459690 
   33300.00     0.84435     -0.2290    2.386010 
   33310.00     0.84557     -0.0780    2.492810 
   33320.00     0.84692     -0.3909    2.404170 
   33330.00     0.84830     -0.2438    2.409710 
   33340.00     0.84969     -0.2073    2.362110 
   33350.00     0.85112     -0.1224    2.357650 
   33360.00     0.85254     -0.2606    2.365500 
   33370.00     0.85405      0.0266    2.437230 
   33380.00     0.85561     -0.2902    2.467890 
   33390.00     0.85723     -0.1500    2.445460 
   33400.00     0.85886     -0.3129    2.500000 
   33410.00     0.86042     -0.4175    2.500000 
   33420.00     0.86216     -0.4086    2.500000 
   33430.00     0.86389     -0.1332    2.500000 
   33440.00     0.86566     -0.4353    2.500000 
   33450.00     0.86744     -0.2448    2.447130 
   33460.00     0.86927     -0.1431    2.474620 
   33470.00     0.87112     -0.1066    2.426080 
   33480.00     0.87301     -0.1471    2.419110 
   33490.00     0.87486     -0.4205    2.500000 
   33500.00     0.87684     -0.0158    2.500000 
   33510.00     0.87884     -0.1935    2.487630 
   33520.00     0.88087     -0.2310    2.362520 
   33530.00     0.88283     -0.1066    2.374930 
   33540.00     0.88493     -0.3089    2.483770 
   33550.00     0.88705     -0.3415    2.493580 
   33560.00     0.88913     -0.2181    2.495970 
   33570.00     0.89131     -0.1451    2.499230 
   33580.00     0.89351     -0.2645    2.443310 
   33590.00     0.89570     -0.4461    2.218120 
   33600.00     0.89790     -0.3820    1.899680 
   33610.00     0.90019     -0.2398    1.961120 
   33620.00     0.90249     -0.2961    2.500000 
   33630.00     0.90474     -0.1184    1.937290 
   33640.00     0.90709     -0.3050    1.930940 
   33650.00     0.90946     -0.1431    1.932840 
   33660.00     0.91179     -0.1165    1.940390 
   33670.00     0.91420     -0.2102    1.945650 
   33680.00     0.91665     -0.2112    1.909490 
   33690.00     0.91906     -0.1441    1.862030 
   33700.00     0.92152     -0.1332    1.886170 
   33710.00     0.92401     -0.0326    1.965320 
   33720.00     0.92644     -0.0938    1.930690 
   33730.00     0.92898     -0.0780    1.925200 
   33740.00     0.93152      0.0967    1.913930 
   33750.00     0.93403     -0.1984    1.980140 
   33760.00     0.93667     -0.0128    1.963630 
   33770.00     0.93923      0.0227    1.949780 
   33780.00     0.94177     -0.0217    1.961590 
   33790.00     0.94439      0.0138    1.976240 
   33800.00     0.94701     -0.0375    1.985910 
   33810.00     0.94967      0.0711    1.993490 
   33820.00     0.95235     -0.0168    1.989570 
   33830.00     0.95493      0.0612    1.987150 
   33840.00     0.95761      0.1737    1.990430 
   33850.00     0.96033      0.3188    2.020470 
   33860.00     0.96299      0.1836    2.038420 
   33870.00     0.96572     -0.0415    2.044540 
   33880.00     0.96842      0.1737    2.043910 
   33890.00     0.97112      0.1895    2.040920 
   33900.00     0.97387      0.0474    2.037710 
   33910.00     0.97651      0.0582    2.034400 
   33920.00     0.97931      0.1510    2.041280 
   33930.00     0.98206      0.1816    2.046810 
   33940.00     0.98480      0.2754    2.055980 
   33950.00     0.98757      0.3682    2.079210 
   33960.00     0.99029      0.2438    2.092650 
   33970.00     0.99303      0.5488    2.097520 
   33980.00     0.99582      0.5211    2.100190 
   33990.00     0.99855      0.4382    2.102430 
   34000.00     1.00125      0.6504    2.097630 
   34010.00     1.00399      0.4955    2.082730 
   34020.00     1.00672      0.6435    2.093930 
   34030.00     1.00950      0.6129    2.127380 
   34040.00     1.01225      0.6583    2.126820 
   34050.00     1.01501      0.7146    2.119730 
   34060.00     1.01780      0.5962    2.123340 
   34070.00     1.02048      0.8419    2.135260 
   34080.00     1.02322      0.7195    2.129720 
   34090.00     1.02593      0.8103    2.137490 
   34100.00     1.02865      0.6870    2.176720 
   34110.00     1.03141      0.7264    2.184570 
   34120.00     1.03410      0.8024    2.182920 
   34130.00     1.03682      0.8962    2.186580 
   34140.00     1.03952      1.0749    2.190270 
   34150.00     1.04212      0.9712    2.190180 
   34160.00     1.04484      0.9712    2.192260 
   34170.00     1.04757      1.1380    2.202300 
   34180.00     1.05021      1.1351    2.215730 
   34190.00     1.05287      1.0077    2.226320 
   34200.00     1.05545      1.0798    2.231920 
   34210.00     1.05805      1.1706    2.234870 
   34220.00     1.06069      1.1953    2.239130 
   34230.00     1.06322      1.2584    2.237240 
   34240.00     1.06582      1.4341    2.244270 
   34250.00     1.06842      1.3078    2.261940 
   34260.00     1.07085      1.5378    2.275800 
   34270.00     1.07337      1.4144    2.284840 
   34280.00     1.07592      1.5131    2.289280 
   34290.00     1.07834      1.5703    2.290440 
   34300.00     1.08085      1.8546    2.291560 
   34310.00     1.08328      1.7490    2.295030 
   34320.00     1.08565      1.9049    2.296180 
   34330.00     1.08807      1.9128    2.294310 
   34340.00     1.09048      1.8270    2.297210 
   34350.00     1.09277      2.0056    2.304930 
   34360.00     1.09513      2.1467    2.236750 
   34370.00     1.09748      2.0915    2.283560 
   34380.00     1.09971      2.4744    2.270450 
   34390.00     1.10197      2.1961    2.217190 
   34400.00     1.10422      2.3836    2.233800 
   34410.00     1.10642      2.5425    2.261330 
   34420.00     1.10861      2.6442    2.236770 
   34430.00     1.11081      2.6511    2.244720 
   34440.00     1.11291      2.7360    2.249550 
   34450.00     1.11497      2.8021    2.251960 
   34460.00     1.11705      2.7626    2.254140 
   34470.00     1.11909      3.0686    2.254310 
   34480.00     1.12108      2.8633    2.256250 
   34490.00     1.12310      2.8840    2.259350 
   34500.00     1.12505      2.9610    2.261430 
   34510.00     1.12696      2.9788    2.263390 
   34520.00     1.12879      3.0104    2.266330 
   34530.00     1.13069      3.1160    2.267460 
   34540.00     1.13256      3.3835    2.269230 
   34550.00     1.13437      3.3025    2.277550 
   34560.00     1.13605      3.5759    2.277870 
   34570.00     1.13778      3.5226    2.282020 
   34580.00     1.13948      3.4486    2.286810 
   34590.00     1.14118      3.6707    2.290150 
   34600.00     1.14274      3.6470    2.293020 
   34610.00     1.14434      3.9056    2.296150 
   34620.00     1.14590      3.9263    2.299710 
   34630.00     1.14744      3.9224    2.297210 
   34640.00     1.14892      4.1267    2.300800 
   34650.00     1.15033      3.9658    2.306050 
   34660.00     1.15173      4.1701    2.307980 
   34670.00     1.15314      4.3024    2.310040 
   34680.00     1.15445      4.4800    2.310370 
   34690.00     1.15576      4.5965    2.309880 
   34700.00     1.15697      4.6014    2.310210 
   34710.00     1.15817      4.6340    2.311790 
   34720.00     1.15938      4.6311    2.315570 
   34730.00     1.16054      4.6666    2.320100 
   34740.00     1.16166      4.7149    2.320100 
   34750.00     1.16270      4.8482    2.323190 
   34760.00     1.16370      4.8660    2.321960 
   34770.00     1.16466      5.1255    2.322180 
   34780.00     1.16561      4.9716    2.323550 
   34790.00     1.16651      5.1621    2.326250 
   34800.00     1.16736      5.1157    2.331970 
   34810.00     1.16817      5.0999    2.339790 
   34820.00     1.16896      5.2923    2.344450 
   34830.00     1.16969      5.3308    2.351680 
   34840.00     1.17039      5.3535    2.352600 
   34850.00     1.17104      5.4601    2.357350 
   34860.00     1.17152      5.5105    2.356390 
   34870.00     1.17214      5.4858    2.356260 
   34880.00     1.17264      5.6072    2.358210 
   34890.00     1.17312      5.8145    2.359820 
   34900.00     1.17360      5.7365    2.358750 
   34910.00     1.17399      5.6487    2.356830 
   34920.00     1.17432      5.7780    2.359500 
   34930.00     1.17461      5.5559    2.360830 
   34940.00     1.17484      5.7168    2.359770 
   34950.00     1.17511      5.6950    2.358540 
   34960.00     1.17532      5.7039    2.360200 
   34970.00     1.17545      5.6812    2.361930 
   34980.00     1.17555      5.5786    2.361820 
   34990.00     1.17553      5.6704    2.362130 
   35000.00     1.17553      5.4819    2.362870 
   35010.00     1.17555      5.5144    2.362260 
   35020.00     1.17547      5.5855    2.362030 
   35030.00     1.17536      5.4819    2.362820 
   35040.00     1.17516      5.3417    2.362670 
   35050.00     1.17489      5.2933    2.362950 
   35060.00     1.17464      5.3535    2.362130 
   35070.00     1.17435      5.3121    2.362120 
   35080.00     1.17403      5.2618    2.362120 
   35090.00     1.17364      5.3535    2.361920 
   35100.00     1.17316      5.2262    2.361970 
   35110.00     1.17270      5.1009    2.362100 
   35120.00     1.17220      5.0673    2.360810 
   35130.00     1.17160      5.0387    2.357850 
   35140.00     1.17110      5.0999    2.359770 
   35150.00     1.17048      4.9508    2.357810 
   35160.00     1.16977      4.9380    2.360850 
   35170.00     1.16904      4.8442    2.357220 
   35180.00     1.16825      4.7090    2.356880 
   35190.00     1.16746      4.6241    2.358670 
   35200.00     1.16659      4.5245    2.358350 
   35210.00     1.16570      4.5116    2.356140 
   35220.00     1.16476      4.4021    2.353560 
   35230.00     1.16378      4.3330    2.342800 
   35240.00     1.16281      4.3024    2.327270 
   35250.00     1.16177      4.1652    2.323160 
   35260.00     1.16069      3.9135    2.323220 
   35270.00     1.15954      3.9786    2.320400 
   35280.00     1.15832      3.9234    2.319180 
   35290.00     1.15709      3.8829    2.319860 
   35300.00     1.15590      3.9767    2.319700 
   35310.00     1.15461      3.5967    2.317690 
   35320.00     1.15328      3.9076    2.315470 
   35330.00     1.15191      3.6924    2.311930 
   35340.00     1.15046      3.5365    2.310330 
   35350.00     1.14908      3.3993    2.308040 
   35360.00     1.14759      3.2107    2.312960 
   35370.00     1.14607      3.2650    2.312130 
   35380.00     1.14451      3.1851    2.312240 
   35390.00     1.14291      3.0943    2.308500 
   35400.00     1.14135      3.0499    2.303350 
   35410.00     1.13967      3.0341    2.300270 
   35420.00     1.13796      2.8850    2.296770 
   35430.00     1.13622      3.0124    2.300380 
   35440.00     1.13453      2.6945    2.297360 
   35450.00     1.13274      2.8199    2.285480 
   35460.00     1.13089      2.6057    2.267930 
   35470.00     1.12900      2.4715    2.261920 
   35480.00     1.12715      2.4725    2.260420 
   35490.00     1.12526      2.3234    2.263170 
   35500.00     1.12331      2.2918    2.262830 
   35510.00     1.12131      2.2395    2.257620 
   35520.00     1.11934      2.2089    2.256560 
   35530.00     1.11728      2.1606    2.254330 
   35540.00     1.11518      1.9178    2.256320 
   35550.00     1.11312      1.6779    2.252820 
   35560.00     1.11102      1.6730    2.251750 
   35570.00     1.10884      1.7835    2.244470 
   35580.00     1.10665      1.8378    2.231780 
   35590.00     1.10447      1.7875    2.222470 
   35600.00     1.10220      1.6888    2.217350 
   35610.00     1.09994      1.5536    2.213950 
   35620.00     1.09775      1.5950    2.212610 
   35630.00     1.09539      1.4243    2.210820 
   35640.00     1.09303      1.4322    2.208710 
   35650.00     1.09073      1.3877    2.206190 
   35660.00     1.08832      1.3157    2.203620 
   35670.00     1.08593      1.0857    2.201960 
   35680.00     1.08353      1.3088    2.198020 
   35690.00     1.08110      1.2693    2.191680 
   35700.00     1.07861      1.1430    2.179950 
   35710.00     1.07617      1.2150    2.167120 
   35720.00     1.07366      1.1854    2.162840 
   35730.00     1.07112      0.9840    2.161750 
   35740.00     1.06867      1.0245    2.160490 
   35750.00     1.06611      0.9880    2.156600 
   35760.00     1.06351      0.8834    2.226480 
   35770.00     1.06098      0.7580    2.175480 
   35780.00     1.05832      0.9535    2.150510 
   35790.00     1.05574      0.5508    2.143980 
   35800.00     1.05316      0.7373    2.137000 
   35810.00     1.05050      0.4254    2.128330 
   35820.00     1.04786      0.7343    2.120900 
   35830.00     1.04514      0.7472    2.119600 
   35840.00     1.04243      0.6909    2.120970 
   35850.00     1.03981      0.7333    2.114210 
   35860.00     1.03713      0.6988    2.115850 
   35870.00     1.03441      0.5359    2.111040 
   35880.00     1.03171      0.4501    2.110840 
   35890.00     1.02896      0.2695    2.114280 
   35900.00     1.02624      0.3030    2.111710 
   35910.00     1.02355      0.1451    2.111610 
   35920.00     1.02079      0.4836    2.123870 
   35930.00     1.01807      0.5024    2.123410 
   35940.00     1.01532      0.1471    2.128600 
   35950.00     1.01256      0.3208    2.129060 
   35960.00     1.00981      0.4629    2.117110 
   35970.00     1.00703      0.2250    2.115160 
   35980.00     1.00432      0.0957    2.109440 
   35990.00     1.00158      0.2023    2.104060 
   36000.00     0.99886      0.1076    2.101910 
   36010.00     0.99613      0.1935    2.098940 
   36020.00     0.99333      0.1905    2.092630 
   36030.00     0.99058      0.1234    2.088790 
   36040.00     0.98788      0.1708    2.082180 
   36050.00     0.98509      0.1658    2.075960 
   36060.00     0.98237     -0.0740    2.064420 
   36070.00     0.97960      0.0908    2.063620 
   36080.00     0.97682      0.1786    2.065200 
   36090.00     0.97418      0.2152    2.063970 
   36100.00     0.97145      0.0908    2.060450 
   36110.00     0.96873     -0.1017    2.057530 
   36120.00     0.96603     -0.2369    2.054720 
   36130.00     0.96329      0.2073    2.046860 
   36140.00     0.96062     -0.0128    2.038030 
   36150.00     0.95792      0.1757    2.041170 
   36160.00     0.95522      0.0632    2.043390 
   36170.00     0.95262      0.1125    2.044340 
   36180.00     0.94996     -0.0503    2.042840 
   36190.00     0.94728     -0.2645    2.023410 
   36200.00     0.94468     -0.1678    1.997190 
   36210.00     0.94206     -0.0691    1.991950 
   36220.00     0.93952     -0.0326    2.009620 
   36230.00     0.93696      0.0859    2.009240 
   36240.00     0.93434      0.0375    1.994750 
   36250.00     0.93179      0.0819    1.987760 
   36260.00     0.92927     -0.1747    2.007700 
   36270.00     0.92672     -0.1244    1.960860 
   36280.00     0.92428     -0.0355    1.942200 
   36290.00     0.92179     -0.0513    1.936940 
   36300.00     0.91933     -0.0691    1.916870 
   36310.00     0.91692     -0.1786    1.897420 
   36320.00     0.91447     -0.0247    1.905610 
   36330.00     0.91206     -0.1836    1.915140 
   36340.00     0.90971     -0.1638    1.866760 
   36350.00     0.90736     -0.0730    1.866760 
   36360.00     0.90501     -0.0928    1.937470 
   36370.00     0.90274     -0.2033    1.950710 
   36380.00     0.90046     -0.0957    2.254750 
   36390.00     0.89813     -0.1283    2.451920 
   36400.00     0.89592     -0.2053    2.221370 
   36410.00     0.89374     -0.2487    1.934780 
   36420.00     0.89156      0.0454    2.060070 
   36430.00     0.88936     -0.0819    2.296360 
   36440.00     0.88728     -0.0938    1.954610 
   36450.00     0.88516      0.0326    2.413480 
   36460.00     0.88308     -0.2073    2.485200 
   36470.00     0.88110      0.0888    2.498260 
   36480.00     0.87908     -0.0207    2.409770 
   36490.00     0.87705     -0.1816    2.450150 
   36500.00     0.87509     -0.0888    2.433990 
   36510.00     0.87322     -0.1530    2.417980 
   36520.00     0.87131     -0.3030    2.500000 
   36530.00     0.86944     -0.1155    2.474710 
   36540.00     0.86763     -0.2813    2.350910 
   36550.00     0.86588     -0.0543    2.345430 
   36560.00     0.86408     -0.1204    2.359420 
   36570.00     0.86235     -0.0967    2.476940 
   36580.00     0.86064      0.0109    2.500000 
   36590.00     0.85904     -0.1332    2.500000 
   36600.00     0.85742     -0.0572    2.492600 
   36610.00     0.85580     -0.0957    2.268970 
   36620.00     0.85422     -0.0691    2.100670 
   36630.00     0.85270     -0.1234    2.483740 
   36640.00     0.85129      0.0286    2.413110 
   36650.00     0.84985      0.1293    2.500000 
   36660.00     0.84846     -0.2537    2.410500 
   36670.00     0.84707     -0.0938    2.486020 
   36680.00     0.84570     -0.0266    2.403320 
   36690.00     0.84449     -0.3178    2.364430 
   36700.00     0.84324      0.0049    2.387660 
   36710.00     0.84202     -0.0188    2.414890 
   36720.00     0.84083     -0.1619    2.442260 
   36730.00     0.83965     -0.0296    2.471330 
   36740.00     0.83855     -0.2813    2.349140 
   36750.00     0.83757     -0.2734    2.349700 
   36760.00     0.83655     -0.0257    2.494740 
   36770.00     0.83555      0.0977    2.500000 
   36780.00     0.83462     -0.0790    2.500000 
   36790.00     0.83368     -0.1500    2.499610 
   36800.00     0.83281     -0.1165    2.499710 
   36810.00     0.83198     -0.1273    2.492340 
   36820.00     0.83125     -0.0355    2.485840 
   36830.00     0.83056     -0.1964    2.495770 
   36840.00     0.82990     -0.1431    2.495220 
   36850.00     0.82923     -0.0681    2.473300 
   36860.00     0.82861     -0.1925    2.413950 
   36870.00     0.82805     -0.3198    2.488130 
   36880.00     0.82750     -0.1017    2.500000 
   36890.00     0.82705     -0.3178    2.500000 
   36900.00     0.82663     -0.2773    2.281950 
   36910.00     0.82622     -0.2043    2.263610 
   36920.00     0.82582     -0.2063    2.442030 
   36930.00     0.82553     -0.2132    2.353700 
   36940.00     0.82530     -0.2971    2.486070 
   36950.00     0.82511     -0.0908    2.360690 
   36960.00     0.82493     -0.2448    2.370660 
   36970.00     0.82480     -0.2468    2.361010 
   36980.00     0.82468     -0.2922    2.351210 
   36990.00     0.82466     -0.0523    2.352530 
   37000.00     0.82468     -0.2912    2.331550 
   37010.00     0.82470     -0.1846    2.319470 
   37020.00     0.82478     -0.1619    2.284340 
   37030.00     0.82491     -0.2783    2.227910 
   37040.00     0.82505     -0.0415    2.354970 
   37050.00     0.82524      0.0474    2.375180 
   37060.00     0.82551     -0.0553    2.347560 
   37070.00     0.82582     -0.2951    2.364680 
   37080.00     0.82618     -0.3672    2.354490 
   37090.00     0.82659     -0.1332    2.358530 
   37100.00     0.82697     -0.1599    2.438750 
   37110.00     0.82744     -0.2142    2.500000 
   37120.00     0.82802     -0.1984    2.500000 
   37130.00     0.82855     -0.1984    2.467800 
   37140.00     0.82919     -0.2724    2.373330 
   37150.00     0.82983     -0.2606    2.500000 
   37160.00     0.83042     -0.0553    2.500000 
   37170.00     0.83114     -0.0454    2.381070 
   37180.00     0.83191     -0.3119    2.469790 
   37190.00     0.83277     -0.2695    2.395130 
   37200.00     0.83360     -0.1372    2.418580 
   37210.00     0.83451     -0.1017    2.480920 
   37220.00     0.83543     -0.1500    2.353720 
   37230.00     0.83642     -0.2063    2.188100 
   37240.00     0.83748     -0.0770    2.500000 
   37250.00     0.83844      0.0178    2.500000 
   37260.00     0.83956     -0.1619    2.500000 
   37270.00     0.84071     -0.0878    2.361630 
   37280.00     0.84187     -0.0158    2.469420 
   37290.00     0.84306     -0.1046    2.402380 
   37300.00     0.84435     -0.1254    2.428290 
   37310.00     0.84561     -0.0533    2.448410 
   37320.00     0.84694     -0.2092    2.409340 
   37330.00     0.84829     -0.0938    2.428800 
   37340.00     0.84967     -0.2162    2.483340 
   37350.00     0.85112     -0.1194    2.376450 
   37360.00     0.85256     -0.0711    2.372440 
   37370.00     0.85407     -0.1332    2.366990 
   37380.00     0.85565      0.0385    2.396460 
   37390.00     0.85723      0.0000    2.407320 
   37400.00     0.85884     -0.0523    2.462200 
   37410.00     0.86042     -0.2083    2.487100 
   37420.00     0.86218      0.1165    2.476790 
   37430.00     0.86393      0.0563    2.487720 
   37440.00     0.86568     -0.1115    2.499110 
   37450.00     0.86742     -0.1214    2.494110 
   37460.00     0.86925     -0.2241    2.500000 
   37470.00     0.87110     -0.1224    2.332320 
   37480.00     0.87301     -0.1313    2.467370 
   37490.00     0.87487     -0.0523    2.500000 
   37500.00     0.87686     -0.1352    2.500000 
   37510.00     0.87884     -0.1579    2.433420 
   37520.00     0.88085     -0.1342    2.362200 
   37530.00     0.88279     -0.1372    2.400530 
   37540.00     0.88491     -0.0553    2.500000 
   37550.00     0.88709     -0.3435    2.499220 
   37560.00     0.88915     -0.2201    2.484440 
   37570.00     0.89131     -0.1796    2.053570 
   37580.00     0.89349     -0.1490    2.416630 
   37590.00     0.89566     -0.1421    2.405960 
   37600.00     0.89790     -0.0642    2.084510 
   37610.00     0.90021      0.0651    2.193550 
   37620.00     0.90250     -0.0878    2.281050 
   37630.00     0.90474     -0.1579    1.932560 
   37640.00     0.90709     -0.0266    1.933770 
   37650.00     0.90944     -0.0523    1.923670 
   37660.00     0.91179      0.0760    1.933140 
   37670.00     0.91422      0.1421    1.941690 
   37680.00     0.91667     -0.2931    1.873340 
   37690.00     0.91904      0.0227    1.859740 
   37700.00     0.92150      0.1007    1.921400 
   37710.00     0.92401      0.0839    1.964460 
   37720.00     0.92645     -0.0533    1.951780 
   37730.00     0.92900      0.0592    1.926050 
   37740.00     0.93152     -0.0217    1.936140 
   37750.00     0.93401      0.1678    1.977040 
   37760.00     0.93665      0.1204    1.947940 
   37770.00     0.93919      0.0118    1.946620 
   37780.00     0.94177      0.0622    1.963580 
   37790.00     0.94443      0.0701    1.977470 
   37800.00     0.94701      0.0543    1.994040 
   37810.00     0.94965      0.1421    1.998740 
   37820.00     0.95233      0.3524    1.992050 
   37830.00     0.95491      0.1619    1.987300 
   37840.00     0.95763      0.2221    1.992890 
   37850.00     0.96033      0.2527    2.009400 
   37860.00     0.96301      0.3849    2.044830 
   37870.00     0.96572      0.3889    2.045860 
   37880.00     0.96840      0.5962    2.044460 
   37890.00     0.97108      0.6682    2.047970 
   37900.00     0.97387      0.4669    2.037630 
   37910.00     0.97657      0.2852    2.033330 
   37920.00     0.97931      0.3563    2.039320 
   37930.00     0.98204      0.4047    2.046910 
   37940.00     0.98476      0.5290    2.054500 
   37950.00     0.98755      0.4590    2.067880 
   37960.00     0.99029      0.4313    2.100830 
   37970.00     0.99303      0.4254    2.095210 
   37980.00     0.99584      0.7205    2.097550 
   37990.00     0.99855      0.5310    2.104960 
   38000.00     1.00123      0.6337    2.101730 
   38010.00     1.00397      0.5942    2.092220 
   38020.00     1.00672      0.6268    2.101910 
   38030.00     1.00954      0.6327    2.124710 
   38040.00     1.01227      0.6682    2.125720 
   38050.00     1.01503      0.6633    2.110310 
   38060.00     1.01778      0.7738    2.120670 
   38070.00     1.02046      0.9219    2.140510 
   38080.00     1.02322      0.8992    2.123320 
   38090.00     1.02595      0.7817    2.117200 
   38100.00     1.02865      1.0146    2.157780 
   38110.00     1.03141      1.0087    2.179750 
   38120.00     1.03408      1.2959    2.183230 
   38130.00     1.03678      1.3404    2.188020 
   38140.00     1.03952      1.2624    2.189200 
   38150.00     1.04216      1.1351    2.187590 
   38160.00     1.04486      1.0897    2.192540 
   38170.00     1.04757      1.1459    2.206050 
   38180.00     1.05019      1.2683    2.210980 
   38190.00     1.05283      1.1696    2.225330 
   38200.00     1.05545      1.2496    2.233370 
   38210.00     1.05805      1.2831    2.235580 
   38220.00     1.06071      1.4706    2.235240 
   38230.00     1.06324      1.3611    2.239100 
   38240.00     1.06580      1.5170    2.249200 
   38250.00     1.06836      1.5782    2.255360 
   38260.00     1.07085      1.4894    2.269230 
   38270.00     1.07341      1.6947    2.288060 
   38280.00     1.07593      1.8635    2.288330 
   38290.00     1.07834      1.8072    2.289200 
   38300.00     1.08083      1.8023    2.292310 
   38310.00     1.08328      1.8072    2.294560 
   38320.00     1.08565      2.0332    2.296130 
   38330.00     1.08807      2.1033    2.296950 
   38340.00     1.09050      2.1912    2.297270 
   38350.00     1.09277      2.2356    2.299980 
   38360.00     1.09513      2.2593    2.300040 
   38370.00     1.09744      2.2800    2.295230 
   38380.00     1.09971      2.2770    2.222180 
   38390.00     1.10198      2.3175    2.217540 
   38400.00     1.10426      2.4399    2.232750 
   38410.00     1.10642      2.4113    2.241120 
   38420.00     1.10857      2.8031    2.243920 
   38430.00     1.11079      2.6314    2.246760 
   38440.00     1.11291      2.6136    2.249510 
   38450.00     1.11495      2.9275    2.251650 
   38460.00     1.11705      3.0143    2.252060 
   38470.00     1.11913      3.0666    2.252660 
   38480.00     1.12106      3.1219    2.256700 
   38490.00     1.12304      3.0262    2.259290 
   38500.00     1.12503      3.3173    2.260780 
   38510.00     1.12697      3.3262    2.262000 
   38520.00     1.12882      3.4210    2.263880 
   38530.00     1.13071      3.4170    2.266990 
   38540.00     1.13254      3.6756    2.270560 
   38550.00     1.13434      3.5463    2.273090 
   38560.00     1.13603      3.5651    2.276520 
   38570.00     1.13778      3.7773    2.273860 
   38580.00     1.13950      3.8622    2.284080 
   38590.00     1.14119      4.1316    2.290540 
   38600.00     1.14274      4.0981    2.294130 
   38610.00     1.14432      4.0073    2.296780 
   38620.00     1.14588      3.9145    2.297600 
   38630.00     1.14746      4.0191    2.297780 
   38640.00     1.14898      4.3359    2.300030 
   38650.00     1.15033      4.3794    2.304170 
   38660.00     1.15173      4.5679    2.307400 
   38670.00     1.15310      4.6597    2.309880 
   38680.00     1.15445      4.6409    2.309730 
   38690.00     1.15578      4.6133    2.309600 
   38700.00     1.15699      4.6765    2.310330 
   38710.00     1.15819      4.6409    2.314390 
   38720.00     1.15940      4.8887    2.316740 
   38730.00     1.16052      4.9538    2.318760 
   38740.00     1.16166      4.9666    2.322610 
   38750.00     1.16272      4.8995    2.323630 
   38760.00     1.16372      5.0979    2.323840 
   38770.00     1.16466      5.2410    2.325130 
   38780.00     1.16559      5.0081    2.326000 
   38790.00     1.16649      5.1927    2.326180 
   38800.00     1.16734      5.3141    2.334280 
   38810.00     1.16817      5.2993    2.338180 
   38820.00     1.16898      5.1660    2.344960 
   38830.00     1.16971      5.3447    2.351440 
   38840.00     1.17039      5.4286    2.353230 
   38850.00     1.17102      5.4384    2.356360 
   38860.00     1.17152      5.5194    2.356080 
   38870.00     1.17216      5.5026    2.355650 
   38880.00     1.17270      5.7247    2.357400 
   38890.00     1.17314      5.7010    2.356970 
   38900.00     1.17358      5.8293    2.357320 
   38910.00     1.17397      5.6546    2.357770 
   38920.00     1.17432      5.6210    2.358960 
   38930.00     1.17461      5.7355    2.360420 
   38940.00     1.17486      5.6437    2.361010 
   38950.00     1.17513      5.7365    2.360660 
   38960.00     1.17532      5.7385    2.360580 
   38970.00     1.17543      5.6625    2.361150 
   38980.00     1.17553      5.7316    2.362620 
   38990.00     1.17555      5.5085    2.362020 
   39000.00     1.17557      5.5707    2.363500 
   39010.00     1.17555      5.6605    2.363560 
   39020.00     1.17547      5.4483    2.362730 
   39030.00     1.17534      5.6102    2.362970 
   39040.00     1.17514      5.3723    2.364000 
   39050.00     1.17487      5.5006    2.363420 
   39060.00     1.17466      5.4167    2.361640 
   39070.00     1.17437      5.3822    2.363740 
   39080.00     1.17403      5.3901    2.362700 
   39090.00     1.17362      5.3960    2.362670 
   39100.00     1.17316      5.4256    2.360710 
   39110.00     1.17272      5.2331    2.360370 
   39120.00     1.17224      5.3279    2.360450 
   39130.00     1.17164      5.3180    2.360320 
   39140.00     1.17110      5.0209    2.359600 
   39150.00     1.17046      4.9568    2.358750 
   39160.00     1.16977      4.8758    2.360440 
   39170.00     1.16906      4.8117    2.358090 
   39180.00     1.16827      4.8551    2.356890 
   39190.00     1.16748      4.7061    2.359940 
   39200.00     1.16661      4.7337    2.355600 
   39210.00     1.16566      4.5057    2.360220 
   39220.00     1.16474      4.4721    2.343990 
   39230.00     1.16383      4.4090    2.327490 
   39240.00     1.16285      4.4317    2.325920 
   39250.00     1.16179      4.2392    2.322160 
   39260.00     1.16066      4.2511    2.321210 
   39270.00     1.15952      4.0112    2.320250 
   39280.00     1.15830      3.9313    2.318280 
   39290.00     1.15709      3.8365    2.320830 
   39300.00     1.15592      3.7822    2.318800 
   39310.00     1.15462      3.8099    2.317810 
   39320.00     1.15328      3.7299    2.314780 
   39330.00     1.15187      3.7733    2.311130 
   39340.00     1.15046      3.4555    2.309210 
   39350.00     1.14909      3.4210    2.310150 
   39360.00     1.14763      3.3094    2.314440 
   39370.00     1.14609      3.3312    2.312010 
   39380.00     1.14451      3.2325    2.310940 
   39390.00     1.14291      3.0874    2.308210 
   39400.00     1.14135      2.9512    2.302860 
   39410.00     1.13967      2.9492    2.299630 
   39420.00     1.13800      2.9314    2.302920 
   39430.00     1.13626      2.8880    2.304620 
   39440.00     1.13455      2.9976    2.291810 
   39450.00     1.13272      2.8554    2.270270 
   39460.00     1.13087      2.7074    2.268200 
   39470.00     1.12902      2.4577    2.262690 
   39480.00     1.12719      2.4952    2.260130 
   39490.00     1.12528      2.4241    2.262470 
   39500.00     1.12331      2.4251    2.259690 
   39510.00     1.12127      2.4912    2.258600 
   39520.00     1.11933      2.4942    2.256790 
   39530.00     1.11728      2.2879    2.254990 
   39540.00     1.11520      2.2464    2.253520 
   39550.00     1.11314      2.0451    2.252310 
   39560.00     1.11104      1.9967    2.251630 
   39570.00     1.10882      2.0698    2.241890 
   39580.00     1.10663      2.1596    2.232510 
   39590.00     1.10449      1.9533    2.221130 
   39600.00     1.10225      1.7855    2.218900 
   39610.00     1.09998      1.8812    2.214490 
   39620.00     1.09773      1.8131    2.211080 
   39630.00     1.09538      1.6838    2.209000 
   39640.00     1.09301      1.6710    2.207890 
   39650.00     1.09073      1.4953    2.206350 
   39660.00     1.08834      1.4193    2.202280 
   39670.00     1.08593      1.4756    2.202860 
   39680.00     1.08355      1.5082    2.197270 
   39690.00     1.08110      1.2496    2.189220 
   39700.00     1.07859      1.2209    2.173980 
   39710.00     1.07618      1.2811    2.166040 
   39720.00     1.07370      1.1232    2.163610 
   39730.00     1.07116      1.0551    2.163600 
   39740.00     1.06867      0.9643    2.161310 
   39750.00     1.06609      1.0561    2.156220 
   39760.00     1.06351      1.1252    2.154560 
   39770.00     1.06100      0.9821    2.154330 
   39780.00     1.05834      1.1272    2.145690 
   39790.00     1.05576      1.0541    2.139130 
   39800.00     1.05316      1.2071    2.142800 
   39810.00     1.05046      1.0028    2.127780 
   39820.00     1.04782      0.9732    2.119680 
   39830.00     1.04514      0.8765    2.119590 
   39840.00     1.04249      0.7955    2.118410 
   39850.00     1.03983      0.8626    2.114220 
   39860.00     1.03711      0.7373    2.113280 
   39870.00     1.03437      0.7235    2.114950 
   39880.00     1.03168      0.6041    2.107850 
   39890.00     1.02896      0.7245    2.113330 
   39900.00     1.02624      0.8320    2.117090 
   39910.00     1.02355      0.8992    2.117110 
   39920.00     1.02079      0.6554    2.123930 
   39930.00     1.01805      0.8133    2.128220 
   39940.00     1.01528      0.7146    2.129620 
   39950.00     1.01254      0.7176    2.129850 
   39960.00     1.00985      0.4846    2.122840 
   39970.00     1.00705      0.2389    2.116370 
   39980.00     1.00430      0.4274    2.113650 
   39990.00     1.00154      0.6317    2.103070 
   40000.00     0.99886      0.3464    2.100830 
   40010.00     0.99611      0.3385    2.099630 
   40020.00     0.99335      0.1678    2.094290 
   40030.00     0.99060      0.3425    2.089120 
   40040.00     0.98788      0.2872    2.081780 
   40050.00     0.98507      0.3553    2.071360 
   40060.00     0.98231      0.3415    2.064870 
   40070.00     0.97961      0.4076    2.064130 
   40080.00     0.97686      0.1619    2.068790 
   40090.00     0.97418      0.2359    2.062450 
   40100.00     0.97143      0.3918    2.061320 
   40110.00     0.96871      0.5567    2.057520 
   40120.00     0.96603      0.3178    2.052240 
   40130.00     0.96328      0.1313    2.044470 
   40140.00     0.96062      0.1036    2.039800 
   40150.00     0.95796      0.3731    2.041600 
   40160.00     0.95524      0.3109    2.044880 
   40170.00     0.95260      0.4076    2.045460 
   40180.00     0.94992      0.3524    2.042390 
   40190.00     0.94728      0.1254    2.017400 
   40200.00     0.94472      0.1786    1.986570 
   40210.00     0.94210      0.1609    1.989260 
   40220.00     0.93950      0.1895    2.005020 
   40230.00     0.93694      0.0365    2.005860 
   40240.00     0.93432     -0.0405    1.991950 
   40250.00     0.93179     -0.1520    1.989030 
   40260.00     0.92925     -0.0661    2.004480 
   40270.00     0.92674      0.1767    1.989020 
   40280.00     0.92430     -0.0099    1.936950 
   40290.00     0.92179      0.0375    1.936500 
   40300.00     0.91929      0.1441    1.993500 
   40310.00     0.91690      0.1915    1.919000 
   40320.00     0.91451      0.0484    1.912860 
   40330.00     0.91208      0.1421    1.929120 
   40340.00     0.90973      0.0138    1.946910 
   40350.00     0.90736      0.0454    1.929050 
   40360.00     0.90501     -0.1165    1.875440 
   40370.00     0.90274      0.0839    1.948280 
   40380.00     0.90046     -0.1579    1.962890 
   40390.00     0.89815     -0.1332    2.494630 
   40400.00     0.89593     -0.2665    1.996840 
   40410.00     0.89374     -0.1372    1.961490 
   40420.00     0.89152     -0.0405    2.319870 
   40430.00     0.88936     -0.1155    2.500000 
   40440.00     0.88732      0.0424    2.219500 
   40450.00     0.88518     -0.0227    2.078630 
   40460.00     0.88308     -0.1629    2.493850 
   40470.00     0.88108     -0.1609    2.480650 
   40480.00     0.87906     -0.2606    2.362380 
   40490.00     0.87705     -0.1589    2.364960 
   40500.00     0.87507     -0.1017    2.376100 
   40510.00     0.87326      0.0395    2.467790 
   40520.00     0.87135     -0.1214    2.497530 
   40530.00     0.86946      0.0503    2.425150 
   40540.00     0.86759     -0.0415    2.361050 
   40550.00     0.86586     -0.1313    2.352430 
   40560.00     0.86412     -0.0395    2.383970 
   40570.00     0.86237     -0.1244    2.500000 
   40580.00     0.86064     -0.0395    2.500000 
   40590.00     0.85904     -0.0523    2.500000 
   40600.00     0.85740     -0.0711    2.500000 
   40610.00     0.85580     -0.1865    2.496620 
   40620.00     0.85422      0.0257    2.498650 
   40630.00     0.85272     -0.0859    2.500000 
   40640.00     0.85131     -0.1254    2.462380 
   40650.00     0.84983     -0.0592    2.398830 
   40660.00     0.84842      0.1175    2.350260 
   40670.00     0.84705      0.0257    2.334780 
   40680.00     0.84572     -0.0829    2.487300 
   40690.00     0.84451     -0.0316    2.372740 
   40700.00     0.84326     -0.0326    2.381210 
   40710.00     0.84200      0.2537    2.146700 
   40720.00     0.84081      0.0503    2.100110 
   40730.00     0.83965      0.0474    2.254670 
   40740.00     0.83855      0.1589    2.346510 
   40750.00     0.83759      0.1954    2.391310 
   40760.00     0.83657      0.1283    2.500000 
   40770.00     0.83555      0.1165    2.488580 
   40780.00     0.83461      0.2290    2.419630 
   40790.00     0.83368     -0.1569    2.366790 
   40800.00     0.83285      0.0780    2.489340 
   40810.00     0.83200      0.0632    2.493200 
   40820.00     0.83127      0.0780    2.216350 
   40830.00     0.83054     -0.2250    2.337350 
   40840.00     0.82988      0.0632    2.492160 
   40850.00     0.82921      0.0484    2.486510 
   40860.00     0.82861      0.1214    2.493680 
   40870.00     0.82809     -0.1076    2.500000 
   40880.00     0.82751     -0.0859    2.500000 
   40890.00     0.82701     -0.0415    2.500000 
   40900.00     0.82661     -0.1115    2.500000 
   40910.00     0.82622     -0.1875    2.172180 
   40920.00     0.82584      0.0000    2.382060 
   40930.00     0.82557     -0.0878    2.425570 
   40940.00     0.82530      0.1125    2.363610 
   40950.00     0.82509     -0.0711    2.359120 
   40960.00     0.82491     -0.1481    2.371940 
   40970.00     0.82480     -0.0661    2.326680 
   40980.00     0.82466     -0.0148    2.098330 
   40990.00     0.82468     -0.0069    2.068480 
   41000.00     0.82468      0.0355    2.474110 
   41010.00     0.82468     -0.0780    2.385590 
   41020.00     0.82474      0.0148    2.349680 
   41030.00     0.82489      0.0158    2.352400 
   41040.00     0.82507      0.0049    2.360990 
   41050.00     0.82528      0.0227    2.360130 
   41060.00     0.82551     -0.0691    2.355450 
   41070.00     0.82580      0.0059    2.364270 
   41080.00     0.82617     -0.0928    2.376300 
   41090.00     0.82657     -0.1263    2.360380 
   41100.00     0.82699      0.0424    2.493020 
   41110.00     0.82744     -0.0957    2.500000 
   41120.00     0.82803     -0.0859    2.500000 
   41130.00     0.82855     -0.0424    2.500000 
   41140.00     0.82913     -0.1579    2.500000 
   41150.00     0.82981     -0.1619    2.499760 
   41160.00     0.83046     -0.0227    2.499570 
   41170.00     0.83118      0.0227    2.427030 
   41180.00     0.83191      0.0365    2.124860 
   41190.00     0.83276     -0.2764    2.362820 
   41200.00     0.83358     -0.0691    2.494510 
   41210.00     0.83449     -0.2497    2.486250 
   41220.00     0.83543     -0.1244    2.487080 
   41230.00     0.83644     -0.2566    2.493440 
   41240.00     0.83750     -0.0987    2.498330 
   41250.00     0.83844     -0.1510    2.500000 
   41260.00     0.83952     -0.0987    2.500000 
   41270.00     0.84067     -0.2438    2.500000 
   41280.00     0.84187     -0.0948    2.469310 
   41290.00     0.84312     -0.1510    2.116390 
   41300.00     0.84437     -0.1352    2.488490 
   41310.00     0.84559     -0.0020    2.472020 
   41320.00     0.84690     -0.1550    2.429310 
   41330.00     0.84829      0.0207    2.407940 
   41340.00     0.84967      0.0691    2.454460 
   41350.00     0.85114      0.0602    2.499040 
   41360.00     0.85256     -0.0405    2.468150 
   41370.00     0.85407     -0.0296    2.415190 
   41380.00     0.85561     -0.1332    2.452640 
   41390.00     0.85719     -0.0178    2.373350 
   41400.00     0.85884      0.0434    2.425090 
   41410.00     0.86046     -0.2162    2.490770 
   41420.00     0.86218     -0.0721    2.456980 
   41430.00     0.86391      0.0780    2.479900 
   41440.00     0.86566      0.0197    2.496620 
   41450.00     0.86742      0.2250    2.321760 
   41460.00     0.86923      0.0326    2.099560 
   41470.00     0.87112     -0.0405    2.157360 
   41480.00     0.87303      0.2073    2.373380 
   41490.00     0.87487     -0.0661    2.500000 
   41500.00     0.87684      0.2468    2.500000 
   41510.00     0.87882     -0.0158    2.377700 
   41520.00     0.88085      0.1224    2.357760 
   41530.00     0.88285      0.2418    2.451390 
   41540.00     0.88495      0.1777    2.500000 
   41550.00     0.88707      0.1905    2.493690 
   41560.00     0.88913      0.2527    2.488980 
   41570.00     0.89129      0.2428    2.496310 
   41580.00     0.89349      0.2872    2.500000 
   41590.00     0.89568      0.2981    2.500000 
   41600.00     0.89790      0.3839    2.500000 
   41610.00     0.90021      0.2537    2.481670 
   41620.00     0.90247      0.0711    2.049860 
   41630.00     0.90470      0.2349    1.931370 
   41640.00     0.90709      0.0523    2.250380 
   41650.00     0.90948      0.1796    2.244500 
   41660.00     0.91183     -0.0128    1.937620 
   41670.00     0.91422      0.3997    1.926080 
   41680.00     0.91665      0.0878    1.853370 
   41690.00     0.91904      0.1935    1.860080 
   41700.00     0.92152      0.3257    1.862490 
   41710.00     0.92403      0.1895    1.958340 
   41720.00     0.92645      0.3376    1.936930 
   41730.00     0.92900      0.2704    1.926040 
   41740.00     0.93150      0.2793    1.916980 
   41750.00     0.93401      0.2833    1.951510 
   41760.00     0.93665      0.3494    1.980310 
   41770.00     0.93923      0.2862    1.948170 
   41780.00     0.94179      0.2102    1.958830 
   41790.00     0.94441      0.2754    1.974480 
   41800.00     0.94699      0.0977    1.989290 
   41810.00     0.94965      0.3149    1.992070 
   41820.00     0.95233      0.1372    1.991000 
   41830.00     0.95493      0.3297    1.988750 
   41840.00     0.95765      0.4323    1.993090 
   41850.00     0.96033      0.1263    2.016630 
   41860.00     0.96299      0.3938    2.041250 
   41870.00     0.96570      0.5261    2.045170 
   41880.00     0.96840      0.4540    2.047620 
   41890.00     0.97114      0.3830    2.047460 
   41900.00     0.97389      0.5448    2.033690 
   41910.00     0.97655      0.5488    2.031870 
   41920.00     0.97931      0.6218    2.042150 
   41930.00     0.98204      0.6228    2.043350 
   41940.00     0.98476      0.3149    2.052120 
   41950.00     0.98757      0.3849    2.072850 
   41960.00     0.99029      0.6090    2.090890 
   41970.00     0.99304      0.5300    2.095750 
   41980.00     0.99582      0.5379    2.097960 
   41990.00     0.99854      0.5853    2.101340 
   42000.00     1.00125      0.7235    2.095180 
   42010.00     1.00401      0.5962    2.092060 
   42020.00     1.00674      0.7689    2.117850 
   42030.00     1.00954      0.7393    2.111300 
   42040.00     1.01225      0.8380    2.116150 
   42050.00     1.01499      0.9229    2.128340 
   42060.00     1.01778      0.8715    2.129160 
   42070.00     1.02046      0.8715    2.121110 
   42080.00     1.02324      0.8903    2.120520 
   42090.00     1.02595      0.8350    2.122850 
   42100.00     1.02863      0.8607    2.181700 
   42110.00     1.03139      0.9544    2.178550 
   42120.00     1.03407      0.9268    2.181890 
   42130.00     1.03682      0.9337    2.187090 
   42140.00     1.03954      1.1173    2.187670 
   42150.00     1.04216      1.1222    2.187650 
   42160.00     1.04486      1.2387    2.190380 
   42170.00     1.04753      1.1607    2.198020 
   42180.00     1.05017      1.1864    2.212400 
   42190.00     1.05285      1.2071    2.225570 
   42200.00     1.05547      1.3571    2.231600 
   42210.00     1.05807      1.5141    2.232910 
   42220.00     1.06069      1.3571    2.236180 
   42230.00     1.06320      1.6641    2.239310 
   42240.00     1.06582      1.4706    2.244270 
   42250.00     1.06840      1.6207    2.255420 
   42260.00     1.07087      1.7993    2.271910 
   42270.00     1.07341      1.6917    2.285280 
   42280.00     1.07590      1.9039    2.288370 
   42290.00     1.07832      1.8862    2.289040 
   42300.00     1.08081      2.0964    2.287900 
   42310.00     1.08328      1.9799    2.294790 
   42320.00     1.08566      1.8714    2.295980 
   42330.00     1.08809      2.1783    2.296030 
   42340.00     1.09048      2.1764    2.298470 
   42350.00     1.09276      2.2800    2.299800 
   42360.00     1.09511      2.2701    2.297530 
   42370.00     1.09748      2.2800    2.270520 
   42380.00     1.09973      2.3530    2.215270 
   42390.00     1.10198      2.3570    2.218050 
   42400.00     1.10424      2.7666    2.220150 
   42410.00     1.10640      2.4113    2.244580 
   42420.00     1.10857      2.6008    2.243360 
   42430.00     1.11079      2.6067    2.245880 
   42440.00     1.11293      2.9146    2.250180 
   42450.00     1.11497      3.0676    2.251960 
   42460.00     1.11705      3.0844    2.252930 
   42470.00     1.11909      3.0884    2.254380 
   42480.00     1.12106      3.2009    2.255190 
   42490.00     1.12308      3.1091    2.258220 
   42500.00     1.12507      3.4151    2.260440 
   42510.00     1.12697      3.5266    2.264030 
   42520.00     1.12881      3.4259    2.263700 
   42530.00     1.13067      3.6085    2.266080 
   42540.00     1.13252      3.7220    2.272200 
   42550.00     1.13435      3.8493    2.274760 
   42560.00     1.13607      3.7733    2.275330 
   42570.00     1.13780      3.8632    2.279970 
   42580.00     1.13948      3.7763    2.288280 
   42590.00     1.14116      4.1297    2.291440 
   42600.00     1.14272      4.0625    2.291720 
   42610.00     1.14434      4.1602    2.300480 
   42620.00     1.14592      4.3616    2.295600 
   42630.00     1.14746      4.4662    2.297270 
   42640.00     1.14894      4.5067    2.301100 
   42650.00     1.15031      4.5047    2.304720 
   42660.00     1.15173      4.5758    2.307840 
   42670.00     1.15312      4.6143    2.310380 
   42680.00     1.15447      4.6893    2.310930 
   42690.00     1.15578      4.7436    2.308670 
   42700.00     1.15697      4.9568    2.312470 
   42710.00     1.15817      5.0160    2.314000 
   42720.00     1.15938      4.9054    2.316980 
   42730.00     1.16054      5.2647    2.318770 
   42740.00     1.16168      5.0663    2.323580 
   42750.00     1.16272      5.2558    2.325490 
   42760.00     1.16370      5.3456    2.323900 
   42770.00     1.16464      5.2055    2.322910 
   42780.00     1.16559      5.1927    2.325060 
   42790.00     1.16649      5.1275    2.328920 
   42800.00     1.16738      5.2716    2.336540 
   42810.00     1.16819      5.1779    2.333220 
   42820.00     1.16896      5.3220    2.351490 
   42830.00     1.16965      5.3091    2.351950 
   42840.00     1.17039      5.4118    2.352980 
   42850.00     1.17106      5.4868    2.354790 
   42860.00     1.17156      5.6487    2.355580 
   42870.00     1.17216      5.5815    2.356300 
   42880.00     1.17266      5.7898    2.357310 
   42890.00     1.17312      5.5658    2.355780 
   42900.00     1.17356      5.5934    2.355700 
   42910.00     1.17399      5.5134    2.357940 
   42920.00     1.17434      5.7543    2.360440 
   42930.00     1.17464      5.8184    2.359840 
   42940.00     1.17486      5.6921    2.360250 
   42950.00     1.17511      5.8441    2.361860 
   42960.00     1.17532      5.8234    2.362460 
   42970.00     1.17545      5.7424    2.362230 
   42980.00     1.17557      5.6812    2.362590 
   42990.00     1.17555      5.7730    2.362760 
   43000.00     1.17555      5.6546    2.362400 
   43010.00     1.17553      5.7424    2.363430 
   43020.00     1.17545      5.4976    2.363430 
   43030.00     1.17534      5.5993    2.362690 
   43040.00     1.17516      5.3999    2.363160 
   43050.00     1.17491      5.3733    2.363790 
   43060.00     1.17464      5.3160    2.363750 
   43070.00     1.17435      5.2499    2.362810 
   43080.00     1.17403      5.3072    2.362070 
   43090.00     1.17364      5.1739    2.362520 
   43100.00     1.17318      5.3614    2.359940 
   43110.00     1.17274      5.0683    2.360230 
   43120.00     1.17222      5.3427    2.360230 
   43130.00     1.17160      5.1295    2.358850 
   43140.00     1.17108      5.1216    2.358770 
   43150.00     1.17046      4.9015    2.360960 
   43160.00     1.16979      4.7367    2.360420 
   43170.00     1.16908      4.7544    2.357820 
   43180.00     1.16825      4.7613    2.356950 
   43190.00     1.16744      4.4791    2.356760 
   43200.00     1.16657      4.6350    2.354640 
   43210.00     1.16570      4.4159    2.355800 
   43220.00     1.16478      4.4869    2.359680 
   43230.00     1.16383      4.2284    2.332270 
   43240.00     1.16285      4.4652    2.325540 
   43250.00     1.16177      4.2935    2.323150 
   43260.00     1.16066      4.3162    2.320560 
   43270.00     1.15952      4.0546    2.319220 
   43280.00     1.15832      4.1178    2.319330 
   43290.00     1.15711      3.8484    2.319940 
   43300.00     1.15590      3.9885    2.319090 
   43310.00     1.15459      3.7951    2.317660 
   43320.00     1.15326      3.8000    2.313480 
   43330.00     1.15189      3.2867    2.312210 
   43340.00     1.15050      3.4970    2.310130 
   43350.00     1.14911      3.6213    2.309420 
   43360.00     1.14763      3.4447    2.310820 
   43370.00     1.14607      3.2591    2.311430 
   43380.00     1.14449      3.2285    2.310770 
   43390.00     1.14289      3.2966    2.309850 
   43400.00     1.14137      3.1614    2.300730 
   43410.00     1.13969      3.0893    2.300870 
   43420.00     1.13798      3.0893    2.297650 
   43430.00     1.13622      2.9630    2.300500 
   43440.00     1.13453      2.8179    2.279490 
   43450.00     1.13274      2.8258    2.272490 
   43460.00     1.13091      2.7350    2.267870 
   43470.00     1.12904      2.7429    2.261810 
   43480.00     1.12719      2.8623    2.259920 
   43490.00     1.12526      2.7172    2.260800 
   43500.00     1.12329      2.4942    2.263300 
   43510.00     1.12127      2.4113    2.259060 
   43520.00     1.11934      2.2652    2.255960 
   43530.00     1.11730      2.3678    2.252860 
   43540.00     1.11520      2.3372    2.252580 
   43550.00     1.11310      2.1991    2.253830 
   43560.00     1.11100      2.1694    2.250200 
   43570.00     1.10884      1.7480    2.241330 
   43580.00     1.10665      1.7786    2.230000 
   43590.00     1.10451      1.6986    2.219670 
   43600.00     1.10224      1.7894    2.216450 
   43610.00     1.09996      1.6236    2.216030 
   43620.00     1.09771      1.5743    2.210830 
   43630.00     1.09538      1.4391    2.210030 
   43640.00     1.09303      1.3483    2.207860 
   43650.00     1.09073      1.1430    2.205990 
   43660.00     1.08834      1.3700    2.203380 
   43670.00     1.08592      1.3552    2.200900 
   43680.00     1.08353      1.3048    2.197220 
   43690.00     1.08110      1.1242    2.189770 
   43700.00     1.07861      1.1301    2.181560 
   43710.00     1.07620      1.0423    2.165220 
   43720.00     1.07368      1.2900    2.162670 
   43730.00     1.07112      1.2002    2.162900 
   43740.00     1.06865      1.0581    2.160950 
   43750.00     1.06609      1.0186    2.157720 
   43760.00     1.06351      1.0275    2.155200 
   43770.00     1.06100      0.9159    2.152580 
   43780.00     1.05834      0.9880    2.147950 
   43790.00     1.05574      0.8390    2.141470 
   43800.00     1.05312      0.7748    2.135090 
   43810.00     1.05048      0.8597    2.127080 
   43820.00     1.04786      0.6465    2.122060 
   43830.00     1.04518      0.7314    2.126520 
   43840.00     1.04247      0.6346    2.119150 
   43850.00     1.03981      0.6751    2.113890 
   43860.00     1.03709      0.5991    2.113020 
   43870.00     1.03437      0.5103    2.111300 
   43880.00     1.03171      0.4629    2.108980 
   43890.00     1.02896      0.3830    2.111120 
   43900.00     1.02624      0.4017    2.115990 
   43910.00     1.02353      0.4955    2.116520 
   43920.00     1.02077      0.3119    2.128910 
   43930.00     1.01807      0.4965    2.128220 
   43940.00     1.01534      0.2843    2.132580 
   43950.00     1.01256      0.3711    2.128850 
   43960.00     1.00983      0.3958    2.121980 
   43970.00     1.00703      0.4619    2.116140 
   43980.00     1.00430      0.2606    2.109920 
   43990.00     1.00154      0.1629    2.102950 
   44000.00     0.99886      0.2063    2.101360 
   44010.00     0.99615      0.0967    2.100690 
   44020.00     0.99335      0.2991    2.093660 
   44030.00     0.99058      0.1984    2.088960 
   44040.00     0.98786      0.2349    2.084710 
   44050.00     0.98507      0.2063    2.072350 
   44060.00     0.98235      0.1135    2.064980 
   44070.00     0.97963      0.1155    2.066100 
   44080.00     0.97686      0.0691    2.067000 
   44090.00     0.97418      0.1105    2.062770 
   44100.00     0.97141      0.0138    2.061200 
   44110.00     0.96871      0.1964    2.061260 
   44120.00     0.96603      0.0869    2.054600 
   44130.00     0.96329      0.1175    2.042100 
   44140.00     0.96064      0.0721    2.043950 
   44150.00     0.95792      0.0237    2.042430 
   44160.00     0.95520     -0.0523    2.044260 
   44170.00     0.95260     -0.0780    2.045620 
   44180.00     0.94996     -0.1461    2.039520 
   44190.00     0.94730      0.1086    2.019790 
   44200.00     0.94470     -0.1224    1.989720 
   44210.00     0.94208      0.0148    1.985830 
   44220.00     0.93950     -0.0138    2.020110 
   44230.00     0.93692     -0.0809    2.006560 
   44240.00     0.93432     -0.0513    1.988700 
   44250.00     0.93181     -0.0306    2.002530 
   44260.00     0.92927     -0.2014    2.007770 
   44270.00     0.92671     -0.2280    1.972730 
   44280.00     0.92426     -0.1441    1.936880 
   44290.00     0.92179     -0.1481    1.936220 
   44300.00     0.91933      0.0000    1.932320 
   44310.00     0.91692      0.0494    1.898500 
   44320.00     0.91451     -0.1056    1.924590 
   44330.00     0.91208     -0.1056    1.934060 
   44340.00     0.90971     -0.4442    1.885240 
   44350.00     0.90734     -0.2902    2.207170 
   44360.00     0.90501     -0.1263    2.095600 
   44370.00     0.90274     -0.1313    1.948550 
   44380.00     0.90048     -0.0632    2.136450 
   44390.00     0.89813     -0.3790    2.283930 
   44400.00     0.89590     -0.0424    1.930340 
   44410.00     0.89374     -0.0197    1.967400 
   44420.00     0.89154     -0.1372    2.364810 
   44430.00     0.88940      0.0474    1.953990 
   44440.00     0.88732      0.0138    2.070040 
   44450.00     0.88516     -0.0464    2.326680 
   44460.00     0.88306      0.2053    2.462320 
   44470.00     0.88106     -0.0612    2.208710 
   44480.00     0.87906     -0.0484    2.101210 
   44490.00     0.87707     -0.0237    2.362460 
   44500.00     0.87509     -0.0632    2.316470 
   44510.00     0.87322      0.0128    2.044030 
   44520.00     0.87129      0.0336    2.500000 
   44530.00     0.86944     -0.2813    2.500000 
   44540.00     0.86763     -0.0503    2.380350 
   44550.00     0.86590     -0.0592    2.350100 
   44560.00     0.86410     -0.0375    2.357600 
   44570.00     0.86235     -0.0109    2.434670 
   44580.00     0.86062     -0.1244    2.500000 
   44590.00     0.85902     -0.0276    2.495380 
   44600.00     0.85740      0.0286    2.485770 
   44610.00     0.85582     -0.1036    2.491720 
   44620.00     0.85424      0.0997    2.500000 
   44630.00     0.85272      0.1046    2.500000 
   44640.00     0.85127      0.0336    2.500000 
   44650.00     0.84983     -0.1441    2.439070 
   44660.00     0.84846     -0.2349    2.195550 
   44670.00     0.84709     -0.1481    2.275530 
   44680.00     0.84572     -0.1698    2.478940 
   44690.00     0.84449     -0.1026    2.475990 
   44700.00     0.84324     -0.4155    2.419030 
   44710.00     0.84200     -0.0158    2.417490 
   44720.00     0.84083      0.0533    2.500000 
   44730.00     0.83967      0.0454    2.362130 
   44740.00     0.83857     -0.0395    2.356430 
   44750.00     0.83759     -0.0415    2.363450 
   44760.00     0.83653     -0.2033    2.452390 
   44770.00     0.83553     -0.0089    2.500000 
   44780.00     0.83462     -0.0651    2.258950 
   44790.00     0.83370     -0.1204    1.990550 
   44800.00     0.83285      0.0355    2.194420 
   44810.00     0.83198      0.1086    2.500000 
   44820.00     0.83123     -0.0651    2.500000 
   44830.00     0.83052     -0.0188    2.358000 
   44840.00     0.82990     -0.0266    2.393280 
   44850.00     0.82925     -0.1530    2.373670 
   44860.00     0.82863     -0.1115    2.453110 
   44870.00     0.82807      0.0030    2.497510 
   44880.00     0.82748      0.0839    2.497390 
   44890.00     0.82703      0.0888    2.500000 
   44900.00     0.82665     -0.1925    2.500000 
   44910.00     0.82626     -0.0434    2.500000 
   44920.00     0.82584     -0.1796    2.500000 
   44930.00     0.82555      0.0711    1.977690 
   44940.00     0.82528     -0.1777    2.319070 
   44950.00     0.82507     -0.1194    2.373130 
   44960.00     0.82491     -0.3168    2.458440 
   44970.00     0.82480      0.0997    2.421110 
   44980.00     0.82468     -0.1007    2.367550 
   44990.00     0.82466     -0.0099    2.374080 
   45000.00     0.82466      0.1066    2.360700 
   45010.00     0.82466     -0.0602    2.363930 
   45020.00     0.82478     -0.0691    2.380640 
   45030.00     0.82491     -0.0671    2.376560 
   45040.00     0.82507      0.0494    2.366590 
   45050.00     0.82526     -0.0908    2.361700 
   45060.00     0.82549      0.0336    2.455420 
   45070.00     0.82578     -0.1865    2.416590 
   45080.00     0.82617      0.0207    2.357070 
   45090.00     0.82659     -0.0770    2.258660 
   45100.00     0.82699     -0.0227    2.171930 
   45110.00     0.82744     -0.0681    2.500000 
   45120.00     0.82798      0.1214    2.500000 
   45130.00     0.82854     -0.0957    2.500000 
   45140.00     0.82915     -0.0572    2.496960 
   45150.00     0.82985     -0.0434    2.499330 
   45160.00     0.83046      0.0237    2.500000 
   45170.00     0.83116     -0.2122    2.446390 
   45180.00     0.83191     -0.1224    2.207670 
   45190.00     0.83274     -0.2961    2.118580 
   45200.00     0.83358     -0.1194    2.302800 
   45210.00     0.83453     -0.0642    2.140290 
   45220.00     0.83543     -0.0148    2.473460 
   45230.00     0.83644     -0.1303    2.099000 
   45240.00     0.83748     -0.0987    2.338250 
   45250.00     0.83842     -0.0563    2.463610 
   45260.00     0.83954     -0.0424    2.496420 
   45270.00     0.84071      0.0918    2.391100 
   45280.00     0.84187      0.0543    2.402270 
   45290.00     0.84308      0.0642    2.447720 
   45300.00     0.84434     -0.0434    2.369990 
   45310.00     0.84557      0.0780    2.403550 
   45320.00     0.84690      0.0957    2.407100 
   45330.00     0.84829      0.0109    2.407840 
   45340.00     0.84967      0.2023    2.493550 
   45350.00     0.85110      0.0049    2.382850 
   45360.00     0.85252      0.0681    2.356910 
   45370.00     0.85403      0.1648    2.442160 
   45380.00     0.85561     -0.0326    2.492670 
   45390.00     0.85723     -0.0059    2.443180 
   45400.00     0.85886      0.2250    2.407770 
   45410.00     0.86044      0.1757    2.497420 
   45420.00     0.86216      0.1737    2.483750 
   45430.00     0.86391      0.0691    2.491910 
   45440.00     0.86566      0.1786    2.499470 
   45450.00     0.86742      0.0592    2.166400 
   45460.00     0.86927     -0.0326    2.274020 
   45470.00     0.87112      0.1915    2.439600 
   45480.00     0.87301      0.0286    2.500000 
   45490.00     0.87486      0.1421    2.500000 
   45500.00     0.87684      0.0671    2.496350 
   45510.00     0.87884      0.0464    2.465070 
   45520.00     0.88087      0.0819    2.360210 
   45530.00     0.88283      0.0197    2.375640 
   45540.00     0.88493      0.0671    2.493160 
   45550.00     0.88707      0.0701    2.496710 
   45560.00     0.88913     -0.0089    2.153400 
   45570.00     0.89131      0.2487    2.317770 
   45580.00     0.89351      0.4017    2.433390 
   45590.00     0.89568      0.4876    2.370060 
   45600.00     0.89788      0.2014    2.407810 
   45610.00     0.90019      0.0790    2.500000 
   45620.00     0.90249      0.0454    2.460240 
   45630.00     0.90476      0.0415    1.932070 
   45640.00     0.90711      0.0513    2.474440 
   45650.00     0.90946      0.0622    2.500000 
   45660.00     0.91179      0.0819    2.087060 
   45670.00     0.91422      0.1530    1.949510 
   45680.00     0.91665      0.3089    1.909890 
   45690.00     0.91904      0.0247    1.865500 
   45700.00     0.92152      0.3889    1.891910 
   45710.00     0.92403      0.0513    1.952750 
   45720.00     0.92644      0.1717    1.930780 
   45730.00     0.92896      0.0632    1.928100 
   45740.00     0.93152      0.3810    1.928690 
   45750.00     0.93403      0.0938    1.967460 
   45760.00     0.93667      0.2635    1.954250 
   45770.00     0.93921      0.2260    1.948740 
   45780.00     0.94177      0.2191    1.960200 
   45790.00     0.94441      0.3050    1.974340 
   45800.00     0.94699      0.4017    1.988500 
   45810.00     0.94967      0.2201    2.003170 
   45820.00     0.95233      0.3958    1.989070 
   45830.00     0.95493      0.1846    1.986690 
   45840.00     0.95761      0.2695    1.989220 
   45850.00     0.96031      0.4343    2.033770 
   45860.00     0.96301      0.5172    2.038290 
   45870.00     0.96576      0.2872    2.044680 
   45880.00     0.96844      0.3978    2.050430 
   45890.00     0.97112      0.2053    2.048090 
   45900.00     0.97387      0.1836    2.039430 
   45910.00     0.97653      0.2211    2.035180 
   45920.00     0.97931      0.4323    2.047440 
   45930.00     0.98204      0.5488    2.041780 
   45940.00     0.98480      0.5774    2.050950 
   45950.00     0.98757      0.7166    2.077770 
   45960.00     0.99027      0.7679    2.086890 
   45970.00     0.99301      0.6346    2.094270 
   45980.00     0.99582      0.6238    2.101230 
   45990.00     0.99857      0.6850    2.102630 
   46000.00     1.00127      0.5182    2.098210 
   46010.00     1.00401      0.6465    2.099590 
   46020.00     1.00672      0.6830    2.115100 
   46030.00     1.00952      0.7797    2.076720 
   46040.00     1.01225      0.8251    2.108150 
   46050.00     1.01501      0.7709    2.129370 
   46060.00     1.01780      0.8696    2.126790 
   46070.00     1.02046      0.7886    2.120270 
   46080.00     1.02320      1.0423    2.119630 
   46090.00     1.02593      0.8597    2.145570 
   46100.00     1.02865      0.8913    2.176520 
   46110.00     1.03141      0.7146    2.177190 
   46120.00     1.03408      1.0818    2.177500 
   46130.00     1.03680      0.9544    2.186270 
   46140.00     1.03952      1.1282    2.185060 
   46150.00     1.04214      1.1104    2.189020 
   46160.00     1.04484      1.2042    2.192580 
   46170.00     1.04755      1.2298    2.194380 
   46180.00     1.05019      1.4627    2.214920 
   46190.00     1.05287      1.4499    2.229370 
   46200.00     1.05543      1.4470    2.229600 
   46210.00     1.05803      1.6059    2.233250 
   46220.00     1.06069      1.6276    2.238140 
   46230.00     1.06324      1.5082    2.234980 
   46240.00     1.06584      1.7687    2.243800 
   46250.00     1.06840      1.8171    2.258090 
   46260.00     1.07085      1.8901    2.277870 
   46270.00     1.07339      1.8625    2.285280 
   46280.00     1.07590      1.9947    2.288110 
   46290.00     1.07832      1.9563    2.290350 
   46300.00     1.08083      2.1635    2.292540 
   46310.00     1.08329      1.9089    2.294800 
   46320.00     1.08565      2.1428    2.296090 
   46330.00     1.08807      2.1448    2.294810 
   46340.00     1.09048      2.3402    2.296600 
   46350.00     1.09276      2.3955    2.302050 
   46360.00     1.09514      2.6383    2.303160 
   46370.00     1.09748      2.3086    2.240850 
   46380.00     1.09971      2.3994    2.214510 
   46390.00     1.10197      2.5435    2.216140 
   46400.00     1.10424      2.3441    2.222130 
   46410.00     1.10642      2.5929    2.233950 
   46420.00     1.10859      2.4813    2.244010 
   46430.00     1.11081      2.7804    2.247080 
   46440.00     1.11291      2.8357    2.249150 
   46450.00     1.11493      2.9926    2.252660 
   46460.00     1.11705      3.0291    2.252210 
   46470.00     1.11911      3.1298    2.253660 
   46480.00     1.12108      3.2334    2.256150 
   46490.00     1.12308      3.2453    2.259240 
   46500.00     1.12505      3.4476    2.261140 
   46510.00     1.12696      3.4545    2.261570 
   46520.00     1.12879      3.2058    2.263690 
   46530.00     1.13067      3.4723    2.267520 
   46540.00     1.13254      3.6263    2.272640 
   46550.00     1.13437      3.7082    2.271650 
   46560.00     1.13605      3.6411    2.273450 
   46570.00     1.13776      3.8750    2.280300 
   46580.00     1.13948      3.8000    2.283790 
   46590.00     1.14119      3.7595    2.288550 
   46600.00     1.14276      4.0477    2.294120 
   46610.00     1.14434      4.2165    2.296340 
   46620.00     1.14590      4.2609    2.296780 
   46630.00     1.14744      4.3132    2.298450 
   46640.00     1.14894      4.4731    2.298740 
   46650.00     1.15031      4.4583    2.306200 
   46660.00     1.15173      4.3804    2.307050 
   46670.00     1.15312      4.4524    2.309670 
   46680.00     1.15445      4.5708    2.310360 
   46690.00     1.15576      4.6972    2.309800 
   46700.00     1.15696      4.7909    2.310320 
   46710.00     1.15819      4.8176    2.313140 
   46720.00     1.15938      5.0347    2.317260 
   46730.00     1.16056      5.1315    2.319990 
   46740.00     1.16166      5.0032    2.322850 
   46750.00     1.16272      4.9656    2.321830 
   46760.00     1.16370      5.0041    2.324100 
   46770.00     1.16464      5.1640    2.324640 
   46780.00     1.16559      5.2163    2.324010 
   46790.00     1.16651      5.3121    2.325810 
   46800.00     1.16736      5.4483    2.328260 
   46810.00     1.16817      5.3851    2.333750 
   46820.00     1.16894      5.1858    2.346540 
   46830.00     1.16969      5.2775    2.349760 
   46840.00     1.17042      5.3575    2.354580 
   46850.00     1.17106      5.4730    2.357230 
   46860.00     1.17154      5.4365    2.354980 
   46870.00     1.17216      5.3832    2.355040 
   46880.00     1.17266      5.7128    2.355480 
   46890.00     1.17312      5.5490    2.355090 
   46900.00     1.17358      5.6891    2.356100 
   46910.00     1.17399      5.6635    2.358570 
   46920.00     1.17432      5.7928    2.359520 
   46930.00     1.17461      5.6418    2.360460 
   46940.00     1.17486      5.7099    2.361300 
   46950.00     1.17514      5.5825    2.362480 
   46960.00     1.17534      5.6872    2.362650 
   46970.00     1.17545      5.5687    2.362440 
   46980.00     1.17555      5.6743    2.362760 
   46990.00     1.17555      5.7592    2.363550 
   47000.00     1.17555      5.6418    2.364110 
   47010.00     1.17555      5.7108    2.364050 
   47020.00     1.17547      5.7395    2.363490 
   47030.00     1.17536      5.6654    2.362530 
   47040.00     1.17516      5.6151    2.362670 
   47050.00     1.17487      5.5450    2.362070 
   47060.00     1.17464      5.4809    2.360730 
   47070.00     1.17437      5.4542    2.361590 
   47080.00     1.17405      5.6901    2.361910 
   47090.00     1.17364      5.6358    2.361330 
   47100.00     1.17318      5.4611    2.360240 
   47110.00     1.17272      5.4147    2.360150 
   47120.00     1.17222      5.3624    2.361730 
   47130.00     1.17160      5.3052    2.361800 
   47140.00     1.17110      5.2400    2.358250 
   47150.00     1.17048      5.1354    2.364140 
   47160.00     1.16977      5.0999    2.360710 
   47170.00     1.16904      5.0041    2.359760 
   47180.00     1.16825      5.0416    2.359720 
   47190.00     1.16748      4.8423    2.357400 
   47200.00     1.16661      4.8699    2.356860 
   47210.00     1.16570      4.9449    2.357950 
   47220.00     1.16476      4.7100    2.350130 
   47230.00     1.16380      4.5768    2.327210 
   47240.00     1.16283      4.4050    2.325590 
   47250.00     1.16177      4.4682    2.322080 
   47260.00     1.16067      4.3063    2.320050 
   47270.00     1.15954      4.2994    2.318120 
   47280.00     1.15832      4.3014    2.320750 
   47290.00     1.15709      4.3201    2.319300 
   47300.00     1.15590      4.2086    2.317050 
   47310.00     1.15462      4.1938    2.316630 
   47320.00     1.15331      3.8770    2.315040 
   47330.00     1.15191      3.9076    2.312010 
   47340.00     1.15048      3.7447    2.308670 
   47350.00     1.14909      3.8138    2.310030 
   47360.00     1.14761      3.3529    2.310030 
   47370.00     1.14607      3.5621    2.309790 
   47380.00     1.14451      3.4358    2.313280 
   47390.00     1.14293      3.4220    2.308510 
   47400.00     1.14137      3.3391    2.303840 
   47410.00     1.13965      3.2828    2.302250 
   47420.00     1.13796      3.2966    2.300950 
   47430.00     1.13624      3.1446    2.304200 
   47440.00     1.13457      3.1022    2.290270 
   47450.00     1.13274      2.9995    2.286530 
   47460.00     1.13091      2.7439    2.266560 
   47470.00     1.12900      2.6936    2.261290 
   47480.00     1.12717      2.7409    2.260760 
   47490.00     1.12526      2.4350    2.261340 
   47500.00     1.12329      2.5721    2.260280 
   47510.00     1.12129      2.5771    2.257760 
   47520.00     1.11934      2.4991    2.255620 
   47530.00     1.11726      2.5939    2.254320 
   47540.00     1.11518      2.1921    2.253290 
   47550.00     1.11314      2.2800    2.254030 
   47560.00     1.11106      2.2612    2.251500 
   47570.00     1.10886      2.1813    2.240090 
   47580.00     1.10665      2.0668    2.231200 
   47590.00     1.10449      1.5506    2.222740 
   47600.00     1.10222      1.7174    2.217450 
   47610.00     1.09994      1.7450    2.214720 
   47620.00     1.09773      1.9503    2.211810 
   47630.00     1.09539      1.8072    2.209400 
   47640.00     1.09303      1.6059    2.207260 
   47650.00     1.09071      1.7302    2.205510 
   47660.00     1.08832      1.7569    2.202950 
   47670.00     1.08593      1.5920    2.201370 
   47680.00     1.08355      1.4578    2.196060 
   47690.00     1.08112      1.5457    2.193420 
   47700.00     1.07861      1.6789    2.180230 
   47710.00     1.07618      1.4124    2.165500 
   47720.00     1.07368      1.2841    2.162700 
   47730.00     1.07112      1.3019    2.161720 
   47740.00     1.06867      1.1953    2.157840 
   47750.00     1.06611      1.0650    2.156830 
   47760.00     1.06351      1.1933    2.155970 
   47770.00     1.06098      1.1795    2.153750 
   47780.00     1.05832      0.9791    2.145360 
   47790.00     1.05574      0.9781    2.199300 
   47800.00     1.05318      0.8873    2.183300 
   47810.00     1.05048      0.9357    2.127610 
   47820.00     1.04784      0.8686    2.120210 
   47830.00     1.04514      0.8439    2.117480 
   47840.00     1.04245      0.8242    2.118790 
   47850.00     1.03981      0.7797    2.115330 
   47860.00     1.03711      0.7511    2.113290 
   47870.00     1.03441      0.7886    2.108700 
   47880.00     1.03171      0.4718    2.108520 
   47890.00     1.02894      0.4688    2.113970 
   47900.00     1.02622      0.3642    2.110630 
   47910.00     1.02355      0.3553    2.113950 
   47920.00     1.02079      0.4708    2.129320 
   47930.00     1.01807      0.4826    2.132080 
   47940.00     1.01534      0.5458    2.128580 
   47950.00     1.01256      0.4066    2.128300 
   47960.00     1.00983      0.4915    2.119070 
   47970.00     1.00703      0.4412    2.119850 
   47980.00     1.00430      0.3474    2.110010 
   47990.00     1.00156      0.3770    2.103960 
   48000.00     0.99886      0.4136    2.104590 
   48010.00     0.99611      0.2546    2.101220 
   48020.00     0.99331      0.2507    2.092090 
   48030.00     0.99058      0.0207    2.087780 
   48040.00     0.98788      0.3652    2.085040 
   48050.00     0.98509      0.3010    2.072750 
   48060.00     0.98235      0.3691    2.065060 
   48070.00     0.97960      0.2349    2.064420 
   48080.00     0.97684      0.1175    2.066670 
   48090.00     0.97416      0.2043    2.064360 
   48100.00     0.97143      0.2280    2.060500 
   48110.00     0.96873     -0.0197    2.056810 
   48120.00     0.96605      0.1708    2.052470 
   48130.00     0.96328      0.3129    2.046560 
   48140.00     0.96060      0.0247    2.040210 
   48150.00     0.95792      0.0326    2.039790 
   48160.00     0.95524      0.1046    2.046790 
   48170.00     0.95262      0.2635    2.045900 
   48180.00     0.94996      0.2359    2.038980 
   48190.00     0.94730      0.1362    2.018710 
   48200.00     0.94470     -0.2625    1.994990 
   48210.00     0.94206     -0.0602    1.995330 
   48220.00     0.93950      0.0494    2.010380 
   48230.00     0.93694     -0.1402    2.005340 
   48240.00     0.93434     -0.0444    1.992940 
   48250.00     0.93179      0.0296    1.995540 
   48260.00     0.92927     -0.0444    2.008690 
   48270.00     0.92672     -0.0128    1.954840 
   48280.00     0.92428      0.0257    1.938850 
   48290.00     0.92181     -0.0227    1.936340 
   48300.00     0.91933     -0.0859    1.915440 
   48310.00     0.91690     -0.1313    1.901030 
   48320.00     0.91449      0.0089    1.914570 
   48330.00     0.91206     -0.0188    1.942080 
   48340.00     0.90971     -0.0395    1.957000 
   48350.00     0.90736     -0.0326    1.869350 
   48360.00     0.90501      0.0326    1.934940 
   48370.00     0.90272      0.0188    1.869680 
   48380.00     0.90044      0.0326    1.856780 
   48390.00     0.89815     -0.0987    1.905730 
   48400.00     0.89593     -0.0592    1.930530 
   48410.00     0.89376     -0.0345    2.187050 
   48420.00     0.89154     -0.0227    2.452990 
   48430.00     0.88936      0.0415    2.262510 
   48440.00     0.88730     -0.2793    1.999210 
   48450.00     0.88516      0.0266    2.485010 
   48460.00     0.88306     -0.2112    2.496190 
   48470.00     0.88108     -0.2724    2.493590 
   48480.00     0.87908      0.0434    2.387380 
   48490.00     0.87705     -0.1254    2.455920 
   48500.00     0.87507     -0.0790    2.429200 
   48510.00     0.87322     -0.0918    2.431470 
   48520.00     0.87133     -0.0691    2.497150 
   48530.00     0.86948     -0.0484    2.500000 
   48540.00     0.86763      0.0336    2.481130 
   48550.00     0.86588      0.0415    2.361080 
   48560.00     0.86408     -0.0375    2.402650 
   48570.00     0.86235     -0.0582    2.488740 
   48580.00     0.86064     -0.0671    2.498600 
   48590.00     0.85904     -0.0750    2.499670 
   48600.00     0.85742     -0.0326    2.493890 
   48610.00     0.85578      0.0977    2.494470 
   48620.00     0.85420     -0.0296    2.455220 
   48630.00     0.85270     -0.0345    2.405970 
   48640.00     0.85131     -0.1244    2.493090 
   48650.00     0.84987     -0.1974    2.497640 
   48660.00     0.84846     -0.1757    2.405700 
   48670.00     0.84705      0.0553    2.478390 
   48680.00     0.84570     -0.0099    2.497010 
   48690.00     0.84449     -0.0010    2.405760 
   48700.00     0.84324      0.0957    2.429260 
   48710.00     0.84202      0.1431    2.298750 
   48720.00     0.84085      0.0276    2.254290 
   48730.00     0.83965     -0.1105    2.461680 
   48740.00     0.83854      0.0365    2.374710 
   48750.00     0.83759     -0.0878    2.500000 
   48760.00     0.83655      0.0118    2.500000 
   48770.00     0.83557     -0.0266    2.500000 
   48780.00     0.83461      0.0819    2.500000 
   48790.00     0.83370     -0.0365    2.220920 
   48800.00     0.83283      0.0523    2.339640 
   48810.00     0.83198      0.0020    2.491570 
   48820.00     0.83125     -0.0938    2.495930 
   48830.00     0.83054     -0.0336    2.500000 
   48840.00     0.82990     -0.0010    2.500000 
   48850.00     0.82921     -0.1392    2.499410 
   48860.00     0.82859      0.0987    2.488250 
   48870.00     0.82807     -0.1145    2.499300 
   48880.00     0.82751     -0.0079    2.500000 
   48890.00     0.82705     -0.0563    2.500000 
   48900.00     0.82663     -0.0869    2.500000 
   48910.00     0.82622     -0.0523    2.500000 
   48920.00     0.82582     -0.2260    2.500000 
   48930.00     0.82553      0.0691    2.385930 
   48940.00     0.82530     -0.1086    2.144380 
   48950.00     0.82509      0.0089    2.370480 
   48960.00     0.82491      0.1382    2.500000 
   48970.00     0.82480      0.1579    2.113110 
   48980.00     0.82466      0.0316    2.327920 
   48990.00     0.82466     -0.1105    2.465190 
   49000.00     0.82470      0.0513    2.379650 
   49010.00     0.82472      0.2014    2.312490 
   49020.00     0.82480      0.1885    2.341340 
   49030.00     0.82491      0.0326    2.296030 
   49040.00     0.82505     -0.1984    2.141500 
   49050.00     0.82526     -0.0365    2.339380 
   49060.00     0.82551      0.0030    2.364500 
   49070.00     0.82580     -0.0118    2.320120 
   49080.00     0.82618      0.0345    2.351990 
   49090.00     0.82659     -0.0059    2.463060 
   49100.00     0.82697      0.0582    2.500000 
   49110.00     0.82744      0.0671    2.427500 
   49120.00     0.82802     -0.0661    2.418530 
   49130.00     0.82855     -0.0750    2.494930 
   49140.00     0.82915     -0.1490    2.486610 
   49150.00     0.82981     -0.0207    2.500000 
   49160.00     0.83044     -0.0780    2.500000 
   49170.00     0.83116      0.0148    2.405570 
   49180.00     0.83189     -0.0572    2.384670 
   49190.00     0.83276      0.0484    2.165850 
   49200.00     0.83360     -0.0553    2.346570 
   49210.00     0.83449      0.1856    2.492830 
   49220.00     0.83541      0.2418    2.500000 
   49230.00     0.83642      0.1165    2.481650 
   49240.00     0.83750      0.2152    2.452640 
   49250.00     0.83846      0.1313    2.500000 
   49260.00     0.83956      0.1698    2.500000 
   49270.00     0.84069      0.1283    2.500000 
   49280.00     0.84185      0.0661    2.346410 
   49290.00     0.84308      0.0454    2.355690 
   49300.00     0.84434      0.0326    2.453060 
   49310.00     0.84559      0.0079    2.468360 
   49320.00     0.84692      0.1944    2.414790 
   49330.00     0.84829      0.1066    2.418550 
   49340.00     0.84965      0.1224    2.500000 
   49350.00     0.85110      0.1026    2.486170 
   49360.00     0.85256     -0.0049    2.354430 
   49370.00     0.85408     -0.0839    2.405790 
   49380.00     0.85565      0.0197    2.488760 
   49390.00     0.85723      0.1224    2.448070 
   49400.00     0.85882     -0.0039    2.477070 
   49410.00     0.86042     -0.0227    2.497370 
   49420.00     0.86218     -0.1352    2.493520 
   49430.00     0.86389     -0.0010    2.494220 
   49440.00     0.86568      0.0760    2.491880 
   49450.00     0.86742     -0.1066    2.466150 
   49460.00     0.86923      0.0967    2.491000 
   49470.00     0.87110      0.0572    2.349500 
   49480.00     0.87303      0.0474    2.483370 
   49490.00     0.87489      0.2813    2.500000 
   49500.00     0.87686      0.2517    2.500000 
   49510.00     0.87884      0.1895    2.500000 
   49520.00     0.88083      0.0158    2.440880 
   49530.00     0.88283      0.0948    2.413290 
   49540.00     0.88493      0.2734    2.500000 
   49550.00     0.88707      0.1244    2.497530 
   49560.00     0.88915      0.1431    2.478700 
   49570.00     0.89129      0.0869    2.500000 
   49580.00     0.89347     -0.1056    2.390550 
   49590.00     0.89566      0.0928    2.370670 
   49600.00     0.89790      0.2231    2.457960 
   49610.00     0.90023      0.1599    2.163490 
   49620.00     0.90250      0.1263    1.918620 
   49630.00     0.90474      0.3790    2.131810 
   49640.00     0.90707      0.2497    2.366500 
   49650.00     0.90944     -0.0089    1.932110 
   49660.00     0.91179      0.0109    1.933780 
   49670.00     0.91422      0.2961    1.950380 
   49680.00     0.91667      0.2704    1.962390 
   49690.00     0.91904      0.3553    1.883210 
   49700.00     0.92150      0.3672    1.863410 
   49710.00     0.92399      0.3119    1.925770 
   49720.00     0.92644      0.3079    1.952320 
   49730.00     0.92900      0.2793    1.929640 
   49740.00     0.93154      0.2260    1.937560 
   49750.00     0.93403      0.3899    1.974990 
   49760.00     0.93665      0.3237    1.998040 
   49770.00     0.93919      0.5172    1.945650 
   49780.00     0.94177      0.4599    1.963860 
   49790.00     0.94441      0.5932    1.975220 
   49800.00     0.94701      0.4530    1.988750 
   49810.00     0.94965      0.5211    1.997880 
   49820.00     0.95233      0.4975    1.995630 
   49830.00     0.95491      0.4945    1.990390 
   49840.00     0.95761      0.6929    1.992670 
   49850.00     0.96033      0.6346    2.002450 
   49860.00     0.96301      0.5784    2.030890 
   49870.00     0.96572      0.8488    2.044220 
   49880.00     0.96840      0.6376    2.051210 
   49890.00     0.97110      0.7215    2.047000 
   49900.00     0.97385      0.5675    2.040700 
   49910.00     0.97655      0.6198    2.040040 
   49920.00     0.97931      0.6870    2.039000 
   49930.00     0.98204      0.5863    2.039850 
   49940.00     0.98474      0.7709    2.050120 
   49950.00     0.98753      0.8350    2.068510 
   49960.00     0.99029      0.7847    2.088140 
   49970.00     0.99304      0.6149    2.093510 
   49980.00     0.99582      0.7857    2.097690 
   49990.00     0.99855      0.6781    2.106340 
   50000.00     1.00123      0.8617    2.095150 
   50010.00     1.00399      0.6376    2.092100 
   50020.00     1.00672      0.7185    2.109300 
   50030.00     1.00954      0.9781    2.118520 
   50040.00     1.01227      0.8626    2.113260 
   50050.00     1.01501      0.7452    2.127870 
   50060.00     1.01776      0.7156    2.133830 
   50070.00     1.02044      0.8587    2.118840 
   50080.00     1.02322      0.9791    2.127970 
   50090.00     1.02595      0.8873    2.167930 
   50100.00     1.02867      0.9021    2.175890 
   50110.00     1.03141      1.1795    2.176620 
   50120.00     1.03408      1.4746    2.182960 
   50130.00     1.03680      1.2811    2.187010 
   50140.00     1.03952      1.3216    2.184670 
   50150.00     1.04214      1.2772    2.186720 
   50160.00     1.04486      1.5782    2.194050 
   50170.00     1.04755      1.2693    2.200010 
   50180.00     1.05019      1.3808    2.215690 
   50190.00     1.05285      1.4420    2.226070 
   50200.00     1.05543      1.5437    2.231280 
   50210.00     1.05805      1.7687    2.233190 
   50220.00     1.06071      1.8240    2.234140 
   50230.00     1.06324      1.7016    2.238220 
   50240.00     1.06580      1.6611    2.244490 
   50250.00     1.06838      1.8605    2.251860 
   50260.00     1.07085      1.8062    2.272960 
   50270.00     1.07341      2.0145    2.286220 
   50280.00     1.07592      1.8497    2.285630 
   50290.00     1.07832      1.8990    2.289160 
   50300.00     1.08079      1.9799    2.291790 
   50310.00     1.08324      2.0105    2.293070 
   50320.00     1.08565      2.0777    2.295340 
   50330.00     1.08811      2.2553    2.297890 
   50340.00     1.09050      2.2642    2.298850 
   50350.00     1.09277      2.4103    2.300870 
   50360.00     1.09513      2.2632    2.310830 
   50370.00     1.09746      2.5662    2.312770 
   50380.00     1.09969      2.4004    2.218720 
   50390.00     1.10198      2.4231    2.216140 
   50400.00     1.10426      2.5623    2.218700 
   50410.00     1.10642      2.6284    2.233830 
   50420.00     1.10857      2.5524    2.243410 
   50430.00     1.11077      2.9670    2.246010 
   50440.00     1.11291      3.1268    2.247310 
   50450.00     1.11497      3.0114    2.248440 
   50460.00     1.11707      3.2305    2.252740 
   50470.00     1.11911      3.0726    2.253570 
   50480.00     1.12106      3.3262    2.255530 
   50490.00     1.12306      3.5335    2.257840 
   50500.00     1.12505      3.5523    2.262380 
   50510.00     1.12697      3.7200    2.262840 
   50520.00     1.12881      3.6065    2.264020 
   50530.00     1.13069      3.8020    2.268140 
   50540.00     1.13252      3.9017    2.272130 
   50550.00     1.13432      3.9066    2.273690 
   50560.00     1.13605      4.0882    2.276790 
   50570.00     1.13778      3.9086    2.281190 
   50580.00     1.13952      4.0744    2.283630 
   50590.00     1.14118      4.0951    2.289880 
   50600.00     1.14274      4.1770    2.295050 
   50610.00     1.14432      4.2570    2.297010 
   50620.00     1.14588      4.3488    2.297110 
   50630.00     1.14744      4.4406    2.298130 
   50640.00     1.14894      4.5521    2.301570 
   50650.00     1.15033      4.6459    2.305740 
   50660.00     1.15171      4.6064    2.307630 
   50670.00     1.15310      4.6695    2.310350 
   50680.00     1.15445      4.7633    2.312770 
   50690.00     1.15578      5.0140    2.310030 
   50700.00     1.15699      4.8778    2.309840 
   50710.00     1.15821      5.1719    2.313710 
   50720.00     1.15938      5.0920    2.317000 
   50730.00     1.16052      5.1354    2.318470 
   50740.00     1.16166      5.2864    2.319680 
   50750.00     1.16272      5.2242    2.321530 
   50760.00     1.16372      5.3881    2.323010 
   50770.00     1.16466      5.3595    2.325150 
   50780.00     1.16555      5.5095    2.325740 
   50790.00     1.16647      5.5421    2.323940 
   50800.00     1.16734      5.4651    2.325820 
   50810.00     1.16817      5.6684    2.345200 
   50820.00     1.16898      5.4473    2.347380 
   50830.00     1.16969      5.6546    2.347350 
   50840.00     1.17039      5.8105    2.351200 
   50850.00     1.17102      5.8846    2.350850 
   50860.00     1.17154      5.7533    2.356380 
   50870.00     1.17216      5.9329    2.355180 
   50880.00     1.17270      5.8609    2.354890 
   50890.00     1.17312      5.7602    2.355030 
   50900.00     1.17356      5.8865    2.359000 
   50910.00     1.17397      5.7178    2.359180 
   50920.00     1.17432      5.7454    2.358320 
   50930.00     1.17462      5.7197    2.358090 
   50940.00     1.17489      5.9675    2.359210 
   50950.00     1.17514      5.8273    2.361240 
   50960.00     1.17532      5.8431    2.361920 
   50970.00     1.17545      5.8421    2.359410 
   50980.00     1.17553      5.6575    2.362060 
   50990.00     1.17555      5.6842    2.365040 
   51000.00     1.17555      5.8253    2.363140 
   51010.00     1.17555      5.8549    2.361050 
   51020.00     1.17545      5.7168    2.361660 
   51030.00     1.17530      5.7612    2.362890 
   51040.00     1.17516      5.6891    2.362930 
   51050.00     1.17489      5.7316    2.362200 
   51060.00     1.17466      5.5026    2.361950 
   51070.00     1.17437      5.5322    2.362930 
   51080.00     1.17403      5.5717    2.361910 
   51090.00     1.17364      5.5233    2.360620 
   51100.00     1.17316      5.3881    2.360660 
   51110.00     1.17272      5.3456    2.360140 
   51120.00     1.17224      5.2341    2.359270 
   51130.00     1.17162      5.2104    2.358780 
   51140.00     1.17108      5.1907    2.358290 
   51150.00     1.17044      5.1502    2.358620 
   51160.00     1.16975      5.0101    2.360310 
   51170.00     1.16908      4.9429    2.356390 
   51180.00     1.16827      4.8452    2.361150 
   51190.00     1.16748      4.9972    2.357540 
   51200.00     1.16659      4.8926    2.359640 
   51210.00     1.16568      4.7061    2.358290 
   51220.00     1.16476      4.5462    2.355180 
   51230.00     1.16380      4.5787    2.345810 
   51240.00     1.16285      4.3438    2.331730 
   51250.00     1.16179      4.5580    2.321620 
   51260.00     1.16066      4.4465    2.320730 
   51270.00     1.15950      4.3478    2.320010 
   51280.00     1.15830      4.2402    2.318880 
   51290.00     1.15711      4.1741    2.319020 
   51300.00     1.15593      4.1208    2.319030 
   51310.00     1.15462      3.9007    2.318010 
   51320.00     1.15328      3.9974    2.316320 
   51330.00     1.15189      3.8908    2.312660 
   51340.00     1.15046      3.7802    2.309590 
   51350.00     1.14909      3.6993    2.309050 
   51360.00     1.14763      3.6588    2.309410 
   51370.00     1.14607      3.6134    2.310470 
   51380.00     1.14449      3.4535    2.315520 
   51390.00     1.14289      3.6006    2.305660 
   51400.00     1.14135      3.4851    2.303330 
   51410.00     1.13969      3.3114    2.295000 
   51420.00     1.13800      3.3341    2.294270 
   51430.00     1.13626      3.3223    2.293780 
   51440.00     1.13455      3.1229    2.290790 
   51450.00     1.13272      3.0479    2.281670 
   51460.00     1.13091      2.9591    2.265520 
   51470.00     1.12902      2.7528    2.262960 
   51480.00     1.12719      2.8604    2.260590 
   51490.00     1.12528      2.8811    2.262380 
   51500.00     1.12331      2.6551    2.260560 
   51510.00     1.12125      2.6511    2.256690 
   51520.00     1.11933      2.6916    2.253270 
   51530.00     1.11728      2.6294    2.252450 
   51540.00     1.11522      2.5208    2.252480 
   51550.00     1.11314      2.4675    2.252240 
   51560.00     1.11102      2.4823    2.250650 
   51570.00     1.10882      2.2711    2.241830 
   51580.00     1.10663      2.2336    2.231750 
   51590.00     1.10451      2.1754    2.221030 
   51600.00     1.10224      2.1655    2.216890 
   51610.00     1.09996      2.0964    2.213870 
   51620.00     1.09773      2.1250    2.211220 
   51630.00     1.09536      1.9395    2.209060 
   51640.00     1.09301      1.9030    2.207430 
   51650.00     1.09075      1.8911    2.205310 
   51660.00     1.08836      1.6384    2.202690 
   51670.00     1.08595      1.5723    2.201830 
   51680.00     1.08353      1.8960    2.196500 
   51690.00     1.08108      1.6740    2.192990 
   51700.00     1.07859      1.6463    2.173570 
   51710.00     1.07618      1.6720    2.167390 
   51720.00     1.07368      1.6967    2.164140 
   51730.00     1.07116      1.6365    2.161820 
   51740.00     1.06867      1.5486    2.159290 
   51750.00     1.06609      1.3897    2.156820 
   51760.00     1.06349      1.3789    2.155610 
   51770.00     1.06100      1.0699    2.154570 
   51780.00     1.05834      1.1805    2.146580 
   51790.00     1.05576      1.0620    2.141720 
   51800.00     1.05316      1.0591    2.138840 
   51810.00     1.05048      0.8725    2.126710 
   51820.00     1.04784      1.0630    2.119730 
   51830.00     1.04514      1.0048    2.119300 
   51840.00     1.04245      0.8735    2.118120 
   51850.00     1.03983      0.9910    2.113480 
   51860.00     1.03711      0.7630    2.109720 
   51870.00     1.03437      0.8538    2.109790 
   51880.00     1.03170      0.7521    2.109580 
   51890.00     1.02896      0.7679    2.113340 
   51900.00     1.02626      0.7245    2.108090 
   51910.00     1.02355      0.6998    2.114460 
   51920.00     1.02077      0.6238    2.132980 
   51930.00     1.01807      0.6643    2.134750 
   51940.00     1.01532      0.7590    2.129090 
   51950.00     1.01256      0.7837    2.127980 
   51960.00     1.00985      0.7521    2.126160 
   51970.00     1.00705      0.6455    2.116350 
   51980.00     1.00432      0.6919    2.109050 
   51990.00     1.00152      0.5744    2.102360 
   52000.00     0.99884      0.4984    2.104180 
   52010.00     0.99613      0.6504    2.097290 
   52020.00     0.99337      0.2813    2.092440 
   52030.00     0.99062      0.4461    2.093030 
   52040.00     0.98790      0.2951    2.084680 
   52050.00     0.98507      0.3504    2.071120 
   52060.00     0.98235      0.1431    2.066680 
   52070.00     0.97961      0.2171    2.068410 
   52080.00     0.97684      0.2181    2.064990 
   52090.00     0.97420      0.2744    2.061310 
   52100.00     0.97143      0.4491    2.064980 
   52110.00     0.96869      0.2931    2.057520 
   52120.00     0.96603      0.2102    2.050760 
   52130.00     0.96329      0.2566    2.047640 
   52140.00     0.96064      0.2043    2.044750 
   52150.00     0.95794      0.1609    2.043030 
   52160.00     0.95524      0.1026    2.045000 
   52170.00     0.95262      0.1402    2.046630 
   52180.00     0.94994      0.1668    2.040310 
   52190.00     0.94730      0.3682    2.015690 
   52200.00     0.94472      0.2803    1.990010 
   52210.00     0.94210      0.3583    1.996810 
   52220.00     0.93950      0.1510    2.006070 
   52230.00     0.93692      0.2744    2.005160 
   52240.00     0.93430      0.3504    1.993790 
   52250.00     0.93179      0.1658    1.994090 
   52260.00     0.92929     -0.0809    2.000020 
   52270.00     0.92676     -0.0898    1.970820 
   52280.00     0.92428      0.2004    1.937630 
   52290.00     0.92179      0.4333    1.938780 
   52300.00     0.91931      0.0760    2.002710 
   52310.00     0.91690      0.0454    1.918150 
   52320.00     0.91449      0.1569    1.915000 
   52330.00     0.91208      0.1599    1.934740 
   52340.00     0.90973      0.2359    1.906470 
   52350.00     0.90734      0.1708    1.896040 
   52360.00     0.90499      0.2764    1.937340 
   52370.00     0.90274      0.0444    2.038110 
   52380.00     0.90048      0.4560    2.460010 
   52390.00     0.89817      0.0415    1.928710 
   52400.00     0.89593      0.1658    1.922590 
   52410.00     0.89372     -0.1786    2.410460 
   52420.00     0.89152     -0.0227    2.080750 
   52430.00     0.88936      0.0602    2.209430 
   52440.00     0.88732      0.0691    2.394470 
   52450.00     0.88516      0.0819    2.438290 
   52460.00     0.88308     -0.1244    2.479020 
   52470.00     0.88106     -0.0533    2.500000 
   52480.00     0.87906      0.0651    2.490940 
   52490.00     0.87705     -0.0020    2.379150 
   52500.00     0.87511      0.0533    2.372490 
   52510.00     0.87326      0.0089    2.349190 
   52520.00     0.87133     -0.0217    2.461320 
   52530.00     0.86946     -0.1056    2.407370 
   52540.00     0.86761      0.0257    2.353800 
   52550.00     0.86588      0.1846    2.365100 
   52560.00     0.86410      0.1105    2.412020 
   52570.00     0.86239     -0.1481    2.485260 
   52580.00     0.86064      0.0750    2.500000 
   52590.00     0.85902      0.0642    2.500000 
   52600.00     0.85738     -0.0967    2.468300 
   52610.00     0.85578     -0.2122    2.495630 
   52620.00     0.85426     -0.1204    2.406920 
   52630.00     0.85274     -0.0494    2.400920 
   52640.00     0.85131      0.0247    2.460550 
   52650.00     0.84983      0.1105    2.496430 
   52660.00     0.84844     -0.0642    2.488290 
   52670.00     0.84705      0.0138    2.485080 
   52680.00     0.84572      0.0000    2.497300 
   52690.00     0.84451      0.0237    2.471620 
   52700.00     0.84324     -0.0217    2.400320 
   52710.00     0.84198     -0.0227    2.115880 
   52720.00     0.84081      0.0701    2.400210 
   52730.00     0.83965      0.1392    2.413650 
   52740.00     0.83857      0.0632    2.440010 
   52750.00     0.83761      0.0049    2.500000 
   52760.00     0.83655      0.0316    2.500000 
   52770.00     0.83555     -0.0750    2.500000 
   52780.00     0.83459      0.0148    2.456540 
   52790.00     0.83368     -0.1017    2.104950 
   52800.00     0.83283      0.0543    2.500000 
   52810.00     0.83200      0.1204    2.009480 
   52820.00     0.83125      0.0602    2.365110 
   52830.00     0.83052     -0.0020    2.402850 
   52840.00     0.82987     -0.0424    2.404760 
   52850.00     0.82921      0.0780    2.402180 
   52860.00     0.82861      0.1352    2.404920 
   52870.00     0.82809      0.0138    2.499960 
   52880.00     0.82751      0.0592    2.499860 
   52890.00     0.82703      0.0967    2.500000 
   52900.00     0.82663      0.2023    2.500000 
   52910.00     0.82622      0.0178    2.500000 
   52920.00     0.82584      0.0464    2.500000 
   52930.00     0.82555     -0.0138    2.088280 
   52940.00     0.82530      0.0918    2.159020 
   52950.00     0.82509      0.0572    2.358760 
   52960.00     0.82489      0.1550    2.358100 
   52970.00     0.82480      0.2014    2.355630 
   52980.00     0.82470      0.1471    2.348690 
   52990.00     0.82470      0.2665    2.318230 
   53000.00     0.82468      0.1263    2.325590 
   53010.00     0.82468      0.2665    1.968040 
   53020.00     0.82476      0.1727    2.245410 
   53030.00     0.82489      0.0691    2.358140 
   53040.00     0.82507     -0.0701    2.110730 
   53050.00     0.82528     -0.0227    2.118840 
   53060.00     0.82551      0.0316    2.350830 
   53070.00     0.82580      0.1540    2.262590 
   53080.00     0.82615      0.1224    2.020570 
   53090.00     0.82657      0.2231    2.357030 
   53100.00     0.82699      0.0207    2.500000 
   53110.00     0.82748      0.1135    2.500000 
   53120.00     0.82803     -0.0385    2.500000 
   53130.00     0.82855      0.0878    2.500000 
   53140.00     0.82915     -0.0612    2.500000 
   53150.00     0.82981      0.0602    2.500000 
   53160.00     0.83046      0.0494    2.496560 
   53170.00     0.83118      0.1224    2.482190 
   53180.00     0.83191     -0.0326    2.462090 
   53190.00     0.83276      0.1263    2.493880 
   53200.00     0.83358     -0.0158    2.489170 
   53210.00     0.83451      0.0444    2.497400 
   53220.00     0.83543      0.0385    2.488690 
   53230.00     0.83645     -0.1816    2.496040 
   53240.00     0.83750      0.0405    2.500000 
   53250.00     0.83844     -0.2655    2.500000 
   53260.00     0.83954     -0.1589    2.500000 
   53270.00     0.84069     -0.1629    2.459260 
   53280.00     0.84187      0.0424    2.344660 
   53290.00     0.84312      0.1096    2.358800 
   53300.00     0.84437      0.0484    2.500000 
   53310.00     0.84559     -0.0987    2.429660 
   53320.00     0.84690      0.0010    2.424270 
   53330.00     0.84829      0.0790    2.387180 
   53340.00     0.84969     -0.0967    2.449610 
   53350.00     0.85116      0.0434    2.481540 
   53360.00     0.85256      0.0247    2.477290 
   53370.00     0.85405      0.0691    2.500000 
   53380.00     0.85563      0.1678    2.498590 
   53390.00     0.85721     -0.0602    2.491970 
   53400.00     0.85884      0.3524    2.500000 
   53410.00     0.86044      0.3415    2.491450 
   53420.00     0.86218      0.1411    2.488430 
   53430.00     0.86391      0.0681    2.496620 
   53440.00     0.86566      0.1708    2.500000 
   53450.00     0.86742      0.2566    2.432730 
   53460.00     0.86927      0.1352    2.419410 
   53470.00     0.87114      0.0247    2.500000 
   53480.00     0.87303      0.1806    2.500000 
   53490.00     0.87487      0.1629    2.500000 
   53500.00     0.87684      0.0444    2.500000 
   53510.00     0.87882     -0.0365    2.363750 
   53520.00     0.88085      0.2132    2.351660 
   53530.00     0.88285      0.3691    2.451550 
   53540.00     0.88495      0.0829    2.495540 
   53550.00     0.88705     -0.0207    2.496350 
   53560.00     0.88911      0.1184    2.490040 
   53570.00     0.89129      0.0938    2.489850 
   53580.00     0.89351     -0.0523    2.393550 
   53590.00     0.89570      0.1935    1.967750 
   53600.00     0.89792     -0.0030    2.500000 
   53610.00     0.90021     -0.0079    2.500000 
   53620.00     0.90247      0.2023    2.009070 
   53630.00     0.90474      0.1441    1.929130 
   53640.00     0.90709      0.0780    2.292040 
   53650.00     0.90946      0.2468    2.199400 
   53660.00     0.91183      0.4185    1.936500 
   53670.00     0.91422      0.3010    1.943540 
   53680.00     0.91665      0.5369    1.931780 
   53690.00     0.91904      0.5231    1.865290 
   53700.00     0.92152      0.5152    1.860960 
   53710.00     0.92405      0.4106    1.960100 
   53720.00     0.92647      0.3218    1.939820 
   53730.00     0.92898      0.5902    1.929380 
   53740.00     0.93152      0.3474    1.928460 
   53750.00     0.93403      0.4748    1.964020 
   53760.00     0.93665      0.4975    1.973290 
   53770.00     0.93921      0.2704    1.950170 
   53780.00     0.94179      0.4698    1.961650 
   53790.00     0.94441      0.4570    1.969840 
   53800.00     0.94699      0.4234    1.987610 
   53810.00     0.94965      0.5044    2.007000 
   53820.00     0.95235      0.7235    1.994740 
   53830.00     0.95495      0.6672    1.990010 
   53840.00     0.95763      0.8232    1.990730 
   53850.00     0.96033      0.7837    2.005880 
   53860.00     0.96299      0.7047    2.027980 
   53870.00     0.96572      0.5320    2.045680 
   53880.00     0.96842      0.5113    2.053280 
   53890.00     0.97114      0.6870    2.046330 
   53900.00     0.97389      0.5813    2.042240 
   53910.00     0.97653      0.5912    2.034720 
   53920.00     0.97927      0.7797    2.038120 
   53930.00     0.98204      0.8123    2.041770 
   53940.00     0.98478      0.6958    2.052330 
   53950.00     0.98759      0.6031    2.074550 
   53960.00     0.99031      0.7264    2.090240 
   53970.00     0.99304      0.8291    2.094740 
   53980.00     0.99582      0.7847    2.100060 
   53990.00     0.99855      0.8705    2.102700 
   54000.00     1.00123      0.9031    2.102880 
   54010.00     1.00401      1.0482    2.085270 
   54020.00     1.00672      0.9870    2.119950 
   54030.00     1.00954      0.9515    2.086890 
   54040.00     1.01225      1.1943    2.110610 
   54050.00     1.01499      0.9367    2.129420 
   54060.00     1.01778      0.9613    2.126140 
   54070.00     1.02050      1.0196    2.120120 
   54080.00     1.02324      1.1124    2.119990 
   54090.00     1.02593      1.1864    2.125430 
   54100.00     1.02863      1.0314    2.175910 
   54110.00     1.03139      1.1785    2.176670 
   54120.00     1.03408      1.2624    2.183160 
   54130.00     1.03680      1.2130    2.184690 
   54140.00     1.03954      1.2308    2.182610 
   54150.00     1.04214      1.1805    2.187870 
   54160.00     1.04482      1.4558    2.190670 
   54170.00     1.04753      1.4470    2.193500 
   54180.00     1.05019      1.4588    2.208250 
   54190.00     1.05289      1.4173    2.226230 
   54200.00     1.05547      1.4104    2.227150 
   54210.00     1.05805      1.6276    2.232060 
   54220.00     1.06069      1.7154    2.237110 
   54230.00     1.06322      1.4598    2.234720 
   54240.00     1.06580      1.7223    2.246230 
   54250.00     1.06840      1.7075    2.259620 
   54260.00     1.07087      1.7134    2.272350 
   54270.00     1.07341      1.9326    2.282330 
   54280.00     1.07592      2.0244    2.287240 
   54290.00     1.07832      2.0155    2.290990 
   54300.00     1.08081      1.9720    2.290470 
   54310.00     1.08328      1.9819    2.293850 
   54320.00     1.08568      2.1665    2.295550 
   54330.00     1.08807      2.1991    2.297290 
   54340.00     1.09048      2.2642    2.297350 
   54350.00     1.09276      2.3274    2.302200 
   54360.00     1.09513      2.3757    2.304120 
   54370.00     1.09748      2.4892    2.270220 
   54380.00     1.09971      2.5050    2.216460 
   54390.00     1.10198      2.6097    2.216750 
   54400.00     1.10424      2.6610    2.217390 
   54410.00     1.10642      2.7054    2.236480 
   54420.00     1.10857      2.7844    2.237760 
   54430.00     1.11081      3.0252    2.239740 
   54440.00     1.11291      2.9916    2.245160 
   54450.00     1.11497      2.8604    2.250120 
   54460.00     1.11705      3.1989    2.251970 
   54470.00     1.11911      3.0903    2.252830 
   54480.00     1.12106      3.2719    2.255120 
   54490.00     1.12308      3.3558    2.257890 
   54500.00     1.12507      3.5888    2.261490 
   54510.00     1.12697      3.3736    2.263790 
   54520.00     1.12877      3.5207    2.263650 
   54530.00     1.13067      3.6381    2.266950 
   54540.00     1.13252      3.5315    2.269930 
   54550.00     1.13435      3.6667    2.273910 
   54560.00     1.13607      3.7299    2.278780 
   54570.00     1.13778      3.8454    2.281350 
   54580.00     1.13948      3.6806    2.283150 
   54590.00     1.14118      3.6737    2.289980 
   54600.00     1.14274      3.8345    2.295000 
   54610.00     1.14434      4.0369    2.296140 
   54620.00     1.14590      4.2086    2.295710 
   54630.00     1.14746      4.1662    2.297490 
   54640.00     1.14892      4.2343    2.301860 
   54650.00     1.15031      4.2501    2.304740 
   54660.00     1.15173      4.1573    2.307960 
   54670.00     1.15314      4.6419    2.310680 
   54680.00     1.15449      4.5511    2.310690 
   54690.00     1.15578      4.7426    2.309040 
   54700.00     1.15697      4.8472    2.309810 
   54710.00     1.15817      4.8324    2.314610 
   54720.00     1.15938      5.0111    2.316370 
   54730.00     1.16054      4.9212    2.320090 
   54740.00     1.16168      5.2726    2.323440 
   54750.00     1.16274      5.2657    2.322430 
   54760.00     1.16370      5.3190    2.321720 
   54770.00     1.16464      5.5391    2.323410 
   54780.00     1.16557      5.3279    2.324730 
   54790.00     1.16651      5.3555    2.323720 
   54800.00     1.16738      5.4937    2.326780 
   54810.00     1.16819      5.4947    2.346500 
   54820.00     1.16896      5.6230    2.347980 
   54830.00     1.16969      5.6575    2.348680 
   54840.00     1.17039      5.5440    2.354200 
   54850.00     1.17104      5.5233    2.354090 
   54860.00     1.17154      5.6003    2.354280 
   54870.00     1.17214      5.4473    2.353470 
   54880.00     1.17266      5.7444    2.352460 
   54890.00     1.17310      5.5963    2.355840 
   54900.00     1.17358      5.8421    2.356050 
   54910.00     1.17401      5.7839    2.357030 
   54920.00     1.17434      5.8757    2.359720 
   54930.00     1.17461      5.7710    2.359640 
   54940.00     1.17486      5.9033    2.360320 
   54950.00     1.17511      5.7720    2.362430 
   54960.00     1.17532      5.9161    2.363520 
   54970.00     1.17545      5.6575    2.362330 
   54980.00     1.17557      5.7296    2.362010 
   54990.00     1.17553      5.6121    2.364480 
   55000.00     1.17553      5.7405    2.363230 
   55010.00     1.17551      5.7938    2.362820 
   55020.00     1.17545      5.7888    2.362820 
   55030.00     1.17536      5.8026    2.362820 
   55040.00     1.17518      5.7039    2.361290 
   55050.00     1.17491      5.7405    2.363990 
   55060.00     1.17464      5.7148    2.363280 
   55070.00     1.17435      5.6151    2.361720 
   55080.00     1.17403      5.4305    2.362830 
   55090.00     1.17364      5.4819    2.363110 
   55100.00     1.17318      5.5845    2.359150 
   55110.00     1.17274      5.4443    2.361440 
   55120.00     1.17222      5.3861    2.360080 
   55130.00     1.17160      5.3989    2.358710 
   55140.00     1.17108      5.4394    2.359990 
   55150.00     1.17048      5.0308    2.359250 
   55160.00     1.16979      5.0722    2.358530 
   55170.00     1.16906      5.2104    2.359580 
   55180.00     1.16825      4.9903    2.361300 
   55190.00     1.16746      4.9202    2.361410 
   55200.00     1.16659      4.7761    2.359730 
   55210.00     1.16568      4.9558    2.359340 
   55220.00     1.16478      4.7870    2.350770 
   55230.00     1.16383      4.7080    2.329640 
   55240.00     1.16281      4.5787    2.324750 
   55250.00     1.16175      4.3636    2.321980 
   55260.00     1.16067      4.4267    2.320050 
   55270.00     1.15954      4.3892    2.319260 
   55280.00     1.15834      4.4080    2.319240 
   55290.00     1.15711      4.0921    2.319340 
   55300.00     1.15590      4.0319    2.319270 
   55310.00     1.15461      3.8809    2.318730 
   55320.00     1.15326      3.9944    2.312930 
   55330.00     1.15189      3.7497    2.312930 
   55340.00     1.15048      3.7270    2.311580 
   55350.00     1.14911      3.7773    2.310720 
   55360.00     1.14761      3.6352    2.309950 
   55370.00     1.14605      3.6815    2.310950 
   55380.00     1.14449      3.7487    2.310930 
   55390.00     1.14291      3.3499    2.307510 
   55400.00     1.14137      3.2640    2.304680 
   55410.00     1.13969      3.1673    2.300110 
   55420.00     1.13798      3.1989    2.300110 
   55430.00     1.13622      3.1525    2.292350 
   55440.00     1.13453      3.1120    2.288750 
   55450.00     1.13274      2.9285    2.274600 
   55460.00     1.13091      2.8811    2.266560 
   55470.00     1.12902      2.7873    2.262350 
   55480.00     1.12717      3.0203    2.260610 
   55490.00     1.12524      2.7044    2.261900 
   55500.00     1.12329      2.6659    2.260200 
   55510.00     1.12131      2.5800    2.258750 
   55520.00     1.11936      2.6264    2.254790 
   55530.00     1.11730      2.5238    2.252080 
   55540.00     1.11520      2.3757    2.251640 
   55550.00     1.11312      2.1813    2.253430 
   55560.00     1.11102      2.3777    2.248000 
   55570.00     1.10882      2.3254    2.241120 
   55580.00     1.10665      2.2879    2.238220 
   55590.00     1.10453      2.2978    2.232630 
   55600.00     1.10222      2.1685    2.216830 
   55610.00     1.09992      1.9691    2.214520 
   55620.00     1.09771      2.0362    2.212070 
   55630.00     1.09539      1.9553    2.210190 
   55640.00     1.09304      1.7243    2.207800 
   55650.00     1.09075      1.7835    2.206230 
   55660.00     1.08834      1.7194    2.203760 
   55670.00     1.08593      1.7075    2.200320 
   55680.00     1.08353      1.7036    2.196540 
   55690.00     1.08108      1.4608    2.190560 
   55700.00     1.07861      1.4124    2.179640 
   55710.00     1.07618      1.2278    2.167220 
   55720.00     1.07368      1.3502    2.165220 
   55730.00     1.07110      1.2120    2.162470 
   55740.00     1.06865      1.3335    2.160130 
   55750.00     1.06609      1.2930    2.156480 
   55760.00     1.06353      1.4637    2.154250 
   55770.00     1.06100      1.4914    2.151840 
   55780.00     1.05834      1.3167    2.184170 
   55790.00     1.05572      0.9781    2.207690 
   55800.00     1.05314      0.7916    2.138800 
   55810.00     1.05048      0.9949    2.131550 
   55820.00     1.04786      1.0008    2.120060 
   55830.00     1.04516      1.1173    2.120790 
   55840.00     1.04245      0.9604    2.117820 
   55850.00     1.03979      1.0749    2.114350 
   55860.00     1.03709      0.8646    2.114600 
   55870.00     1.03437      0.8992    2.112280 
   55880.00     1.03171      0.9633    2.109720 
   55890.00     1.02898      0.8794    2.111940 
   55900.00     1.02626      0.7511    2.115590 
   55910.00     1.02353      0.9100    2.113860 
   55920.00     1.02077      0.7422    2.132110 
   55930.00     1.01807      0.7580    2.130780 
   55940.00     1.01532      0.7472    2.131790 
   55950.00     1.01258      0.7876    2.127040 
   55960.00     1.00983      0.6662    2.119490 
   55970.00     1.00701      0.4738    2.115590 
   55980.00     1.00430      0.5399    2.110530 
   55990.00     1.00154      0.7560    2.103910 
   56000.00     0.99888      0.5389    2.102110 
   56010.00     0.99613      0.6208    2.098260 
   56020.00     0.99333      0.6514    2.094120 
   56030.00     0.99058      0.4590    2.091710 
   56040.00     0.98788      0.4264    2.083130 
   56050.00     0.98509      0.3711    2.074720 
   56060.00     0.98235      0.3395    2.067650 
   56070.00     0.97961      0.1500    2.065710 
   56080.00     0.97684      0.4274    2.065260 
   56090.00     0.97414      0.3464    2.063130 
   56100.00     0.97141      0.3672    2.060570 
   56110.00     0.96871      0.2744    2.057790 
   56120.00     0.96605      0.0592    2.052150 
   56130.00     0.96331      0.4313    2.046870 
   56140.00     0.96062      0.2892    2.043320 
   56150.00     0.95792      0.2537    2.043560 
   56160.00     0.95522      0.2507    2.046680 
   56170.00     0.95260      0.1836    2.045650 
   56180.00     0.94996      0.2625    2.037090 
   56190.00     0.94730      0.1964    2.014860 
   56200.00     0.94472      0.2724    1.985860 
   56210.00     0.94206      0.2053    1.987800 
   56220.00     0.93948      0.1688    2.012790 
   56230.00     0.93692      0.0543    2.010650 
   56240.00     0.93434      0.1342    1.986070 
   56250.00     0.93181      0.1510    1.996840 
   56260.00     0.92927      0.1826    2.002420 
   56270.00     0.92672      0.4846    1.969450 
   56280.00     0.92428      0.1204    1.940480 
   56290.00     0.92179      0.0967    1.960090 
   56300.00     0.91933      0.0987    1.980540 
   56310.00     0.91694      0.2655    1.899480 
   56320.00     0.91449      0.2092    1.905840 
   56330.00     0.91204      0.2270    1.937560 
   56340.00     0.90969      0.1490    1.966420 
   56350.00     0.90736      0.1273    1.946430 
   56360.00     0.90501      0.1786    1.939050 
   56370.00     0.90276      0.2744    2.196710 
   56380.00     0.90048     -0.0010    2.180640 
   56390.00     0.89815      0.1056    1.935300 
   56400.00     0.89592      0.0395    2.069830 
   56410.00     0.89374      0.3001    2.427580 
   56420.00     0.89154      0.1826    1.942610 
   56430.00     0.88938      0.1836    1.931300 
   56440.00     0.88732      0.2724    2.354530 
   56450.00     0.88516      0.1796    2.457930 
   56460.00     0.88304      0.0780    2.489170 
   56470.00     0.88106      0.0642    2.498480 
   56480.00     0.87909      0.1550    2.438900 
   56490.00     0.87709      0.2073    2.417680 
   56500.00     0.87509      0.3701    2.464870 
   56510.00     0.87322      0.1431    2.379840 
   56520.00     0.87131      0.2852    2.500000 
   56530.00     0.86944      0.0592    2.500000 
   56540.00     0.86761      0.2398    2.362100 
   56550.00     0.86588      0.2537    2.471680 
   56560.00     0.86410     -0.0375    2.500000 
   56570.00     0.86235     -0.0859    2.500000 
   56580.00     0.86062      0.1017    2.500000 
   56590.00     0.85904      0.0138    2.464800 
   56600.00     0.85742      0.1392    2.429120 
   56610.00     0.85582      0.1579    2.500000 
   56620.00     0.85424     -0.0178    2.495940 
   56630.00     0.85270      0.0494    2.409820 
   56640.00     0.85127      0.1135    2.405830 
   56650.00     0.84983      0.0997    2.483470 
   56660.00     0.84844      0.0809    2.482120 
   56670.00     0.84709      0.0799    2.477840 
   56680.00     0.84572      0.0839    2.489730 
   56690.00     0.84447      0.1431    2.466140 
   56700.00     0.84320      0.0237    2.424150 
   56710.00     0.84200     -0.0661    2.445400 
   56720.00     0.84085      0.0197    2.368190 
   56730.00     0.83967      0.1905    2.359920 
   56740.00     0.83857      0.2458    2.118530 
   56750.00     0.83757      0.0888    2.434510 
   56760.00     0.83653      0.1559    2.500000 
   56770.00     0.83553      0.0385    2.421360 
   56780.00     0.83461      0.0474    2.436070 
   56790.00     0.83370      0.1698    2.428830 
   56800.00     0.83285     -0.0020    2.366850 
   56810.00     0.83198      0.0286    2.494810 
   56820.00     0.83123      0.1441    2.490750 
   56830.00     0.83052      0.0424    2.357640 
   56840.00     0.82990      0.0286    2.493590 
   56850.00     0.82923      0.0661    2.376410 
   56860.00     0.82861     -0.2053    2.459770 
   56870.00     0.82807      0.1313    2.382280 
   56880.00     0.82750      0.0326    2.156990 
   56890.00     0.82703      0.0227    2.204560 
   56900.00     0.82665      0.1747    2.372160 
   56910.00     0.82626     -0.1490    2.138520 
   56920.00     0.82584     -0.0721    2.490160 
   56930.00     0.82551      0.1145    2.359470 
   56940.00     0.82528     -0.0681    2.362850 
   56950.00     0.82509      0.0306    2.031590 
   56960.00     0.82495     -0.1115    2.256640 
   56970.00     0.82482     -0.0020    2.199950 
   56980.00     0.82468      0.0385    2.107110 
   56990.00     0.82468      0.0790    2.208270 
   57000.00     0.82466     -0.1431    2.365860 
   57010.00     0.82468     -0.2171    2.298000 
   57020.00     0.82478      0.0770    1.942670 
   57030.00     0.82493      0.0247    2.373810 
   57040.00     0.82507      0.0020    2.348650 
   57050.00     0.82526      0.0207    2.325560 
   57060.00     0.82549     -0.0859    2.341210 
   57070.00     0.82580      0.0059    2.348970 
   57080.00     0.82618      0.0306    2.360930 
   57090.00     0.82661      0.1411    2.425040 
   57100.00     0.82699      0.0543    2.458470 
   57110.00     0.82744      0.0632    2.394530 
   57120.00     0.82800      0.1865    2.500000 
   57130.00     0.82855      0.0049    2.500000 
   57140.00     0.82915      0.0918    2.500000 
   57150.00     0.82985     -0.0839    2.500000 
   57160.00     0.83046     -0.1786    2.483880 
   57170.00     0.83116      0.1254    2.410160 
   57180.00     0.83187      0.0197    2.367930 
   57190.00     0.83276      0.1875    2.422160 
   57200.00     0.83360      0.0227    2.495510 
   57210.00     0.83453      0.0849    2.488910 
   57220.00     0.83545      0.0730    2.499740 
   57230.00     0.83644     -0.1984    2.497410 
   57240.00     0.83748     -0.1915    2.101750 
   57250.00     0.83844      0.0158    2.451970 
   57260.00     0.83954      0.0948    2.500000 
   57270.00     0.84071      0.2379    2.500000 
   57280.00     0.84187     -0.0069    2.419690 
   57290.00     0.84308      0.0572    2.417490 
   57300.00     0.84434     -0.0118    2.500000 
   57310.00     0.84559      0.0632    2.483320 
   57320.00     0.84694     -0.1135    2.419250 
   57330.00     0.84830      0.0780    2.381440 
   57340.00     0.84969      0.0661    2.405240 
   57350.00     0.85112      0.1382    2.399640 
   57360.00     0.85254     -0.0651    2.373230 
   57370.00     0.85405      0.0849    2.360050 
   57380.00     0.85563      0.0109    2.427180 
   57390.00     0.85723      0.0533    2.450650 
   57400.00     0.85886      0.0494    2.441890 
   57410.00     0.86044      0.1885    2.493220 
   57420.00     0.86214      0.1935    2.463280 
   57430.00     0.86391      0.0928    2.409520 
   57440.00     0.86570      0.0128    2.500000 
   57450.00     0.86742     -0.1342    2.500000 
   57460.00     0.86925      0.0938    2.500000 
   57470.00     0.87110      0.1520    2.402980 
   57480.00     0.87301      0.0207    2.364810 
   57490.00     0.87487     -0.1589    2.430690 
   57500.00     0.87684     -0.0424    2.500000 
   57510.00     0.87884      0.1155    2.495330 
   57520.00     0.88087      0.2537    2.466940 
   57530.00     0.88281      0.0296    2.376520 
   57540.00     0.88491      0.1915    2.500000 
   57550.00     0.88705      0.0888    2.500000 
   57560.00     0.88915      0.0553    2.480720 
   57570.00     0.89133      0.3573    2.492690 
   57580.00     0.89351      0.3455    2.500000 
   57590.00     0.89568      0.2497    2.457540 
   57600.00     0.89790      0.0266    2.442190 
   57610.00     0.90021      0.2023    2.351460 
   57620.00     0.90249      0.2043    1.909210 
   57630.00     0.90476      0.0513    1.948870 
   57640.00     0.90711      0.2310    2.492070 
   57650.00     0.90944      0.3010    1.974350 
   57660.00     0.91179      0.1816    1.936080 
   57670.00     0.91420      0.2576    1.946350 
   57680.00     0.91667      0.1727    1.898990 
   57690.00     0.91906      0.2033    1.865110 
   57700.00     0.92152      0.2122    1.896220 
   57710.00     0.92401      0.1155    1.953010 
   57720.00     0.92644      0.1056    1.963400 
   57730.00     0.92898      0.2398    1.928210 
   57740.00     0.93152      0.1836    1.927190 
   57750.00     0.93403      0.2872    1.966850 
   57760.00     0.93665      0.1984    1.992630 
   57770.00     0.93921      0.1935    1.972110 
   57780.00     0.94177      0.3267    1.963870 
   57790.00     0.94441      0.4432    1.971990 
   57800.00     0.94701      0.3484    1.985700 
   57810.00     0.94967      0.2537    1.994880 
   57820.00     0.95235      0.3889    1.990090 
   57830.00     0.95493      0.3978    1.990980 
   57840.00     0.95761      0.5932    1.988370 
   57850.00     0.96033      0.6406    2.012470 
   57860.00     0.96299      0.6268    2.032880 
   57870.00     0.96572      0.4915    2.046480 
   57880.00     0.96842      0.5962    2.053080 
   57890.00     0.97112      0.4599    2.048490 
   57900.00     0.97383      0.5123    2.044170 
   57910.00     0.97653      0.6406    2.047000 
   57920.00     0.97933      0.6899    2.044550 
   57930.00     0.98206      0.8251    2.039080 
   57940.00     0.98478      0.8054    2.055210 
   57950.00     0.98755      0.7709    2.087530 
   57960.00     0.99029      0.7255    2.087310 
   57970.00     0.99303      0.7008    2.094180 
   57980.00     0.99584      0.9120    2.101970 
   57990.00     0.99857      0.6228    2.103560 
   58000.00     1.00125      0.9870    2.096620 
   58010.00     1.00399      0.9910    2.097500 
   58020.00     1.00671      1.1055    2.111770 
   58030.00     1.00952      0.9890    2.078210 
   58040.00     1.01227      1.0117    2.108460 
   58050.00     1.01503      1.0156    2.130730 
   58060.00     1.01778      0.9061    2.125820 
   58070.00     1.02046      0.9979    2.120830 
   58080.00     1.02322      1.0492    2.121270 
   58090.00     1.02595      1.1597    2.151100 
   58100.00     1.02865      1.1913    2.176440 
   58110.00     1.03141      1.3354    2.177820 
   58120.00     1.03410      1.2732    2.183400 
   58130.00     1.03680      1.1479    2.183830 
   58140.00     1.03952      1.2555    2.180180 
   58150.00     1.04214      1.3808    2.189200 
   58160.00     1.04486      1.4361    2.193810 
   58170.00     1.04759      1.3591    2.194520 
   58180.00     1.05021      1.4677    2.218250 
   58190.00     1.05285      1.6197    2.229010 
   58200.00     1.05545      1.6177    2.227550 
   58210.00     1.05805      1.6315    2.231770 
   58220.00     1.06069      1.6128    2.238520 
   58230.00     1.06324      1.7292    2.238410 
   58240.00     1.06582      1.8289    2.241060 
   58250.00     1.06838      1.5526    2.263640 
   58260.00     1.07083      1.7717    2.275120 
   58270.00     1.07339      1.9207    2.282450 
   58280.00     1.07593      2.0707    2.286740 
   58290.00     1.07838      1.9819    2.289790 
   58300.00     1.08085      2.0471    2.291520 
   58310.00     1.08328      2.0540    2.292590 
   58320.00     1.08565      2.2711    2.295020 
   58330.00     1.08807      2.0480    2.298050 
   58340.00     1.09048      2.1971    2.295990 
   58350.00     1.09277      2.1813    2.296750 
   58360.00     1.09514      2.4300    2.316360 
   58370.00     1.09748      2.3353    2.239020 
   58380.00     1.09969      2.3590    2.217660 
   58390.00     1.10197      2.5080    2.217250 
   58400.00     1.10424      2.7992    2.222120 
   58410.00     1.10644      2.5337    2.235510 
   58420.00     1.10859      2.7439    2.246380 
   58430.00     1.11079      2.8011    2.247190 
   58440.00     1.11291      2.9808    2.249760 
   58450.00     1.11495      3.0015    2.250980 
   58460.00     1.11705      2.8781    2.253290 
   58470.00     1.11911      3.0203    2.253810 
   58480.00     1.12108      3.0390    2.256350 
   58490.00     1.12308      3.2374    2.258820 
   58500.00     1.12503      3.4308    2.260650 
   58510.00     1.12696      3.3924    2.261760 
   58520.00     1.12881      3.5562    2.262590 
   58530.00     1.13069      3.3835    2.265610 
   58540.00     1.13254      3.6085    2.271930 
   58550.00     1.13435      3.6687    2.276760 
   58560.00     1.13603      3.7299    2.282260 
   58570.00     1.13778      3.7220    2.282140 
   58580.00     1.13948      3.8474    2.285380 
   58590.00     1.14118      3.9273    2.291770 
   58600.00     1.14276      4.0823    2.295800 
   58610.00     1.14434      4.1178    2.296780 
   58620.00     1.14588      4.5057    2.297600 
   58630.00     1.14744      4.4978    2.297880 
   58640.00     1.14894      4.5245    2.301410 
   58650.00     1.15033      4.4583    2.305450 
   58660.00     1.15175      4.6498    2.308780 
   58670.00     1.15312      4.6528    2.309230 
   58680.00     1.15445      4.8798    2.310210 
   58690.00     1.15576      4.9617    2.309400 
   58700.00     1.15697      4.8857    2.309700 
   58710.00     1.15819      4.8186    2.312410 
   58720.00     1.15940      4.9992    2.315370 
   58730.00     1.16054      5.0624    2.318140 
   58740.00     1.16164      5.1956    2.323880 
   58750.00     1.16270      5.2874    2.322690 
   58760.00     1.16370      5.1186    2.323820 
   58770.00     1.16466      5.2687    2.323300 
   58780.00     1.16559      5.2588    2.324010 
   58790.00     1.16649      5.4769    2.325530 
   58800.00     1.16734      5.6210    2.328410 
   58810.00     1.16817      5.4651    2.336310 
   58820.00     1.16896      5.5815    2.345400 
   58830.00     1.16969      5.7493    2.344990 
   58840.00     1.17039      5.7888    2.355440 
   58850.00     1.17104      5.6575    2.353970 
   58860.00     1.17152      5.6368    2.356810 
   58870.00     1.17214      5.6743    2.355270 
   58880.00     1.17266      5.6102    2.355430 
   58890.00     1.17314      5.7681    2.356210 
   58900.00     1.17362      5.7266    2.356940 
   58910.00     1.17401      5.4730    2.357330 
   58920.00     1.17434      5.8648    2.357570 
   58930.00     1.17461      5.7868    2.358490 
   58940.00     1.17486      6.0642    2.359770 
   58950.00     1.17514      5.7503    2.359770 
   58960.00     1.17536      5.9823    2.360490 
   58970.00     1.17545      5.9270    2.360410 
   58980.00     1.17553      5.7641    2.361370 
   58990.00     1.17553      5.8243    2.362220 
   59000.00     1.17555      5.9300    2.362670 
   59010.00     1.17557      5.7888    2.363290 
   59020.00     1.17549      5.9221    2.363620 
   59030.00     1.17534      5.7957    2.362470 
   59040.00     1.17516      5.5934    2.362310 
   59050.00     1.17487      5.9053    2.363890 
   59060.00     1.17464      5.6980    2.363890 
   59070.00     1.17437      5.5934    2.362870 
   59080.00     1.17405      5.6319    2.361560 
   59090.00     1.17364      5.3496    2.361240 
   59100.00     1.17316      5.4187    2.360520 
   59110.00     1.17272      5.2874    2.359470 
   59120.00     1.17224      5.2331    2.359270 
   59130.00     1.17164      5.2094    2.359660 
   59140.00     1.17110      5.2025    2.358630 
   59150.00     1.17048      5.0772    2.361760 
   59160.00     1.16977      5.1413    2.359120 
   59170.00     1.16904      4.7781    2.358490 
   59180.00     1.16825      4.9025    2.358620 
   59190.00     1.16746      4.8028    2.358990 
   59200.00     1.16659      4.7850    2.360500 
   59210.00     1.16568      4.6320    2.355690 
   59220.00     1.16474      4.5324    2.349930 
   59230.00     1.16380      4.4129    2.350490 
   59240.00     1.16285      4.4376    2.323200 
   59250.00     1.16179      4.1277    2.321930 
   59260.00     1.16067      4.2224    2.319410 
   59270.00     1.15954      4.2589    2.320250 
   59280.00     1.15832      4.1139    2.319600 
   59290.00     1.15709      4.1987    2.318360 
   59300.00     1.15590      4.0823    2.318690 
   59310.00     1.15462      3.9313    2.317530 
   59320.00     1.15328      3.7960    2.314570 
   59330.00     1.15189      3.6993    2.313350 
   59340.00     1.15046      3.6292    2.310100 
   59350.00     1.14908      3.6914    2.309270 
   59360.00     1.14761      3.6213    2.309120 
   59370.00     1.14609      3.6529    2.311240 
   59380.00     1.14451      3.4782    2.311090 
   59390.00     1.14291      3.3548    2.308560 
   59400.00     1.14135      3.3025    2.305320 
   59410.00     1.13967      3.1841    2.299950 
   59420.00     1.13798      3.0370    2.292770 
   59430.00     1.13624      2.9699    2.284640 
   59440.00     1.13457      3.0696    2.272740 
   59450.00     1.13274      3.1407    2.270810 
   59460.00     1.13089      2.8663    2.265830 
   59470.00     1.12900      2.9067    2.263900 
   59480.00     1.12717      2.6649    2.262470 
   59490.00     1.12528      2.7528    2.261910 
   59500.00     1.12331      2.6422    2.260400 
   59510.00     1.12129      2.7686    2.258420 
   59520.00     1.11933      2.5238    2.255900 
   59530.00     1.11726      2.5337    2.252200 
   59540.00     1.11520      2.5544    2.250350 
   59550.00     1.11312      2.4606    2.252810 
   59560.00     1.11104      2.3057    2.248230 
   59570.00     1.10884      2.2445    2.240350 
   59580.00     1.10663      2.0707    2.236880 
   59590.00     1.10449      1.9069    2.224210 
   59600.00     1.10222      1.9553    2.215950 
   59610.00     1.09996      1.9503    2.213090 
   59620.00     1.09775      1.9434    2.211080 
   59630.00     1.09539      1.9316    2.208850 
   59640.00     1.09301      1.8398    2.206870 
   59650.00     1.09071      1.5615    2.207890 
   59660.00     1.08834      1.5693    2.202000 
   59670.00     1.08593      1.5516    2.198560 
   59680.00     1.08355      1.6049    2.195770 
   59690.00     1.08112      1.6187    2.189360 
   59700.00     1.07859      1.5062    2.176150 
   59710.00     1.07615      1.5259    2.166540 
   59720.00     1.07366      1.4252    2.164030 
   59730.00     1.07116      1.3966    2.162490 
   59740.00     1.06869      1.2713    2.159760 
   59750.00     1.06611      1.3443    2.157880 
   59760.00     1.06351      1.2219    2.156830 
   59770.00     1.06098      1.2278    2.152110 
   59780.00     1.05834      1.0828    2.147610 
   59790.00     1.05574      1.1558    2.144610 
   59800.00     1.05316      1.0600    2.138840 
   59810.00     1.05048      1.0670    2.129490 
   59820.00     1.04784      1.0087    2.121690 
   59830.00     1.04514      0.8103    2.119110 
   59840.00     1.04245      0.9771    2.117900 
   59850.00     1.03983      0.7847    2.116830 
   59860.00     1.03711      0.9850    2.116090 
   59870.00     1.03439      0.9900    2.111320 
   59880.00     1.03170      0.8133    2.108920 
   59890.00     1.02894      0.7768    2.111450 
   59900.00     1.02624      0.7097    2.111130 
   59910.00     1.02355      0.8972    2.116800 
   59920.00     1.02079      0.6840    2.131630 
   59930.00     1.01809      0.7659    2.140690 
   59940.00     1.01530      0.7985    2.129520 
   59950.00     1.01252      0.4698    2.127210 
   59960.00     1.00981      0.5784    2.109990 
   59970.00     1.00705      0.3593    2.115380 
   59980.00     1.00432      0.3464    2.109400 
   59990.00     1.00158      0.4451    2.104530 
   60000.00     0.99886      0.3632    2.101120 
   60010.00     0.99611      0.6011    2.096210 
   60020.00     0.99333      0.5044    2.092440 
   60030.00     0.99058      0.2023    2.089680 
   60040.00     0.98788      0.3494    2.080580 
   60050.00     0.98509      0.3504    2.071800 
   60060.00     0.98235      0.3928    2.067720 
   60070.00     0.97960      0.1668    2.070730 
   60080.00     0.97684      0.3612    2.065380 
   60090.00     0.97418      0.3849    2.061790 
   60100.00     0.97145      0.4718    2.064450 
   60110.00     0.96871      0.3020    2.060010 
   60120.00     0.96603      0.3938    2.050750 
   60130.00     0.96329      0.3583    2.047970 
   60140.00     0.96062      0.4905    2.048710 
   60150.00     0.95792      0.2389    2.041710 
   60160.00     0.95524      0.2635    2.047880 
   60170.00     0.95262      0.2014    2.045130 
   60180.00     0.94994      0.3178    2.037550 
   60190.00     0.94726      0.1984    2.020870 
   60200.00     0.94470      0.2250    1.996840 
   60210.00     0.94208     -0.0197    1.998110 
   60220.00     0.93952      0.0809    2.011020 
   60230.00     0.93694      0.2477    2.004480 
   60240.00     0.93432      0.2586    1.986470 
   60250.00     0.93179      0.0138    1.986930 
   60260.00     0.92925      0.0296    2.007900 
   60270.00     0.92671      0.1619    1.949020 
   60280.00     0.92428      0.1885    1.942050 
   60290.00     0.92181      0.2389    1.938400 
   60300.00     0.91933      0.1411    1.912420 
   60310.00     0.91690      0.1569    1.899550 
   60320.00     0.91447      0.1036    1.913970 
   60330.00     0.91208      0.2744    2.102550 
   60340.00     0.90973      0.3455    2.390930 
   60350.00     0.90736      0.2922    1.926840 
   60360.00     0.90501      0.1283    1.936950 
   60370.00     0.90272      0.0642    2.483110 
   60380.00     0.90046      0.0770    2.030470 
   60390.00     0.89815      0.2319    1.934940 
   60400.00     0.89593      0.1481    2.294230 
   60410.00     0.89376      0.1974    2.423340 
   60420.00     0.89154      0.1599    2.177540 
   60430.00     0.88936      0.0345    2.064770 
   60440.00     0.88728      0.0276    2.374670 
   60450.00     0.88516      0.1352    2.412410 
   60460.00     0.88308      0.1619    2.305910 
   60470.00     0.88108      0.2477    2.487860 
   60480.00     0.87906      0.2418    2.371720 
   60490.00     0.87707      0.0227    2.403420 
   60500.00     0.87507      0.1559    2.387290 
   60510.00     0.87322     -0.0207    2.439620 
   60520.00     0.87133      0.0819    2.500000 
   60530.00     0.86948     -0.0306    2.455470 
   60540.00     0.86761      0.2675    2.361370 
   60550.00     0.86586      0.1431    2.364260 
   60560.00     0.86408      0.1984    2.371670 
   60570.00     0.86235     -0.1293    2.498080 
   60580.00     0.86064      0.0878    2.500000 
   60590.00     0.85904      0.0553    2.410940 
   60600.00     0.85740      0.0306    2.460420 
   60610.00     0.85578     -0.0572    2.500000 
   60620.00     0.85420     -0.1402    2.459310 
   60630.00     0.85272      0.0997    2.389730 
   60640.00     0.85129      0.0474    2.362170 
   60650.00     0.84985      0.2073    2.407410 
   60660.00     0.84844     -0.0138    2.500000 
   60670.00     0.84705     -0.0721    2.486110 
   60680.00     0.84570      0.1056    2.465720 
   60690.00     0.84451      0.1086    2.422130 
   60700.00     0.84326      0.1510    2.470050 
   60710.00     0.84200      0.1303    2.272020 
   60720.00     0.84083      0.0365    2.211460 
   60730.00     0.83965     -0.0286    2.358690 
   60740.00     0.83855      0.0760    2.297330 
   60750.00     0.83757      0.0247    2.151460 
   60760.00     0.83655     -0.1105    2.500000 
   60770.00     0.83555     -0.0415    2.500000 
   60780.00     0.83461     -0.0178    2.377780 
   60790.00     0.83366     -0.0543    2.448340 
   60800.00     0.83283     -0.0020    2.482120 
   60810.00     0.83198      0.0099    2.486970 
   60820.00     0.83125      0.0049    2.482270 
   60830.00     0.83054     -0.0148    2.485010 
   60840.00     0.82988      0.0543    2.470260 
   60850.00     0.82921     -0.1520    2.372070 
   60860.00     0.82861      0.0069    2.335480 
   60870.00     0.82807      0.0276    1.922910 
   60880.00     0.82751      0.1471    2.445180 
   60890.00     0.82705      0.0987    2.500000 
   60900.00     0.82661     -0.0602    2.500000 
   60910.00     0.82620     -0.1224    2.500000 
   60920.00     0.82582      0.0089    2.440750 
   60930.00     0.82555      0.0671    2.366410 
   60940.00     0.82530      0.0276    2.355310 
   60950.00     0.82509      0.0602    2.353880 
   60960.00     0.82491     -0.0711    2.343380 
   60970.00     0.82478      0.0266    2.356110 
   60980.00     0.82466      0.0257    2.402580 
   60990.00     0.82466      0.0760    2.370990 
   61000.00     0.82468      0.1382    2.458020 
   61010.00     0.82470     -0.0138    2.394860 
   61020.00     0.82476     -0.0405    2.342020 
   61030.00     0.82487     -0.0701    2.405700 
   61040.00     0.82505      0.0266    2.324290 
   61050.00     0.82526      0.2310    1.975240 
   61060.00     0.82553      0.1786    2.381100 
   61070.00     0.82582      0.1698    2.362060 
   61080.00     0.82618      0.1619    2.363330 
   61090.00     0.82657      0.1935    2.365300 
   61100.00     0.82697      0.1332    2.090000 
   61110.00     0.82744      0.1915    2.288340 
   61120.00     0.82802      0.1540    2.500000 
   61130.00     0.82857      0.2112    2.500000 
   61140.00     0.82915      0.1925    2.500000 
   61150.00     0.82979      0.2714    2.499950 
   61160.00     0.83044      0.2448    2.498280 
   61170.00     0.83116      0.1915    2.471470 
   61180.00     0.83191      0.0405    2.376590 
   61190.00     0.83276      0.1796    2.400390 
   61200.00     0.83358     -0.0977    2.471310 
   61210.00     0.83449     -0.0227    2.175470 
   61220.00     0.83543     -0.0336    2.219570 
   61230.00     0.83642     -0.0563    2.335370 
   61240.00     0.83748     -0.0188    2.218010 
   61250.00     0.83844      0.0424    2.500000 
   61260.00     0.83954      0.0355    2.500000 
   61270.00     0.84066      0.1125    2.500000 
   61280.00     0.84183      0.1135    2.500000 
   61290.00     0.84308      0.2981    2.499620 
   61300.00     0.84437     -0.0178    2.499870 
   61310.00     0.84561     -0.0454    2.451860 
   61320.00     0.84692      0.2162    2.461640 
   61330.00     0.84829      0.1263    2.459010 
   61340.00     0.84967      0.2546    2.386280 
   61350.00     0.85112      0.1856    2.362500 
   61360.00     0.85256      0.0790    2.348980 
   61370.00     0.85407      0.1708    2.094120 
   61380.00     0.85563      0.1155    2.481740 
   61390.00     0.85721      0.1461    2.388330 
   61400.00     0.85882      0.3070    2.403390 
   61410.00     0.86042     -0.0740    2.468470 
   61420.00     0.86220     -0.0326    2.451040 
   61430.00     0.86393      0.0760    2.443440 
   61440.00     0.86568      0.2319    2.500000 
   61450.00     0.86740      0.0503    2.496890 
   61460.00     0.86925      0.0484    2.470270 
   61470.00     0.87110     -0.0405    2.310640 
   61480.00     0.87303     -0.0602    2.354960 
   61490.00     0.87487     -0.0918    2.479200 
   61500.00     0.87684      0.1619    2.500000 
   61510.00     0.87882      0.0415    2.500000 
   61520.00     0.88083     -0.0760    2.426300 
   61530.00     0.88283      0.0523    2.401400 
   61540.00     0.88495      0.1431    2.471370 
   61550.00     0.88709     -0.0217    2.496820 
   61560.00     0.88913      0.0010    2.485060 
   61570.00     0.89129     -0.0079    2.500000 
   61580.00     0.89349      0.0217    2.500000 
   61590.00     0.89568     -0.1362    2.398580 
   61600.00     0.89790      0.0651    2.472020 
   61610.00     0.90021      0.2773    2.118720 
   61620.00     0.90250      0.0849    1.917770 
   61630.00     0.90474      0.0336    2.169670 
   61640.00     0.90705      0.1727    2.320480 
   61650.00     0.90944      0.1026    1.931650 
   61660.00     0.91181     -0.0434    1.938030 
   61670.00     0.91424      0.2329    1.940920 
   61680.00     0.91667      0.2527    1.956700 
   61690.00     0.91904      0.1658    1.874690 
   61700.00     0.92150      0.1342    1.922480 
   61710.00     0.92401      0.1836    1.958560 
   61720.00     0.92645      0.1362    1.947000 
   61730.00     0.92900      0.2162    1.928630 
   61740.00     0.93152      0.0572    1.922990 
   61750.00     0.93401      0.1569    1.931130 
   61760.00     0.93665      0.2092    1.993320 
   61770.00     0.93921      0.2852    1.949620 
   61780.00     0.94181      0.2033    1.958880 
   61790.00     0.94443      0.0039    1.973100 
   61800.00     0.94701      0.2803    1.982440 
   61810.00     0.94965      0.3593    1.999070 
   61820.00     0.95233      0.2458    2.000370 
   61830.00     0.95493      0.2241    1.992220 
   61840.00     0.95763      0.4935    1.991950 
   61850.00     0.96035      0.2468    2.005310 
   61860.00     0.96301      0.3178    2.026810 
   61870.00     0.96572      0.2606    2.045760 
   61880.00     0.96838      0.5468    2.048490 
   61890.00     0.97110      0.3484    2.044120 
   61900.00     0.97389      0.4126    2.043010 
   61910.00     0.97657      0.3731    2.039860 
   61920.00     0.97933      0.6623    2.039290 
   61930.00     0.98206      0.4856    2.043000 
   61940.00     0.98476      0.4402    2.053510 
   61950.00     0.98755      0.5162    2.071290 
   61960.00     0.99029      0.5399    2.086890 
   61970.00     0.99304      0.6820    2.094110 
   61980.00     0.99584      0.8074    2.101140 
   61990.00     0.99855      0.8666    2.101140 
   62000.00     1.00121      0.7472    2.102710 
   62010.00     1.00399      0.8311    2.106780 
   62020.00     1.00674      0.8538    2.103460 
   62030.00     1.00954      0.8103    2.092160 
   62040.00     1.01227      1.0058    2.101750 
   62050.00     1.01501      0.9633    2.131280 
   62060.00     1.01778      0.8271    2.118730 
   62070.00     1.02048      0.9554    2.121160 
   62080.00     1.02324      0.7985    2.128450 
   62090.00     1.02597      0.9870    2.122310 
   62100.00     1.02867      1.0068    2.165590 
   62110.00     1.03141      1.0749    2.180030 
   62120.00     1.03407      1.1114    2.182950 
   62130.00     1.03680      1.0847    2.183910 
   62140.00     1.03954      0.9702    2.185800 
   62150.00     1.04218      1.0679    2.189840 
   62160.00     1.04486      0.9633    2.191810 
   62170.00     1.04755      1.1262    2.190510 
   62180.00     1.05019      1.3325    2.218780 
   62190.00     1.05285      1.3325    2.226830 
   62200.00     1.05545      1.3127    2.229840 
   62210.00     1.05807      1.5486    2.233390 
   62220.00     1.06071      1.2594    2.235010 
   62230.00     1.06322      1.3917    2.235190 
   62240.00     1.06580      1.5536    2.239970 
   62250.00     1.06838      1.6217    2.255230 
   62260.00     1.07087      1.6829    2.276060 
   62270.00     1.07343      1.6809    2.281680 
   62280.00     1.07593      1.6898    2.288060 
   62290.00     1.07832      1.7816    2.288910 
   62300.00     1.08081      1.8694    2.291360 
   62310.00     1.08326      1.9799    2.294360 
   62320.00     1.08566      2.0707    2.296490 
   62330.00     1.08809      2.0530    2.296520 
   62340.00     1.09048      2.3313    2.296720 
   62350.00     1.09276      2.3353    2.301360 
   62360.00     1.09511      2.2593    2.293890 
   62370.00     1.09746      2.4211    2.217520 
   62380.00     1.09971      2.6235    2.295530 
   62390.00     1.10200      2.6235    2.220880 
   62400.00     1.10426      2.5524    2.220150 
   62410.00     1.10642      2.6639    2.232270 
   62420.00     1.10859      2.5258    2.239920 
   62430.00     1.11079      2.5643    2.245060 
   62440.00     1.11289      2.6106    2.248440 
   62450.00     1.11497      2.9225    2.249910 
   62460.00     1.11707      2.7992    2.252140 
   62470.00     1.11909      2.9729    2.252150 
   62480.00     1.12104      3.0360    2.255550 
   62490.00     1.12306      3.4022    2.259780 
   62500.00     1.12505      3.3460    2.259460 
   62510.00     1.12699      3.3341    2.261160 
   62520.00     1.12881      3.5937    2.263720 
   62530.00     1.13069      3.6352    2.267400 
   62540.00     1.13252      3.5917    2.271290 
   62550.00     1.13435      3.7556    2.274550 
   62560.00     1.13605      3.8780    2.277260 
   62570.00     1.13780      3.9115    2.279210 
   62580.00     1.13950      3.9273    2.284850 
   62590.00     1.14118      4.1504    2.290920 
   62600.00     1.14272      4.0300    2.296200 
   62610.00     1.14432      4.0181    2.295340 
   62620.00     1.14590      4.3725    2.297080 
   62630.00     1.14748      4.2550    2.298750 
   62640.00     1.14896      4.3665    2.301260 
   62650.00     1.15031      4.3873    2.304940 
   62660.00     1.15173      4.4554    2.306870 
   62670.00     1.15310      4.5324    2.309570 
   62680.00     1.15445      4.4327    2.309570 
   62690.00     1.15578      4.6498    2.309570 
   62700.00     1.15699      4.7643    2.310370 
   62710.00     1.15819      4.7909    2.312560 
   62720.00     1.15938      4.9163    2.314790 
   62730.00     1.16052      4.7515    2.318290 
   62740.00     1.16168      4.9035    2.320360 
   62750.00     1.16274      5.0466    2.320720 
   62760.00     1.16372      5.2795    2.321520 
   62770.00     1.16466      5.3674    2.319710 
   62780.00     1.16557      5.1137    2.323300 
   62790.00     1.16649      5.3812    2.324960 
   62800.00     1.16736      5.3634    2.326180 
   62810.00     1.16817      5.7424    2.345030 
   62820.00     1.16896      5.6250    2.347720 
   62830.00     1.16969      5.7276    2.349120 
   62840.00     1.17039      5.5993    2.351090 
   62850.00     1.17102      5.5618    2.353240 
   62860.00     1.17156      5.3348    2.358990 
   62870.00     1.17216      5.5973    2.357500 
   62880.00     1.17268      5.6763    2.355040 
   62890.00     1.17312      5.6931    2.356560 
   62900.00     1.17358      5.7187    2.357780 
   62910.00     1.17399      5.8174    2.359480 
   62920.00     1.17432      5.7059    2.359110 
   62930.00     1.17462      5.7355    2.359300 
   62940.00     1.17487      5.8283    2.360440 
   62950.00     1.17511      5.8451    2.361550 
   62960.00     1.17530      5.4443    2.362300 
   62970.00     1.17541      5.7029    2.363220 
   62980.00     1.17555      5.6437    2.363890 
   62990.00     1.17557      5.7306    2.364040 
   63000.00     1.17555      5.5500    2.363770 
   63010.00     1.17555      5.5904    2.365300 
   63020.00     1.17545      5.5885    2.363040 
   63030.00     1.17534      5.6674    2.362440 
   63040.00     1.17516      5.3308    2.363530 
   63050.00     1.17489      5.4868    2.364040 
   63060.00     1.17464      5.4631    2.363270 
   63070.00     1.17437      5.6585    2.361890 
   63080.00     1.17401      5.4927    2.362800 
   63090.00     1.17362      5.3693    2.361450 
   63100.00     1.17318      5.2706    2.360760 
   63110.00     1.17274      5.2854    2.361170 
   63120.00     1.17224      5.2608    2.360260 
   63130.00     1.17162      5.1364    2.360650 
   63140.00     1.17108      5.0259    2.360740 
   63150.00     1.17046      5.0288    2.358560 
   63160.00     1.16977      5.0505    2.356320 
   63170.00     1.16906      4.9844    2.358410 
   63180.00     1.16827      4.7376    2.361290 
   63190.00     1.16746      4.7396    2.355040 
   63200.00     1.16657      4.7534    2.360070 
   63210.00     1.16568      4.8433    2.353780 
   63220.00     1.16476      4.6429    2.354140 
   63230.00     1.16383      4.4929    2.342190 
   63240.00     1.16285      4.5580    2.327550 
   63250.00     1.16177      4.3991    2.320540 
   63260.00     1.16066      4.3320    2.319770 
   63270.00     1.15952      4.2116    2.321450 
   63280.00     1.15832      4.0537    2.321200 
   63290.00     1.15711      4.0694    2.317960 
   63300.00     1.15593      4.0487    2.320500 
   63310.00     1.15462      3.9747    2.316110 
   63320.00     1.15326      3.9125    2.315280 
   63330.00     1.15189      3.8484    2.312740 
   63340.00     1.15048      3.8010    2.310060 
   63350.00     1.14911      3.6125    2.308650 
   63360.00     1.14765      3.3775    2.308980 
   63370.00     1.14607      3.2877    2.312270 
   63380.00     1.14449      3.3539    2.313380 
   63390.00     1.14289      3.3124    2.306820 
   63400.00     1.14135      3.0676    2.307820 
   63410.00     1.13969      3.2325    2.298950 
   63420.00     1.13798      2.9768    2.297060 
   63430.00     1.13624      3.1032    2.288470 
   63440.00     1.13455      2.9117    2.291320 
   63450.00     1.13272      2.7617    2.287130 
   63460.00     1.13091      2.7340    2.265460 
   63470.00     1.12904      2.6778    2.262530 
   63480.00     1.12719      2.7419    2.260050 
   63490.00     1.12526      2.4764    2.261350 
   63500.00     1.12329      2.6136    2.259910 
   63510.00     1.12127      2.5583    2.258930 
   63520.00     1.11934      2.4577    2.254250 
   63530.00     1.11730      2.2968    2.252410 
   63540.00     1.11522      2.2751    2.252890 
   63550.00     1.11314      2.3905    2.251670 
   63560.00     1.11102      2.2800    2.246950 
   63570.00     1.10881      2.1694    2.240830 
   63580.00     1.10665      2.0293    2.235020 
   63590.00     1.10451      2.1280    2.218320 
   63600.00     1.10225      2.0609    2.217300 
   63610.00     1.09998      1.8408    2.214290 
   63620.00     1.09773      1.9859    2.211630 
   63630.00     1.09538      1.8872    2.208840 
   63640.00     1.09303      1.7085    2.206860 
   63650.00     1.09073      1.6088    2.205190 
   63660.00     1.08836      1.5644    2.203020 
   63670.00     1.08593      1.3246    2.200460 
   63680.00     1.08353      1.4647    2.196920 
   63690.00     1.08108      1.3078    2.187040 
   63700.00     1.07861      1.2653    2.169520 
   63710.00     1.07620      1.1795    2.167590 
   63720.00     1.07370      1.2367    2.163610 
   63730.00     1.07114      1.1637    2.161940 
   63740.00     1.06865      1.1696    2.160050 
   63750.00     1.06609      1.2032    2.158820 
   63760.00     1.06351      1.2209    2.157220 
   63770.00     1.06100      1.2772    2.151720 
   63780.00     1.05834      1.1222    2.148110 
   63790.00     1.05574      1.0591    2.146150 
   63800.00     1.05314      0.8330    2.140500 
   63810.00     1.05046      0.9456    2.131110 
   63820.00     1.04784      0.9169    2.121600 
   63830.00     1.04516      0.8725    2.119960 
   63840.00     1.04249      0.8212    2.118470 
   63850.00     1.03983      0.9752    2.115930 
   63860.00     1.03711      0.8251    2.114000 
   63870.00     1.03437      0.5685    2.111530 
   63880.00     1.03171      0.5853    2.115690 
   63890.00     1.02896      0.6998    2.177280 
   63900.00     1.02626      0.6129    2.113250 
   63910.00     1.02355      0.6228    2.116410 
   63920.00     1.02077      0.6554    2.131830 
   63930.00     1.01807      0.6277    2.132490 
   63940.00     1.01532      0.5675    2.129110 
   63950.00     1.01258      0.4698    2.128250 
   63960.00     1.00985      0.3642    2.125090 
   63970.00     1.00703      0.4935    2.115740 
   63980.00     1.00430      0.4264    2.108560 
   63990.00     1.00154      0.3089    2.105560 
   64000.00     0.99886      0.5162    2.103590 
   64010.00     0.99613      0.4609    2.097130 
   64020.00     0.99337      0.2389    2.093080 
   64030.00     0.99060      0.3978    2.090220 
   64040.00     0.98788      0.3958    2.083440 
   64050.00     0.98505      0.4096    2.074160 
   64060.00     0.98235      0.2576    2.069040 
   64070.00     0.97963      0.3089    2.069200 
   64080.00     0.97688      0.0740    2.065570 
   64090.00     0.97418      0.3188    2.063000 
   64100.00     0.97141      0.2645    2.065120 
   64110.00     0.96869      0.3445    2.056110 
   64120.00     0.96603      0.2961    2.050890 
   64130.00     0.96329      0.2171    2.047260 
   64140.00     0.96064      0.2112    2.044240 
   64150.00     0.95794      0.1648    2.045000 
   64160.00     0.95522      0.2063    2.047420 
   64170.00     0.95260      0.1668    2.045430 
   64180.00     0.94994      0.0118    2.036720 
   64190.00     0.94732      0.0967    2.012820 
   64200.00     0.94472      0.1698    1.985780 
   64210.00     0.94208      0.0651    2.001110 
   64220.00     0.93950      0.1244    2.012660 
   64230.00     0.93692      0.0316    2.007030 
   64240.00     0.93432      0.0681    1.988520 
   64250.00     0.93179     -0.0582    1.990320 
   64260.00     0.92929      0.3366    2.004200 
   64270.00     0.92674      0.1165    1.988780 
   64280.00     0.92428     -0.0316    1.942800 
   64290.00     0.92177     -0.0069    1.939110 
   64300.00     0.91931     -0.0148    2.011570 
   64310.00     0.91694     -0.1007    1.910900 
   64320.00     0.91451     -0.0415    1.920340 
   64330.00     0.91208      0.0809    1.946590 
   64340.00     0.90971     -0.0671    1.958110 
   64350.00     0.90734     -0.1609    1.947490 
   64360.00     0.90501     -0.0365    1.948670 
   64370.00     0.90274      0.1076    1.970670 
   64380.00     0.90048      0.2112    1.957370 
   64390.00     0.89817      0.1481    1.947330 
   64400.00     0.89592      0.0898    2.500000 
   64410.00     0.89372      0.0938    2.005010 
   64420.00     0.89154      0.0878    1.944230 
   64430.00     0.88938      0.0859    2.259230 
   64440.00     0.88732      0.2043    2.387340 
   64450.00     0.88518      0.1184    2.426180 
   64460.00     0.88308      0.1984    2.413080 
   64470.00     0.88106      0.2793    2.321380 
   64480.00     0.87908     -0.2142    2.355210 
   64490.00     0.87707      0.0079    2.370770 
   64500.00     0.87509     -0.0079    2.380830 
   64510.00     0.87324     -0.1411    2.368480 
   64520.00     0.87133      0.1569    2.476820 
   64530.00     0.86944      0.1796    2.500000 
   64540.00     0.86761      0.0454    2.414240 
   64550.00     0.86590      0.1224    2.356900 
   64560.00     0.86412      0.0306    2.259740 
   64570.00     0.86237      0.1155    2.212950 
   64580.00     0.86064      0.0326    2.500000 
   64590.00     0.85904     -0.0612    2.477980 
   64600.00     0.85740      0.1895    2.099610 
   64610.00     0.85580     -0.0257    2.347030 
   64620.00     0.85424      0.1520    2.477370 
   64630.00     0.85274     -0.0415    2.438150 
   64640.00     0.85129      0.0395    2.466930 
   64650.00     0.84981      0.0365    2.494070 
   64660.00     0.84844      0.1441    2.417730 
   64670.00     0.84709      0.0355    2.362490 
   64680.00     0.84574     -0.0503    2.483270 
   64690.00     0.84453      0.2221    2.413080 
   64700.00     0.84324      0.1175    2.413940 
   64710.00     0.84200      0.1135    2.152440 
   64720.00     0.84083      0.0454    2.329630 
   64730.00     0.83967      0.0257    2.354410 
   64740.00     0.83857      0.1234    2.443230 
   64750.00     0.83761      0.1757    2.500000 
   64760.00     0.83653      0.1332    2.421580 
   64770.00     0.83553      0.0957    2.361780 
   64780.00     0.83461      0.1165    2.495250 
   64790.00     0.83370      0.3198    2.500000 
   64800.00     0.83285      0.2398    2.500000 
   64810.00     0.83202      0.1727    2.489690 
   64820.00     0.83125     -0.0010    2.493210 
   64830.00     0.83052      0.1244    2.496950 
   64840.00     0.82988      0.2862    2.419960 
   64850.00     0.82923      0.1984    2.368750 
   64860.00     0.82863      0.1668    2.420380 
   64870.00     0.82809      0.1994    2.474500 
   64880.00     0.82751      0.2171    2.432270 
   64890.00     0.82703     -0.0878    2.500000 
   64900.00     0.82661      0.1757    2.500000 
   64910.00     0.82624      0.1155    2.500000 
   64920.00     0.82586      0.0859    2.387150 
   64930.00     0.82557      0.3237    2.468040 
   64940.00     0.82530      0.1747    2.405760 
   64950.00     0.82509      0.1520    2.348390 
   64960.00     0.82491     -0.1283    2.343040 
   64970.00     0.82480      0.0049    2.334900 
   64980.00     0.82470      0.1471    2.358190 
   64990.00     0.82468      0.2053    2.445770 
   65000.00     0.82466      0.1895    1.929170 
   65010.00     0.82466      0.0691    2.327760 
   65020.00     0.82478     -0.0316    2.364410 
   65030.00     0.82491     -0.0938    2.347090 
   65040.00     0.82507     -0.0612    2.353130 
   65050.00     0.82528     -0.1293    2.356600 
   65060.00     0.82551     -0.0355    2.352360 
   65070.00     0.82580     -0.2468    2.242210 
   65080.00     0.82617     -0.0049    2.117060 
   65090.00     0.82659     -0.1214    2.484700 
   65100.00     0.82699     -0.1313    2.346950 
   65110.00     0.82746     -0.0405    2.498470 
   65120.00     0.82802     -0.0839    2.500000 
   65130.00     0.82855     -0.2458    2.500000 
   65140.00     0.82915     -0.0286    2.500000 
   65150.00     0.82983     -0.0257    2.500000 
   65160.00     0.83050     -0.1461    2.490900 
   65170.00     0.83118      0.0977    2.440040 
   65180.00     0.83191      0.2201    2.392740 
   65190.00     0.83276     -0.0592    2.500000 
   65200.00     0.83358      0.0928    2.499290 
   65210.00     0.83451      0.0612    2.357180 
   65220.00     0.83545      0.1204    2.466230 
   65230.00     0.83645     -0.0365    2.488160 
   65240.00     0.83748     -0.0247    2.496880 
   65250.00     0.83842      0.1096    2.500000 
   65260.00     0.83954      0.0878    2.500000 
   65270.00     0.84071      0.0138    2.500000 
   65280.00     0.84189      0.0572    2.465580 
   65290.00     0.84310     -0.0217    2.371830 
   65300.00     0.84435      0.2270    2.498730 
   65310.00     0.84559     -0.0799    2.372590 
   65320.00     0.84692      0.0878    2.401290 
   65330.00     0.84829      0.0878    2.404720 
   65340.00     0.84969      0.1658    2.470010 
   65350.00     0.85114      0.0079    2.439290 
   65360.00     0.85256     -0.0878    2.385920 
   65370.00     0.85405     -0.1836    2.419360 
   65380.00     0.85561     -0.0316    2.500000 
   65390.00     0.85724      0.1708    2.490820 
   65400.00     0.85886     -0.1836    2.430850 
   65410.00     0.86046      0.1461    2.489170 
   65420.00     0.86218      0.1579    2.496390 
   65430.00     0.86391     -0.0523    2.499420 
   65440.00     0.86568      0.0740    2.500000 
   65450.00     0.86742      0.0780    2.475490 
   65460.00     0.86927     -0.0197    2.477810 
   65470.00     0.87114     -0.0582    2.446220 
   65480.00     0.87303      0.1767    2.388670 
   65490.00     0.87486      0.0839    2.499870 
   65500.00     0.87682     -0.2211    2.500000 
   65510.00     0.87884     -0.1816    2.500000 
   65520.00     0.88087     -0.0790    2.369870 
   65530.00     0.88285      0.0039    2.473120 
   65540.00     0.88493      0.0000    2.221220 
   65550.00     0.88707     -0.0089    2.338710 
   65560.00     0.88913     -0.0859    2.490110 
   65570.00     0.89129     -0.0306    2.487020 
   65580.00     0.89351      0.1036    2.466990 
   65590.00     0.89570      0.2280    2.392720 
   65600.00     0.89792      0.2764    2.476170 
   65610.00     0.90019      0.2053    1.904300 
   65620.00     0.90249      0.0760    1.923840 
   65630.00     0.90476      0.1461    2.396540 
   65640.00     0.90711      0.1175    2.097310 
   65650.00     0.90948      0.0987    1.933570 
   65660.00     0.91181      0.2270    2.177260 
   65670.00     0.91422      0.2487    2.242570 
   65680.00     0.91667      0.1786    1.926470 
   65690.00     0.91904      0.2152    1.862050 
   65700.00     0.92154      0.2112    1.869950 
   65710.00     0.92403      0.1392    1.959530 
   65720.00     0.92645      0.2122    1.974740 
   65730.00     0.92898      0.3612    1.938890 
   65740.00     0.93150      0.3376    1.928450 
   65750.00     0.93403      0.3277    1.967670 
   65760.00     0.93669      0.2438    1.980590 
   65770.00     0.93923      0.3158    1.962560 
   65780.00     0.94179      0.2813    1.958390 
   65790.00     0.94441      0.1757    1.972390 
   65800.00     0.94699      0.2773    1.996260 
   65810.00     0.94965      0.1727    2.005160 
   65820.00     0.95233      0.2270    2.003260 
   65830.00     0.95495      0.2813    1.991640 
   65840.00     0.95763      0.2931    1.992580 
   65850.00     0.96033      0.4007    2.002370 
   65860.00     0.96299      0.3918    2.027310 
   65870.00     0.96574      0.5034    2.045410 
   65880.00     0.96842      0.1984    2.044960 
   65890.00     0.97114      0.6021    2.044770 
   65900.00     0.97387      0.3642    2.044850 
   65910.00     0.97655      0.4570    2.031860 
   65920.00     0.97931      0.5034    2.037430 
   65930.00     0.98206      0.6771    2.040380 
   65940.00     0.98480      0.6129    2.057570 
   65950.00     0.98759      0.7590    2.070660 
   65960.00     0.99029      0.7580    2.082510 
   65970.00     0.99303      0.8301    2.095130 
   65980.00     0.99582      0.7008    2.102100 
   65990.00     0.99855      0.5754    2.100590 
   66000.00     1.00127      0.7087    2.103070 
   66010.00     1.00403      0.6495    2.106020 
   66020.00     1.00674      0.7778    2.108240 
   66030.00     1.00952      0.8064    2.078260 
   66040.00     1.01225      0.8883    2.114680 
   66050.00     1.01499      0.8074    2.126980 
   66060.00     1.01778      1.0926    2.121230 
   66070.00     1.02048      1.1124    2.121080 
   66080.00     1.02324      1.1459    2.124900 
   66090.00     1.02593      1.1696    2.120450 
   66100.00     1.02865      1.2644    2.125860 
   66110.00     1.03143      1.1943    2.179720 
   66120.00     1.03410      1.1903    2.185280 
   66130.00     1.03682      1.1203    2.183900 
   66140.00     1.03954      1.2910    2.183570 
   66150.00     1.04216      1.1893    2.187830 
   66160.00     1.04486      1.2505    2.189760 
   66170.00     1.04755      1.2683    2.192940 
   66180.00     1.05019      1.3907    2.208110 
   66190.00     1.05287      1.4035    2.229390 
   66200.00     1.05547      1.3562    2.224340 
   66210.00     1.05803      1.3719    2.227480 
   66220.00     1.06067      1.4322    2.238200 
   66230.00     1.06324      1.5486    2.236290 
   66240.00     1.06584      1.5733    2.235440 
   66250.00     1.06840      1.5990    2.258320 
   66260.00     1.07085      1.7579    2.274350 
   66270.00     1.07339      1.6947    2.280530 
   66280.00     1.07592      1.7332    2.286250 
   66290.00     1.07832      2.0283    2.290480 
   66300.00     1.08081      2.0658    2.290260 
   66310.00     1.08329      2.1714    2.293260 
   66320.00     1.08568      1.9711    2.297360 
   66330.00     1.08807      1.8960    2.295870 
   66340.00     1.09046      2.1754    2.291280 
   66350.00     1.09276      2.1793    2.298930 
   66360.00     1.09514      2.4221    2.302290 
   66370.00     1.09750      2.5435    2.263030 
   66380.00     1.09973      2.4507    2.255670 
   66390.00     1.10198      2.4024    2.305790 
   66400.00     1.10424      2.6274    2.220050 
   66410.00     1.10642      2.3925    2.232350 
   66420.00     1.10859      2.5544    2.245940 
   66430.00     1.11081      2.6521    2.242370 
   66440.00     1.11293      2.8228    2.246550 
   66450.00     1.11497      2.7439    2.253130 
   66460.00     1.11705      2.8949    2.253340 
   66470.00     1.11911      3.0745    2.252570 
   66480.00     1.12108      3.0045    2.254950 
   66490.00     1.12308      3.2601    2.257820 
   66500.00     1.12507      3.2334    2.259990 
   66510.00     1.12697      3.2769    2.262150 
   66520.00     1.12881      3.3894    2.263950 
   66530.00     1.13067      3.5710    2.266310 
   66540.00     1.13252      3.6618    2.270540 
   66550.00     1.13437      3.7822    2.271790 
   66560.00     1.13607      3.5917    2.273120 
   66570.00     1.13778      3.9954    2.277390 
   66580.00     1.13948      3.8849    2.282950 
   66590.00     1.14116      3.9441    2.287830 
   66600.00     1.14274      4.0902    2.293690 
   66610.00     1.14435      4.1277    2.297360 
   66620.00     1.14590      4.3715    2.297210 
   66630.00     1.14746      4.2866    2.297350 
   66640.00     1.14894      4.4238    2.301050 
   66650.00     1.15033      4.5442    2.304500 
   66660.00     1.15173      4.4139    2.307310 
   66670.00     1.15312      4.6301    2.308800 
   66680.00     1.15447      4.5856    2.310190 
   66690.00     1.15578      4.7534    2.311300 
   66700.00     1.15697      4.7396    2.309630 
   66710.00     1.15817      4.8117    2.311820 
   66720.00     1.15940      4.8146    2.314450 
   66730.00     1.16056      4.8423    2.317430 
   66740.00     1.16168      4.8196    2.321140 
   66750.00     1.16272      5.0328    2.322040 
   66760.00     1.16370      4.8916    2.321440 
   66770.00     1.16464      5.1413    2.321090 
   66780.00     1.16559      5.0130    2.322810 
   66790.00     1.16651      5.4138    2.325320 
   66800.00     1.16738      5.2835    2.325910 
   66810.00     1.16817      5.2381    2.331670 
   66820.00     1.16894      5.4690    2.348480 
   66830.00     1.16969      5.5954    2.354360 
   66840.00     1.17040      5.5381    2.349800 
   66850.00     1.17104      5.6289    2.352660 
   66860.00     1.17156      5.5500    2.355800 
   66870.00     1.17216      5.5440    2.356260 
   66880.00     1.17266      5.6427    2.355410 
   66890.00     1.17312      5.6329    2.356020 
   66900.00     1.17358      5.8461    2.358660 
   66910.00     1.17401      5.7168    2.359070 
   66920.00     1.17434      5.7128    2.357640 
   66930.00     1.17461      5.6723    2.358510 
   66940.00     1.17486      5.6881    2.359700 
   66950.00     1.17513      5.8451    2.359810 
   66960.00     1.17534      5.7957    2.360340 
   66970.00     1.17547      5.7592    2.361460 
   66980.00     1.17557      5.7720    2.362950 
   66990.00     1.17555      5.8510    2.363380 
   67000.00     1.17555      5.8322    2.362300 
   67010.00     1.17555      5.8293    2.364800 
   67020.00     1.17547      5.7780    2.364650 
   67030.00     1.17536      5.7414    2.362750 
   67040.00     1.17516      5.7454    2.362150 
   67050.00     1.17489      5.5914    2.362740 
   67060.00     1.17462      5.6358    2.363170 
   67070.00     1.17435      5.5954    2.362330 
   67080.00     1.17407      5.4345    2.361950 
   67090.00     1.17368      5.4601    2.361800 
   67100.00     1.17318      5.4552    2.359560 
   67110.00     1.17272      5.4039    2.358850 
   67120.00     1.17222      5.2973    2.360530 
   67130.00     1.17160      5.1295    2.359360 
   67140.00     1.17110      5.2025    2.359050 
   67150.00     1.17048      5.1848    2.357420 
   67160.00     1.16979      5.0239    2.358040 
   67170.00     1.16906      4.7821    2.359590 
   67180.00     1.16825      5.0565    2.358650 
   67190.00     1.16746      4.9351    2.356830 
   67200.00     1.16661      4.9814    2.358060 
   67210.00     1.16570      4.8689    2.357160 
   67220.00     1.16476      4.7564    2.349240 
   67230.00     1.16382      4.6123    2.327560 
   67240.00     1.16283      4.3942    2.323670 
   67250.00     1.16177      4.4929    2.322570 
   67260.00     1.16067      4.6301    2.320600 
   67270.00     1.15954      4.3389    2.320050 
   67280.00     1.15834      4.2244    2.319160 
   67290.00     1.15709      4.2797    2.317110 
   67300.00     1.15590      4.1593    2.316190 
   67310.00     1.15461      4.0951    2.315670 
   67320.00     1.15329      3.9451    2.314300 
   67330.00     1.15191      4.0428    2.313390 
   67340.00     1.15050      3.8868    2.310580 
   67350.00     1.14909      3.8266    2.308770 
   67360.00     1.14761      3.6282    2.310770 
   67370.00     1.14607      3.5828    2.311760 
   67380.00     1.14451      3.5523    2.311620 
   67390.00     1.14291      3.4003    2.310500 
   67400.00     1.14137      3.5463    2.306670 
   67410.00     1.13967      3.5266    2.301070 
   67420.00     1.13796      3.2966    2.295230 
   67430.00     1.13624      3.2236    2.288060 
   67440.00     1.13457      2.9966    2.301770 
   67450.00     1.13276      2.9897    2.275910 
   67460.00     1.13092      3.1130    2.265360 
   67470.00     1.12902      2.8357    2.261790 
   67480.00     1.12717      2.9433    2.260670 
   67490.00     1.12526      2.8219    2.260520 
   67500.00     1.12329      2.6847    2.258680 
   67510.00     1.12129      2.2820    2.258470 
   67520.00     1.11934      2.6728    2.255230 
   67530.00     1.11728      2.2701    2.252960 
   67540.00     1.11518      2.3915    2.257740 
   67550.00     1.11312      2.1329    2.253600 
   67560.00     1.11104      2.2800    2.248130 
   67570.00     1.10884      2.0579    2.243660 
   67580.00     1.10665      1.9533    2.239010 
   67590.00     1.10451      1.9553    2.229040 
   67600.00     1.10222      1.9691    2.216460 
   67610.00     1.09996      1.9770    2.215210 
   67620.00     1.09773      1.6710    2.210620 
   67630.00     1.09539      1.6315    2.207180 
   67640.00     1.09304      1.6868    2.208160 
   67650.00     1.09073      1.7134    2.205810 
   67660.00     1.08832      1.5743    2.202150 
   67670.00     1.08592      1.5940    2.200860 
   67680.00     1.08355      1.5980    2.198850 
   67690.00     1.08112      1.3907    2.188040 
   67700.00     1.07861      1.2880    2.171440 
   67710.00     1.07618      1.4144    2.166380 
   67720.00     1.07368      1.2249    2.164090 
   67730.00     1.07112      1.1025    2.162170 
   67740.00     1.06867      1.1775    2.158540 
   67750.00     1.06611      1.2397    2.159070 
   67760.00     1.06353      1.1390    2.156090 
   67770.00     1.06100      1.2792    2.151000 
   67780.00     1.05832      1.2466    2.189530 
   67790.00     1.05572      1.1953    2.198410 
   67800.00     1.05316      1.0906    2.136450 
   67810.00     1.05050      1.1716    2.131100 
   67820.00     1.04786      1.0117    2.121740 
   67830.00     1.04514      0.9989    2.117610 
   67840.00     1.04245      0.9910    2.118470 
   67850.00     1.03981      0.9140    2.117290 
   67860.00     1.03711      0.7412    2.114080 
   67870.00     1.03439      0.6879    2.112980 
   67880.00     1.03171      0.8903    2.146530 
   67890.00     1.02896      0.9525    2.156790 
   67900.00     1.02622      0.8251    2.114300 
   67910.00     1.02353      0.6258    2.113590 
   67920.00     1.02077      0.6041    2.130670 
   67930.00     1.01809      0.7620    2.126460 
   67940.00     1.01534      0.6722    2.127610 
   67950.00     1.01256      0.4945    2.128950 
   67960.00     1.00983      0.6810    2.124630 
   67970.00     1.00701      0.3543    2.114890 
   67980.00     1.00430      0.4530    2.107870 
   67990.00     1.00156      0.4984    2.104790 
   68000.00     0.99886      0.4678    2.101580 
   68010.00     0.99613      0.3030    2.097100 
   68020.00     0.99333      0.4629    2.094290 
   68030.00     0.99058      0.3800    2.092290 
   68040.00     0.98786      0.5290    2.076860 
   68050.00     0.98509      0.3228    2.074040 
   68060.00     0.98235      0.4412    2.069470 
   68070.00     0.97960      0.3790    2.066260 
   68080.00     0.97684      0.3415    2.066370 
   68090.00     0.97418      0.1935    2.065700 
   68100.00     0.97141      0.3020    2.061190 
   68110.00     0.96871      0.4086    2.055600 
   68120.00     0.96603      0.3208    2.051850 
   68130.00     0.96329      0.1984    2.051850 
   68140.00     0.96062      0.0612    2.040570 
   68150.00     0.95790      0.1402    2.045640 
   68160.00     0.95524      0.0730    2.046320 
   68170.00     0.95264      0.1629    2.044950 
   68180.00     0.94998      0.0484    2.032400 
   68190.00     0.94730      0.1441    2.012350 
   68200.00     0.94470      0.1944    1.996090 
   68210.00     0.94206      0.0474    1.993610 
   68220.00     0.93950      0.1619    2.013370 
   68230.00     0.93694     -0.0464    2.006070 
   68240.00     0.93434      0.0582    1.983430 
   68250.00     0.93181      0.0878    1.998870 
   68260.00     0.92925     -0.0326    2.003770 
   68270.00     0.92672      0.1540    1.964610 
   68280.00     0.92428      0.0227    1.940520 
   68290.00     0.92179      0.1125    2.174670 
   68300.00     0.91933      0.1421    2.313680 
   68310.00     0.91692      0.0138    1.902310 
   68320.00     0.91449     -0.0020    1.957640 
   68330.00     0.91206      0.0780    2.381290 
   68340.00     0.90971      0.0799    1.883180 
   68350.00     0.90736      0.1105    1.923960 
   68360.00     0.90503      0.1096    1.937710 
   68370.00     0.90274      0.0513    1.890250 
   68380.00     0.90046      0.0780    1.901030 
   68390.00     0.89813      0.0878    2.176710 
   68400.00     0.89593      0.0928    2.500000 
   68410.00     0.89376      0.1254    2.382620 
   68420.00     0.89156      0.1362    1.939990 
   68430.00     0.88938      0.0217    1.930240 
   68440.00     0.88730      0.0355    2.468320 
   68450.00     0.88516      0.0740    2.476290 
   68460.00     0.88306      0.0306    2.342010 
   68470.00     0.88106      0.0099    2.432610 
   68480.00     0.87908      0.1204    2.435130 
   68490.00     0.87709      0.1056    2.381650 
   68500.00     0.87507     -0.0010    2.419250 
   68510.00     0.87322     -0.1727    2.497380 
   68520.00     0.87131     -0.1175    2.483580 
   68530.00     0.86948     -0.1708    2.350770 
   68540.00     0.86763     -0.1421    2.360080 
   68550.00     0.86590     -0.1056    2.347990 
   68560.00     0.86408     -0.2685    2.089410 
   68570.00     0.86235     -0.1856    2.339870 
   68580.00     0.86062     -0.1895    2.500000 
   68590.00     0.85904     -0.2073    2.319820 
   68600.00     0.85742     -0.0997    2.229520 
   68610.00     0.85580     -0.3228    2.485900 
   68620.00     0.85422     -0.2132    2.487020 
   68630.00     0.85268     -0.1915    2.391450 
   68640.00     0.85129     -0.1895    2.355650 
   68650.00     0.84985     -0.1155    2.360840 
   68660.00     0.84846     -0.0938    2.451380 
   68670.00     0.84707     -0.2724    2.488460 
   68680.00     0.84572     -0.0049    2.450560 
   68690.00     0.84449     -0.1915    2.425720 
   68700.00     0.84322     -0.1984    2.411250 
   68710.00     0.84200      0.0523    2.398180 
   68720.00     0.84085     -0.0178    2.481530 
   68730.00     0.83967     -0.0987    2.357920 
   68740.00     0.83855     -0.1599    2.356870 
   68750.00     0.83757     -0.1619    2.486400 
   68760.00     0.83653     -0.2339    2.500000 
   68770.00     0.83557     -0.2033    2.500000 
   68780.00     0.83462     -0.2073    2.500000 
   68790.00     0.83370     -0.0602    2.490960 
   68800.00     0.83285     -0.0948    2.482670 
   68810.00     0.83198     -0.2211    2.489590 
   68820.00     0.83123     -0.2112    2.484700 
   68830.00     0.83052     -0.3751    2.389700 
   68840.00     0.82990     -0.0809    2.355800 
   68850.00     0.82923     -0.0118    2.371020 
   68860.00     0.82861     -0.1263    2.150210 
   68870.00     0.82805      0.1283    2.093840 
   68880.00     0.82750     -0.1224    2.332710 
   68890.00     0.82703     -0.2369    2.500000 
   68900.00     0.82663     -0.1184    2.500000 
   68910.00     0.82622     -0.1688    2.500000 
   68920.00     0.82584     -0.1895    2.497850 
   68930.00     0.82553     -0.1165    2.480200 
   68940.00     0.82528     -0.1737    2.360230 
   68950.00     0.82509     -0.0888    2.340220 
   68960.00     0.82493     -0.0839    2.359230 
   68970.00     0.82482     -0.1194    2.329250 
   68980.00     0.82466     -0.0039    2.082970 
   68990.00     0.82466     -0.1046    2.203980 
   69000.00     0.82466     -0.0622    2.273280 
   69010.00     0.82470     -0.1609    2.025490 
   69020.00     0.82480     -0.1658    2.355440 
   69030.00     0.82491     -0.2063    2.361560 
   69040.00     0.82507     -0.1402    2.500000 
   69050.00     0.82526     -0.2477    2.007500 
   69060.00     0.82551     -0.0237    2.074840 
   69070.00     0.82580      0.0247    2.279040 
   69080.00     0.82618     -0.0780    2.376340 
   69090.00     0.82659     -0.2221    2.370210 
   69100.00     0.82697     -0.0859    2.343830 
   69110.00     0.82744     -0.2300    2.382670 
   69120.00     0.82802     -0.1915    2.500000 
   69130.00     0.82855     -0.1175    2.500000 
   69140.00     0.82917     -0.2300    2.500000 
   69150.00     0.82983     -0.1411    2.500000 
   69160.00     0.83044     -0.0257    2.487640 
   69170.00     0.83116     -0.1895    2.396640 
   69180.00     0.83189     -0.0948    2.353960 
   69190.00     0.83276     -0.1244    2.417440 
   69200.00     0.83360      0.0237    2.490490 
   69210.00     0.83451      0.0089    2.494470 
   69220.00     0.83541     -0.0602    2.474460 
   69230.00     0.83640      0.0109    2.447480 
   69240.00     0.83748     -0.0385    2.497560 
   69250.00     0.83846      0.2004    2.370200 
   69260.00     0.83956      0.0355    2.478950 
   69270.00     0.84069      0.0612    2.500000 
   69280.00     0.84187      0.1648    2.411590 
   69290.00     0.84308     -0.1263    2.425200 
   69300.00     0.84434     -0.2231    2.488790 
   69310.00     0.84559     -0.2408    2.469210 
   69320.00     0.84694     -0.0385    2.411980 
   69330.00     0.84829     -0.2704    2.398600 
   69340.00     0.84965     -0.0543    2.408140 
   69350.00     0.85110     -0.1184    2.484960 
   69360.00     0.85254     -0.0957    2.378270 
   69370.00     0.85407      0.0691    2.367320 
   69380.00     0.85563     -0.1530    2.452490 
   69390.00     0.85723     -0.0138    2.451690 
   69400.00     0.85884      0.0049    2.446170 
   69410.00     0.86042     -0.0138    2.493760 
   69420.00     0.86216      0.0266    2.483790 
   69430.00     0.86391      0.1273    2.500000 
   69440.00     0.86568      0.0020    2.500000 
   69450.00     0.86742      0.0563    2.366610 
   69460.00     0.86925      0.0780    2.468030 
   69470.00     0.87110      0.0888    2.354280 
   69480.00     0.87301     -0.0740    2.354570 
   69490.00     0.87487     -0.1954    2.443570 
   69500.00     0.87686      0.0602    2.500000 
   69510.00     0.87884      0.0671    2.499560 
   69520.00     0.88085     -0.0138    2.498910 
   69530.00     0.88283     -0.0385    2.500000 
   69540.00     0.88493      0.1175    2.500000 
   69550.00     0.88707     -0.0582    2.500000 
   69560.00     0.88915      0.0464    2.479040 
   69570.00     0.89131     -0.1125    2.494490 
   69580.00     0.89349      0.0799    2.500000 
   69590.00     0.89566     -0.1342    2.451660 
   69600.00     0.89788     -0.0296    2.189620 
   69610.00     0.90021      0.1125    2.098430 
   69620.00     0.90250      0.1796    2.377570 
   69630.00     0.90476      0.0089    1.931020 
   69640.00     0.90709     -0.0928    1.935120 
   69650.00     0.90944     -0.1283    1.943770 
   69660.00     0.91179     -0.0622    1.850790 
   69670.00     0.91420     -0.0938    1.922190 
   69680.00     0.91667      0.0316    1.887680 
   69690.00     0.91906      0.0948    1.863310 
   69700.00     0.92150     -0.0099    1.900390 
   69710.00     0.92399      0.0059    1.953030 
   69720.00     0.92642      0.0642    1.965230 
   69730.00     0.92900     -0.0701    1.934450 
   69740.00     0.93152      0.1086    1.928290 
   69750.00     0.93403      0.1757    1.965940 
   69760.00     0.93665     -0.0178    1.996940 
   69770.00     0.93919      0.2162    1.960440 
   69780.00     0.94177      0.1708    1.959420 
   69790.00     0.94441      0.1332    1.970220 
   69800.00     0.94701      0.2497    1.981820 
   69810.00     0.94965      0.1648    1.995180 
   69820.00     0.95233      0.1954    2.004020 
   69830.00     0.95491      0.2675    2.000630 
   69840.00     0.95761      0.1155    1.992840 
   69850.00     0.96033      0.1836    2.001500 
   69860.00     0.96303      0.0721    2.036160 
   69870.00     0.96574      0.3277    2.044400 
   69880.00     0.96840      0.4619    2.045800 
   69890.00     0.97110      0.3672    2.048090 
   69900.00     0.97387      0.4619    2.040170 
   69910.00     0.97655      0.3869    2.031690 
   69920.00     0.97931      0.4698    2.036710 
   69930.00     0.98206      0.5182    2.041370 
   69940.00     0.98476      0.4649    2.054130 
   69950.00     0.98755      0.4836    2.065890 
   69960.00     0.99027      0.5665    2.086130 
   69970.00     0.99304      0.4570    2.094400 
   69980.00     0.99584      0.6465    2.098370 
   69990.00     0.99857      0.8192    2.101420 
   70000.00     1.00002      0.5468    2.104920 
   70010.00     1.00002      0.7630    2.104640 
   70020.00     1.00002      0.6011    2.099670 
   70030.00     1.00002      0.3583    2.098680 
   70040.00     1.00004      0.6751    2.102040 
   70050.00     1.00004      0.6149    2.097470 
   70060.00     1.00004      0.6208    2.094090 
   70070.00     1.00000      0.6722    2.090840 
   70080.00     1.00002      0.5429    2.092090 
   70090.00     1.00004      0.6100    2.093350 
   70100.00     1.00006      0.5675    2.093360 
   70110.00     1.00006      0.6070    2.094190 
   70120.00     1.00004      0.5211    2.093840 
   70130.00     1.00002      0.7412    2.088380 
   70140.00     1.00002      0.5774    2.092720 
   70150.00     1.00004      0.5142    2.088930 
   70160.00     1.00004      0.6041    2.095060 
   70170.00     1.00006      0.5241    2.093350 
   70180.00     1.00002      0.9209    2.093880 
   70190.00     1.00002      0.7432    2.095010 
   70200.00     1.00002      0.7610    2.093150 
   70210.00     1.00004      0.6929    2.092370 
   70220.00     1.00006      0.7136    2.095170 
   70230.00     1.00004      0.7718    2.094460 
   70240.00     1.00004      0.4965    2.087460 
   70250.00     1.00004      0.4836    2.095490 
   70260.00     1.00002      0.4935    2.091160 
   70270.00     1.00004      0.5409    2.090660 
   70280.00     1.00004      0.4540    2.093810 
   70290.00     1.00006      0.3139    2.092500 
   70300.00     1.00004      0.5053    2.086520 
   70310.00     1.00002      0.4224    2.086860 
   70320.00     1.00002      0.4096    2.092060 
   70330.00     1.00004      0.5419    2.088070 
   70340.00     1.00006      0.5024    2.091210 
   70350.00     1.00006      0.5606    2.091060 
   70360.00     1.00004      0.7353    2.095140 
   70370.00     1.00004      0.3247    2.091080 
   70380.00     1.00002      0.5083    2.090970 
   70390.00     1.00004      0.4382    2.090070 
   70400.00     1.00004      0.3504    2.090720 
   70410.00     1.00006      0.4057    2.090600 
   70420.00     1.00004      0.4343    2.088670 
   70430.00     1.00004      0.3099    2.088830 
   70440.00     1.00002      0.3247    2.088810 
   70450.00     1.00002      0.4550    2.085420 
   70460.00     1.00004      0.4767    2.091600 
   70470.00     1.00004      0.4639    2.095740 
   70480.00     1.00004      0.4234    2.090040 
   70490.00     1.00002      0.5438    2.087860 
   70500.00     1.00002      0.5853    2.087700 
   70510.00     1.00002      0.4915    2.085090 
   70520.00     1.00004      0.6090    2.082830 
   70530.00     1.00006      0.5419    2.086460 
   70540.00     1.00004      0.5922    2.089400 
   70550.00     1.00002      0.6929    2.081300 
   70560.00     1.00002      0.4392    2.093500 
   70570.00     1.00004      0.4540    2.088660 
   70580.00     1.00006      0.5192    2.083600 
   70590.00     1.00004      0.5438    2.088510 
   70600.00     1.00004      0.6060    2.087080 
   70610.00     1.00004      0.6524    2.082440 
   70620.00     1.00002      0.5132    2.082970 
   70630.00     1.00002      0.6376    2.086000 
   70640.00     1.00004      0.6850    2.088340 
   70650.00     1.00006      0.6218    2.084200 
   70660.00     1.00004      0.6317    2.083450 
   70670.00     1.00002      0.5231    2.085290 
   70680.00     1.00002      0.5754    2.079030 
   70690.00     1.00004      0.5577    2.083980 
   70700.00     1.00006      0.5626    2.085310 
   70710.00     1.00006      0.8380    2.080880 
   70720.00     1.00004      0.3306    2.082250 
   70730.00     1.00002      0.4777    2.088610 
   70740.00     1.00002      0.6060    2.078030 
   70750.00     1.00004      0.4826    2.087860 
   70760.00     1.00004      0.6623    2.093170 
   70770.00     1.00004      0.4678    2.078750 
   70780.00     1.00004      0.5952    2.083610 
   70790.00     1.00002      0.4748    2.082020 
   70800.00     1.00002      0.6514    2.083450 
   70810.00     1.00004      0.5873    2.086100 
   70820.00     1.00004      0.5715    2.085310 
   70830.00     1.00004      0.4836    2.084030 
   70840.00     1.00004      0.5873    2.084400 
   70850.00     1.00004      0.5725    2.075350 
   70860.00     1.00002      0.7482    2.076570 
   70870.00     1.00002      0.5725    2.084810 
   70880.00     1.00004      0.6662    2.079850 
   70890.00     1.00004      0.7620    2.077220 
   70900.00     1.00004      0.7215    2.077240 
   70910.00     1.00002      0.7205    2.079090 
   70920.00     1.00002      0.5952    2.079630 
   70930.00     1.00002      0.6692    2.079520 
   70940.00     1.00006      0.5932    2.086830 
   70950.00     1.00004      0.6998    2.088010 
   70960.00     1.00004      0.5606    2.077480 
   70970.00     1.00004      0.3366    2.083700 
   70980.00     1.00004      0.4363    2.088110 
   70990.00     1.00002      0.6129    2.084060 
   71000.00     1.00004      0.5113    2.085090 
   71010.00     1.00004      0.5892    2.083010 
   71020.00     1.00004      0.6465    2.080280 
   71030.00     1.00002      0.7709    2.083130 
   71040.00     1.00002      0.5675    2.078130 
   71050.00     1.00002      0.7097    2.079400 
   71060.00     1.00006      0.7116    2.083590 
   71070.00     1.00004      0.6406    2.082190 
   71080.00     1.00004      0.7373    2.077030 
   71090.00     1.00002      0.7116    2.076870 
   71100.00     1.00002      0.7926    2.081170 
   71110.00     1.00002      0.6573    2.083170 
   71120.00     1.00002      0.5932    2.080530 
   71130.00     1.00004      0.4303    2.077880 
   71140.00     1.00004      0.6169    2.079200 
   71150.00     1.00002      0.6810    2.077610 
   71160.00     1.00000      0.7541    2.076870 
   71170.00     1.00002      0.4195    2.084070 
   71180.00     1.00006      0.6810    2.083160 
   71190.00     1.00006      0.6731    2.078520 
   71200.00     1.00004      0.6129    2.077180 
   71210.00     1.00002      0.7333    2.079190 
   71220.00     1.00002      0.5902    2.080190 
   71230.00     1.00004      0.7570    2.078450 
   71240.00     1.00004      0.5488    2.077240 
   71250.00     1.00004      0.7106    2.076750 
   71260.00     1.00004      0.5547    2.077330 
   71270.00     1.00002      0.4787    2.078900 
   71280.00     1.00002      0.6840    2.080010 
   71290.00     1.00002      0.5843    2.078160 
   71300.00     1.00004      0.5754    2.080100 
   71310.00     1.00004      0.5912    2.079950 
   71320.00     1.00004      0.4846    2.079060 
   71330.00     1.00002      0.5675    2.079620 
   71340.00     1.00002      0.6356    2.076950 
   71350.00     1.00004      0.5764    2.080100 
   71360.00     1.00002      0.4688    2.085720 
   71370.00     1.00006      0.5517    2.082410 
   71380.00     1.00004      0.6850    2.078260 
   71390.00     1.00002      0.6583    2.079590 
   71400.00     1.00002      0.7797    2.080200 
   71410.00     1.00004      0.6958    2.078230 
   71420.00     1.00006      0.7274    2.076770 
   71430.00     1.00006      0.4807    2.077330 
   71440.00     1.00004      0.5024    2.078000 
   71450.00     1.00002      0.5596    2.081070 
   71460.00     1.00004      0.6041    2.079930 
   71470.00     1.00002      0.5300    2.078040 
   71480.00     1.00004      0.5952    2.078460 
   71490.00     1.00004      0.6741    2.077330 
   71500.00     1.00004      0.6712    2.081640 
   71510.00     1.00002      0.4353    2.081050 
   71520.00     1.00000      0.6386    2.078280 
   71530.00     1.00002      0.4984    2.080230 
   71540.00     1.00004      0.6356    2.082400 
   71550.00     1.00006      0.3583    2.079400 
   71560.00     1.00004      0.5991    2.082370 
   71570.00     1.00002      0.5508    2.076920 
   71580.00     1.00002      0.4570    2.080350 
   71590.00     1.00002      0.7205    2.079400 
   71600.00     1.00004      0.4935    2.077310 
   71610.00     1.00004      0.3770    2.077860 
   71620.00     1.00004      0.4382    2.078590 
   71630.00     1.00004      0.5863    2.077460 
   71640.00     1.00002      0.4935    2.077700 
   71650.00     1.00002      0.6870    2.081900 
   71660.00     1.00004      0.5567    2.083440 
   71670.00     1.00004      0.5399    2.083290 
   71680.00     1.00006      0.7215    2.082490 
   71690.00     1.00002      0.6544    2.079950 
   71700.00     1.00002      0.3366    2.081030 
   71710.00     1.00002      0.4136    2.082880 
   71720.00     1.00004      0.3978    2.080670 
   71730.00     1.00004      0.4925    2.078400 
   71740.00     1.00004      0.6129    2.080840 
   71750.00     1.00002      0.5912    2.076080 
   71760.00     1.00000      0.6998    2.075810 
   71770.00     1.00002      0.6425    2.083020 
   71780.00     1.00004      0.6702    2.078060 
   71790.00     1.00006      0.6218    2.075710 
   71800.00     1.00004      0.8005    2.076490 
   71810.00     1.00004      0.5646    2.081090 
   71820.00     1.00002      0.5754    2.081430 
   71830.00     1.00002      0.5675    2.079220 
   71840.00     1.00004      0.6218    2.084090 
   71850.00     1.00006      0.7896    2.088390 
   71860.00     1.00004      0.5902    2.075350 
   71870.00     1.00004      0.4224    2.083850 
   71880.00     1.00002      0.7304    2.081610 
   71890.00     1.00002      0.6889    2.079050 
   71900.00     1.00004      0.4757    2.081920 
   71910.00     1.00004      0.6958    2.080100 
   71920.00     1.00004      0.7472    2.076840 
   71930.00     1.00002      0.7136    2.076770 
   71940.00     1.00002      0.6978    2.077280 
   71950.00     1.00004      0.5902    2.076400 
   71960.00     1.00004      0.7432    2.075100 
   71970.00     1.00004      0.5853    2.086790 
   71980.00     1.00006      0.7403    2.077780 
   71990.00     1.00004      0.6879    2.076720 
   72000.00     1.00002      0.7975    2.077650 
   72010.00     1.00002      0.7965    2.077320 
   72020.00     1.00004      0.9080    2.077140 
   72030.00     1.00006      0.6949    2.079690 
   72040.00     1.00006      0.8646    2.081620 
   72050.00     1.00004      0.6021    2.075810 
   72060.00     1.00004      0.6652    2.081090 
   72070.00     1.00002      0.7097    2.075810 
   72080.00     1.00004      0.7570    2.075810 
   72090.00     1.00004      0.7936    2.079200 
   72100.00     1.00004      0.7886    2.081860 
   72110.00     1.00004      0.8242    2.078460 
   72120.00     1.00004      0.6909    2.075420 
   72130.00     1.00002      0.8370    2.075770 
   72140.00     1.00004      0.7018    2.076410 
   72150.00     1.00008      0.8093    2.077330 
   72160.00     1.00006      0.7778    2.080120 
   72170.00     1.00004      0.8439    2.075960 
   72180.00     1.00004      0.7018    2.077350 
   72190.00     1.00002      0.5300    2.077610 
   72200.00     1.00004      0.5586    2.076470 
   72210.00     1.00004      0.7294    2.077730 
   72220.00     1.00006      0.6021    2.078360 
   72230.00     1.00004      0.6021    2.077190 
   72240.00     1.00002      0.5774    2.077190 
   72250.00     1.00002      0.6870    2.080000 
   72260.00     1.00004      0.7057    2.082990 
   72270.00     1.00006      0.7274    2.079160 
   72280.00     1.00004      0.8054    2.082390 
   72290.00     1.00004      0.7541    2.077950 
   72300.00     1.00002      0.7699    2.075580 
   72310.00     1.00002      0.6386    2.083400 
   72320.00     1.00002      0.6198    2.085380 
   72330.00     1.00004      0.6682    2.079560 
   72340.00     1.00006      0.8251    2.076460 
   72350.00     1.00006      0.6110    2.077280 
   72360.00     1.00002      0.8587    2.081230 
   72370.00     1.00002      0.7531    2.076570 
   72380.00     1.00002      0.7521    2.083240 
   72390.00     1.00006      0.6652    2.077950 
   72400.00     1.00006      0.8005    2.075420 
   72410.00     1.00004      0.6613    2.078210 
   72420.00     1.00002      0.7768    2.077540 
   72430.00     1.00004      0.7166    2.075760 
   72440.00     1.00004      0.6129    2.079370 
   72450.00     1.00004      0.9446    2.082610 
   72460.00     1.00004      0.8093    2.075450 
   72470.00     1.00004      0.8745    2.077330 
   72480.00     1.00002      0.9268    2.076030 
   72490.00     1.00002      0.7343    2.076210 
   72500.00     1.00004      0.8202    2.077480 
   72510.00     1.00004      0.6406    2.078410 
   72520.00     1.00004      0.7748    2.078090 
   72530.00     1.00004      1.0295    2.077250 
   72540.00     1.00002      0.7501    2.076700 
   72550.00     1.00002      0.8538    2.078080 
   72560.00     1.00002      0.8873    2.086080 
   72570.00     1.00004      0.8804    2.077330 
   72580.00     1.00006      0.9140    2.075730 
   72590.00     1.00004      0.9021    2.079500 
   72600.00     1.00002      0.9584    2.081800 
   72610.00     1.00004      0.9811    2.078490 
   72620.00     1.00004      0.8577    2.076350 
   72630.00     1.00006      0.7205    2.077680 
   72640.00     1.00004      0.8113    2.078010 
   72650.00     1.00006      0.7235    2.075110 
   72660.00     1.00004      0.8755    2.076200 
   72670.00     1.00002      0.6781    2.077330 
   72680.00     1.00002      0.7067    2.075430 
   72690.00     1.00004      0.6524    2.079130 
   72700.00     1.00006      0.7847    2.077840 
   72710.00     1.00004      0.7758    2.076690 
   72720.00     1.00002      0.8330    2.076260 
   72730.00     1.00002      0.7876    2.075860 
   72740.00     1.00004      0.8942    2.075450 
   72750.00     1.00004      0.8054    2.075320 
   72760.00     1.00006      0.8409    2.075890 
   72770.00     1.00004      0.8686    2.083890 
   72780.00     1.00004      0.7353    2.077350 
   72790.00     1.00002      0.6899    2.076650 
   72800.00     1.00004      0.8449    2.075650 
   72810.00     1.00004      0.9268    2.076730 
   72820.00     1.00004      0.8093    2.076420 
   72830.00     1.00004      0.8548    2.076010 
   72840.00     1.00002      0.9692    2.077350 
   72850.00     1.00002      0.8765    2.078340 
   72860.00     1.00004      1.1637    2.076910 
   72870.00     1.00006      1.0482    2.077330 
   72880.00     1.00006      0.9692    2.074640 
   72890.00     1.00004      0.7432    2.075910 
   72900.00     1.00002      0.9278    2.081250 
   72910.00     1.00002      0.8804    2.079330 
   72920.00     1.00004      0.8626    2.076820 
   72930.00     1.00004      0.8005    2.075670 
   72940.00     1.00004      0.7393    2.075580 
   72950.00     1.00004      0.7995    2.077030 
   72960.00     1.00002      0.6771    2.076950 
   72970.00     1.00002      0.6879    2.076260 
   72980.00     1.00004      0.9594    2.076720 
   72990.00     1.00004      0.6583    2.076590 
   73000.00     1.00006      0.9732    2.075980 
   73010.00     1.00004      0.7225    2.076110 
   73020.00     1.00002      0.9850    2.077030 
   73030.00     1.00002      0.8084    2.076820 
   73040.00     1.00004      0.8093    2.076060 
   73050.00     1.00004      0.7383    2.076670 
   73060.00     1.00006      0.7965    2.076940 
   73070.00     1.00004      0.8370    2.076260 
   73080.00     1.00002      0.8380    2.081450 
   73090.00     1.00002      0.7975    2.076970 
   73100.00     1.00004      0.8775    2.077250 
   73110.00     1.00006      0.7995    2.077380 
   73120.00     1.00006      0.7699    2.077590 
   73130.00     1.00004      0.7837    2.076960 
   73140.00     1.00004      0.8163    2.076700 
   73150.00     1.00002      0.8380    2.077850 
   73160.00     1.00004      0.9900    2.077630 
   73170.00     1.00004      0.9456    2.082000 
   73180.00     1.00004      0.9831    2.075650 
   73190.00     1.00004      1.0245    2.075650 
   73200.00     1.00002      0.7235    2.076260 
   73210.00     1.00002      0.8932    2.075160 
   73220.00     1.00004      0.7106    2.078270 
   73230.00     1.00004      0.8804    2.079450 
   73240.00     1.00006      0.8952    2.080560 
   73250.00     1.00004      0.9080    2.083530 
   73260.00     1.00002      0.8429    2.076210 
   73270.00     1.00002      0.6781    2.076860 
   73280.00     1.00002      0.7718    2.076420 
   73290.00     1.00004      0.5804    2.075160 
   73300.00     1.00004      0.6583    2.074920 
   73310.00     1.00004      0.9633    2.076370 
   73320.00     1.00002      0.7511    2.076130 
   73330.00     1.00000      0.9505    2.076070 
   73340.00     1.00002      0.9140    2.079340 
   73350.00     1.00006      0.8715    2.081870 
   73360.00     1.00004      0.6406    2.075960 
   73370.00     1.00004      0.9288    2.076860 
   73380.00     1.00002      0.6919    2.076260 
   73390.00     1.00004      0.6929    2.075130 
   73400.00     1.00004      0.7689    2.076400 
   73410.00     1.00004      0.5952    2.076510 
   73420.00     1.00004      0.8439    2.076060 
   73430.00     1.00006      0.7462    2.081870 
   73440.00     1.00002      0.7847    2.083970 
   73450.00     1.00000      0.7590    2.076850 
   73460.00     1.00002      0.7353    2.077480 
   73470.00     1.00004      0.6119    2.076520 
   73480.00     1.00006      0.7333    2.075350 
   73490.00     1.00004      0.6909    2.079610 
   73500.00     1.00004      0.6731    2.075170 
   73510.00     1.00002      0.7235    2.075330 
   73520.00     1.00002      0.6899    2.076540 
   73530.00     1.00004      0.6179    2.078760 
   73540.00     1.00004      0.6504    2.078950 
   73550.00     1.00004      0.4767    2.076290 
   73560.00     1.00004      0.6751    2.075930 
   73570.00     1.00002      0.7620    2.075910 
   73580.00     1.00002      0.5922    2.077640 
   73590.00     1.00004      0.6090    2.075490 
   73600.00     1.00006      0.4935    2.076750 
   73610.00     1.00004      0.7768    2.078450 
   73620.00     1.00004      0.7077    2.077600 
   73630.00     1.00004      0.5073    2.076950 
   73640.00     1.00002      0.7077    2.076880 
   73650.00     1.00004      0.5577    2.076500 
   73660.00     1.00004      0.6258    2.076480 
   73670.00     1.00006      0.5537    2.075440 
   73680.00     1.00002      0.6692    2.076870 
   73690.00     1.00002      0.6593    2.077310 
   73700.00     1.00002      0.6356    2.076180 
   73710.00     1.00006      0.7255    2.075510 
   73720.00     1.00006      0.5883    2.076100 
   73730.00     1.00006      0.6672    2.076410 
   73740.00     1.00004      0.6366    2.075900 
   73750.00     1.00002      0.7837    2.075750 
   73760.00     1.00004      0.7116    2.076580 
   73770.00     1.00004      0.6307    2.075920 
   73780.00     1.00004      0.6435    2.075500 
   73790.00     1.00004      0.7570    2.076380 
   73800.00     1.00004      0.8459    2.076290 
   73810.00     1.00002      0.7718    2.075590 
   73820.00     1.00004      0.9120    2.076690 
   73830.00     1.00004      0.8755    2.077330 
   73840.00     1.00006      0.8103    2.076050 
   73850.00     1.00006      0.7610    2.074710 
   73860.00     1.00004      0.8084    2.075670 
   73870.00     1.00004      0.8054    2.077690 
   73880.00     1.00004      0.8084    2.085270 
   73890.00     1.00004      0.6870    2.076930 
   73900.00     1.00004      0.9169    2.075800 
   73910.00     1.00004      0.7353    2.076690 
   73920.00     1.00004      0.7383    2.076930 
   73930.00     1.00002      0.9278    2.075420 
   73940.00     1.00002      0.8686    2.075360 
   73950.00     1.00004      0.6771    2.076700 
   73960.00     1.00006      0.8044    2.076680 
   73970.00     1.00004      0.7353    2.079110 
   73980.00     1.00004      0.8853    2.075500 
   73990.00     1.00002      0.7639    2.076550 
   74000.00     1.00002      0.8054    2.079890 
   74010.00     1.00004      0.8390    2.076760 
   74020.00     1.00004      0.8478    2.075950 
   74030.00     1.00004      0.7975    2.076360 
   74040.00     1.00004      0.9080    2.076830 
   74050.00     1.00002      0.7975    2.076530 
   74060.00     1.00002      0.8093    2.075580 
   74070.00     1.00004      0.7768    2.076950 
   74080.00     1.00006      0.8330    2.076260 
   74090.00     1.00006      0.8074    2.075810 
   74100.00     1.00004      0.8202    2.076610 
   74110.00     1.00002      0.8172    2.075310 
   74120.00     1.00004      0.6534    2.076110 
   74130.00     1.00004      0.7511    2.079770 
   74140.00     1.00006      0.5340    2.080200 
   74150.00     1.00006      0.7393    2.078740 
   74160.00     1.00004      0.7116    2.079920 
   74170.00     1.00002      0.7146    2.075960 
   74180.00     1.00004      0.6524    2.074740 
   74190.00     1.00004      0.5448    2.076110 
   74200.00     1.00006      0.5261    2.075570 
   74210.00     1.00004      0.8123    2.075740 
   74220.00     1.00004      0.6564    2.076940 
   74230.00     1.00002      0.6899    2.076540 
   74240.00     1.00002      0.7274    2.076010 
   74250.00     1.00004      0.6722    2.076740 
   74260.00     1.00004      0.8863    2.077220 
   74270.00     1.00006      0.8636    2.075970 
   74280.00     1.00004      0.6870    2.077150 
   74290.00     1.00002      0.8330    2.074130 
   74300.00     1.00002      0.7422    2.076190 
   74310.00     1.00004      0.5448    2.077020 
   74320.00     1.00004      0.6090    2.076760 
   74330.00     1.00006      0.7097    2.076040 
   74340.00     1.00004      0.6722    2.077970 
   74350.00     1.00002      0.7245    2.078820 
   74360.00     1.00002      0.8291    2.075460 
   74370.00     1.00002      0.4106    2.075910 
   74380.00     1.00004      0.7718    2.076570 
   74390.00     1.00004      0.7403    2.076570 
   74400.00     1.00004      0.7255    2.076990 
   74410.00     1.00002      0.5764    2.076420 
   74420.00     1.00002      0.7778    2.075320 
   74430.00     1.00004      0.5823    2.076220 
   74440.00     1.00004      0.6376    2.077180 
   74450.00     1.00004      0.7521    2.076730 
   74460.00     1.00004      0.6356    2.077940 
   74470.00     1.00004      0.7531    2.082770 
   74480.00     1.00002      0.6672    2.076560 
   74490.00     1.00002      0.7491    2.076260 
   74500.00     1.00004      0.7600    2.076120 
   74510.00     1.00006      0.7827    2.077100 
   74520.00     1.00004      0.6870    2.082570 
   74530.00     1.00002      0.7106    2.079950 
   74540.00     1.00002      0.6100    2.076130 
   74550.00     1.00004      0.5508    2.076000 
   74560.00     1.00006      0.6248    2.076450 
   74570.00     1.00004      0.6761    2.076320 
   74580.00     1.00004      0.6652    2.077400 
   74590.00     1.00002      0.5616    2.075040 
   74600.00     1.00002      0.5369    2.075610 
   74610.00     1.00002      0.5646    2.076400 
   74620.00     1.00004      0.6031    2.076240 
   74630.00     1.00004      0.5300    2.075650 
   74640.00     1.00004      0.7570    2.079910 
   74650.00     1.00002      0.5310    2.081540 
   74660.00     1.00002      0.6870    2.076490 
   74670.00     1.00004      0.6198    2.076450 
   74680.00     1.00006      0.5991    2.077420 
   74690.00     1.00006      0.5833    2.076110 
   74700.00     1.00004      0.6544    2.076680 
   74710.00     1.00002      0.7274    2.075320 
   74720.00     1.00004      0.5083    2.076040 
   74730.00     1.00002      0.4412    2.077070 
   74740.00     1.00004      0.4629    2.076100 
   74750.00     1.00004      0.5330    2.077300 
   74760.00     1.00004      0.6169    2.080060 
   74770.00     1.00002      0.7215    2.076800 
   74780.00     1.00002      0.5350    2.076990 
   74790.00     1.00004      0.3652    2.086030 
   74800.00     1.00004      0.3376    2.074580 
   74810.00     1.00006      0.4787    2.075260 
   74820.00     1.00004      0.3918    2.079180 
   74830.00     1.00002      0.3830    2.078080 
   74840.00     1.00002      0.5083    2.076180 
   74850.00     1.00002      0.4984    2.075810 
   74860.00     1.00004      0.5448    2.075850 
   74870.00     1.00004      0.5369    2.075990 
   74880.00     1.00004      0.3494    2.076180 
   74890.00     1.00002      0.2695    2.077180 
   74900.00     1.00002      0.3603    2.077330 
   74910.00     1.00004      0.3849    2.077330 
   74920.00     1.00004      0.3079    2.076090 
   74930.00     1.00006      0.4876    2.075460 
   74940.00     1.00004      0.5646    2.077670 
   74950.00     1.00004      0.4096    2.078520 
   74960.00     1.00004      0.4560    2.076400 
   74970.00     1.00004      0.5142    2.075860 
   74980.00     1.00004      0.4461    2.076710 
   74990.00     1.00006      0.5813    2.076570 
   75000.00     1.00004      0.4471    2.075240 
   75010.00     1.00002      0.5656    2.074930 
   75020.00     1.00000      0.6465    2.076260 
   75030.00     1.00004      0.6860    2.078770 
   75040.00     1.00004      0.5093    2.078390 
   75050.00     1.00006      0.6090    2.076770 
   75060.00     1.00004      0.5369    2.076370 
   75070.00     1.00002      0.5399    2.076030 
   75080.00     1.00002      0.5735    2.075080 
   75090.00     1.00002      0.5705    2.075500 
   75100.00     1.00004      0.3464    2.076700 
   75110.00     1.00002      0.5675    2.076990 
   75120.00     1.00004      0.6307    2.075870 
   75130.00     1.00002      0.4955    2.075800 
   75140.00     1.00000      0.7235    2.076860 
   75150.00     1.00004      0.6879    2.077440 
   75160.00     1.00004      0.4935    2.076300 
   75170.00     1.00006      0.5478    2.075620 
   75180.00     1.00004      0.6840    2.079760 
   75190.00     1.00004      0.5389    2.076870 
   75200.00     1.00002      0.5764    2.076270 
   75210.00     1.00002      0.6238    2.076130 
   75220.00     1.00004      0.5813    2.076110 
   75230.00     1.00004      0.6623    2.076110 
   75240.00     1.00004      0.4935    2.076960 
   75250.00     1.00002      0.6228    2.076760 
   75260.00     1.00002      0.4185    2.075200 
   75270.00     1.00004      0.3543    2.074870 
   75280.00     1.00006      0.6189    2.077030 
   75290.00     1.00006      0.5083    2.077030 
   75300.00     1.00004      0.4116    2.075040 
   75310.00     1.00004      0.4086    2.076120 
   75320.00     1.00002      0.4195    2.075790 
   75330.00     1.00004      0.4155    2.075550 
   75340.00     1.00004      0.4106    2.076180 
   75350.00     1.00004      0.5448    2.076450 
   75360.00     1.00004      0.4185    2.078030 
   75370.00     1.00002      0.4205    2.080770 
   75380.00     1.00002      0.6860    2.077260 
   75390.00     1.00004      0.4688    2.075670 
   75400.00     1.00006      0.5024    2.076870 
   75410.00     1.00006      0.5123    2.075500 
   75420.00     1.00004      0.5764    2.075470 
   75430.00     1.00002      0.5725    2.076430 
   75440.00     1.00002      0.5004    2.076440 
   75450.00     1.00004      0.5675    2.075760 
   75460.00     1.00004      0.6554    2.075780 
   75470.00     1.00004      0.5113    2.076750 
   75480.00     1.00004      0.6248    2.077270 
   75490.00     1.00004      0.5715    2.076850 
   75500.00     1.00002      0.5577    2.075650 
   75510.00     1.00002      0.7807    2.076210 
   75520.00     1.00004      0.5744    2.076390 
   75530.00     1.00006      0.5093    2.076100 
   75540.00     1.00004      0.6307    2.076400 
   75550.00     1.00004      0.6011    2.076290 
   75560.00     1.00004      0.5369    2.076080 
   75570.00     1.00004      0.5596    2.076340 
   75580.00     1.00004      0.4481    2.075820 
   75590.00     1.00004      0.6179    2.076800 
   75600.00     1.00006      0.5083    2.074430 
   75610.00     1.00004      0.7462    2.076820 
   75620.00     1.00002      0.7580    2.077270 
   75630.00     1.00002      0.7679    2.076260 
   75640.00     1.00004      0.6504    2.075450 
   75650.00     1.00006      0.5873    2.077690 
   75660.00     1.00004      0.8192    2.078580 
   75670.00     1.00004      0.6731    2.075380 
   75680.00     1.00004      0.7531    2.075640 
   75690.00     1.00004      0.7511    2.078880 
   75700.00     1.00004      0.7600    2.075810 
   75710.00     1.00004      0.7057    2.075520 
   75720.00     1.00006      0.8715    2.075380 
   75730.00     1.00002      0.7975    2.075130 
   75740.00     1.00002      0.6445    2.077970 
   75750.00     1.00002      0.6722    2.078360 
   75760.00     1.00004      0.7462    2.076780 
   75770.00     1.00006      0.6879    2.076710 
   75780.00     1.00004      0.7896    2.076190 
   75790.00     1.00004      0.7255    2.075770 
   75800.00     1.00004      0.7600    2.075040 
   75810.00     1.00004      0.7324    2.075620 
   75820.00     1.00004      0.6514    2.076540 
   75830.00     1.00004      0.5419    2.075840 
   75840.00     1.00004      0.5735    2.079130 
   75850.00     1.00002      0.5833    2.077710 
   75860.00     1.00002      0.6208    2.074870 
   75870.00     1.00002      0.6307    2.076470 
   75880.00     1.00004      0.5399    2.076790 
   75890.00     1.00006      0.5034    2.075700 
   75900.00     1.00004      0.7531    2.076420 
   75910.00     1.00004      0.7975    2.079460 
   75920.00     1.00004      0.5715    2.077700 
   75930.00     1.00004      0.5685    2.077110 
   75940.00     1.00004      0.5665    2.076460 
   75950.00     1.00006      0.6504    2.075570 
   75960.00     1.00004      0.6356    2.075590 
   75970.00     1.00004      0.5971    2.075890 
   75980.00     1.00002      0.5616    2.074970 
   75990.00     1.00004      0.6238    2.076650 
   76000.00     1.00006      0.5103    2.075650 
   76010.00     1.00006      0.7136    2.077400 
   76020.00     1.00004      0.5754    2.077350 
   76030.00     1.00002      0.6386    2.075300 
   76040.00     1.00002      0.6198    2.074970 
   76050.00     1.00004      0.5902    2.075590 
   76060.00     1.00004      0.6514    2.076150 
   76070.00     1.00006      0.5409    2.075830 
   76080.00     1.00006      0.4599    2.074770 
   76090.00     1.00004      0.5577    2.076260 
   76100.00     1.00002      0.5202    2.076260 
   76110.00     1.00002      0.7087    2.079520 
   76120.00     1.00004      0.4066    2.076210 
   76130.00     1.00006      0.4195    2.077140 
   76140.00     1.00006      0.4599    2.076270 
   76150.00     1.00004      0.8488    2.075420 
   76160.00     1.00002      0.5675    2.076310 
   76170.00     1.00004      0.6179    2.076740 
   76180.00     1.00004      0.5626    2.075180 
   76190.00     1.00004      0.4817    2.076900 
   76200.00     1.00006      0.6801    2.075650 
   76210.00     1.00004      0.6583    2.076700 
   76220.00     1.00002      0.7097    2.075260 
   76230.00     1.00004      0.6356    2.074470 
   76240.00     1.00004      0.4767    2.075570 
   76250.00     1.00004      0.5241    2.076510 
   76260.00     1.00004      0.5113    2.075870 
   76270.00     1.00004      0.6031    2.075170 
   76280.00     1.00002      0.5389    2.076050 
   76290.00     1.00004      0.6218    2.075670 
   76300.00     1.00004      0.6820    2.074430 
   76310.00     1.00004      0.6978    2.077300 
   76320.00     1.00006      0.6731    2.076530 
   76330.00     1.00004      0.4777    2.075480 
   76340.00     1.00002      0.6100    2.078290 
   76350.00     1.00002      0.7403    2.076740 
   76360.00     1.00004      0.7314    2.075320 
   76370.00     1.00006      0.6504    2.076120 
   76380.00     1.00006      0.7028    2.074780 
   76390.00     1.00004      0.6248    2.075720 
   76400.00     1.00004      0.6495    2.077480 
   76410.00     1.00002      0.5853    2.074750 
   76420.00     1.00002      0.5685    2.078950 
   76430.00     1.00004      0.5735    2.077100 
   76440.00     1.00006      0.5488    2.077130 
   76450.00     1.00004      0.3879    2.077650 
   76460.00     1.00002      0.5626    2.077030 
   76470.00     1.00002      0.4935    2.076990 
   76480.00     1.00004      0.6702    2.078000 
   76490.00     1.00006      0.6593    2.075790 
   76500.00     1.00004      0.4975    2.076860 
   76510.00     1.00002      0.4915    2.075960 
   76520.00     1.00002      0.5192    2.075820 
   76530.00     1.00004      0.6672    2.075440 
   76540.00     1.00004      0.6070    2.074730 
   76550.00     1.00004      0.6228    2.077040 
   76560.00     1.00006      0.5024    2.077890 
   76570.00     1.00004      0.5340    2.076780 
   76580.00     1.00002      0.5952    2.077110 
   76590.00     1.00002      0.4136    2.076750 
   76600.00     1.00004      0.4254    2.075970 
   76610.00     1.00006      0.5221    2.076570 
   76620.00     1.00006      0.4945    2.076430 
   76630.00     1.00004      0.5863    2.077020 
   76640.00     1.00004      0.5320    2.076130 
   76650.00     1.00004      0.5211    2.079950 
   76660.00     1.00002      0.4066    2.079470 
   76670.00     1.00004      0.3612    2.075510 
   76680.00     1.00006      0.5024    2.076590 
   76690.00     1.00006      0.6129    2.078700 
   76700.00     1.00002      0.5379    2.076710 
   76710.00     1.00002      0.5103    2.076420 
   76720.00     1.00004      0.5764    2.076280 
   76730.00     1.00006      0.3089    2.076630 
   76740.00     1.00006      0.5764    2.076510 
   76750.00     1.00004      0.4136    2.076150 
   76760.00     1.00002      0.3810    2.075230 
   76770.00     1.00004      0.4748    2.074710 
   76780.00     1.00004      0.4975    2.075310 
   76790.00     1.00004      0.4106    2.075580 
   76800.00     1.00006      0.3336    2.075160 
   76810.00     1.00004      0.3435    2.074280 
   76820.00     1.00002      0.4136    2.076980 
   76830.00     1.00002      0.3751    2.074940 
   76840.00     1.00004      0.2961    2.075730 
   76850.00     1.00004      0.3385    2.075160 
   76860.00     1.00004      0.2872    2.076000 
   76870.00     1.00004      0.4382    2.077130 
   76880.00     1.00004      0.5833    2.076100 
   76890.00     1.00004      0.5132    2.075840 
   76900.00     1.00004      0.5813    2.076860 
   76910.00     1.00004      0.5695    2.076570 
   76920.00     1.00004      0.5596    2.075710 
   76930.00     1.00004      0.4570    2.080560 
   76940.00     1.00002      0.5577    2.078660 
   76950.00     1.00002      0.6633    2.076180 
   76960.00     1.00004      0.4935    2.075270 
   76970.00     1.00004      0.3672    2.074540 
   76980.00     1.00006      0.5557    2.074520 
   76990.00     1.00004      0.6317    2.077020 
   77000.00     1.00004      0.6830    2.076190 
   77010.00     1.00002      0.5636    2.074890 
   77020.00     1.00004      0.5468    2.075760 
   77030.00     1.00004      0.4649    2.076440 
   77040.00     1.00006      0.6149    2.078800 
   77050.00     1.00004      0.6001    2.077270 
   77060.00     1.00004      0.4748    2.075810 
   77070.00     1.00002      0.4402    2.075440 
   77080.00     1.00004      0.5527    2.075540 
   77090.00     1.00006      0.6031    2.077010 
   77100.00     1.00006      0.6406    2.076500 
   77110.00     1.00004      0.5202    2.079620 
   77120.00     1.00004      0.6455    2.074960 
   77130.00     1.00004      0.6406    2.083820 
   77140.00     1.00004      0.5636    2.077900 
   77150.00     1.00004      0.6228    2.075290 
   77160.00     1.00004      0.6593    2.075590 
   77170.00     1.00004      0.6376    2.075870 
   77180.00     1.00002      0.6297    2.077530 
   77190.00     1.00002      0.6198    2.080280 
   77200.00     1.00004      0.6573    2.075880 
   77210.00     1.00004      0.5567    2.074890 
   77220.00     1.00006      0.5429    2.079180 
   77230.00     1.00006      0.6899    2.076310 
   77240.00     1.00004      0.6139    2.076950 
   77250.00     1.00004      0.7373    2.077430 
   77260.00     1.00004      0.7580    2.077160 
   77270.00     1.00004      0.6968    2.077070 
   77280.00     1.00004      0.7225    2.076760 
   77290.00     1.00004      0.5725    2.075410 
   77300.00     1.00004      0.7768    2.075440 
   77310.00     1.00002      0.6879    2.079770 
   77320.00     1.00004      0.3672    2.076950 
   77330.00     1.00004      0.5784    2.076870 
   77340.00     1.00004      0.7393    2.077450 
   77350.00     1.00004      0.6860    2.076050 
   77360.00     1.00004      0.7620    2.075770 
   77370.00     1.00002      0.7057    2.076390 
   77380.00     1.00004      0.6041    2.075900 
   77390.00     1.00004      0.6021    2.075430 
   77400.00     1.00006      0.7393    2.079340 
   77410.00     1.00004      0.8251    2.080990 
   77420.00     1.00002      0.5725    2.076910 
   77430.00     1.00002      0.6050    2.076610 
   77440.00     1.00004      0.5902    2.077390 
   77450.00     1.00006      0.7057    2.077540 
   77460.00     1.00006      0.7699    2.077900 
   77470.00     1.00004      0.6939    2.077650 
   77480.00     1.00004      0.7778    2.076820 
   77490.00     1.00002      0.5053    2.076890 
   77500.00     1.00004      0.6041    2.077430 
   77510.00     1.00004      0.5675    2.077030 
   77520.00     1.00004      0.8399    2.073670 
   77530.00     1.00006      0.9485    2.077200 
   77540.00     1.00002      0.8548    2.077160 
   77550.00     1.00002      0.8617    2.077230 
   77560.00     1.00002      0.6781    2.075720 
   77570.00     1.00004      0.7857    2.074430 
   77580.00     1.00006      0.7610    2.076070 
   77590.00     1.00004      0.7817    2.078800 
   77600.00     1.00002      0.8123    2.077010 
   77610.00     1.00002      0.7797    2.076870 
   77620.00     1.00002      0.7353    2.076110 
   77630.00     1.00004      0.8163    2.076790 
   77640.00     1.00004      0.6307    2.076990 
   77650.00     1.00006      0.7274    2.075990 
   77660.00     1.00004      0.7511    2.075670 
   77670.00     1.00002      0.7176    2.075390 
   77680.00     1.00002      0.8301    2.078730 
   77690.00     1.00004      0.6870    2.083360 
   77700.00     1.00006      0.7472    2.074930 
   77710.00     1.00006      0.7709    2.075340 
   77720.00     1.00004      0.6702    2.082670 
   77730.00     1.00004      0.7156    2.076180 
   77740.00     1.00004      0.5369    2.075260 
   77750.00     1.00002      0.6613    2.080250 
   77760.00     1.00006      0.5764    2.077830 
   77770.00     1.00006      0.5892    2.075290 
   77780.00     1.00004      0.4896    2.076590 
   77790.00     1.00002      0.5892    2.076840 
   77800.00     1.00002      0.7116    2.075700 
   77810.00     1.00004      0.6307    2.075070 
   77820.00     1.00006      0.6919    2.075810 
   77830.00     1.00006      0.7610    2.075810 
   77840.00     1.00004      0.6564    2.077030 
   77850.00     1.00002      0.6564    2.077120 
   77860.00     1.00004      0.6958    2.079910 
   77870.00     1.00004      0.6564    2.078830 
   77880.00     1.00004      0.6652    2.074680 
   77890.00     1.00004      0.7343    2.075160 
   77900.00     1.00002      0.5053    2.082310 
   77910.00     1.00002      0.5340    2.090010 
   77920.00     1.00002      0.5685    2.075810 
   77930.00     1.00006      0.7097    2.076790 
   77940.00     1.00006      0.6909    2.082000 
   77950.00     1.00004      0.6573    2.078800 
   77960.00     1.00004      0.8064    2.076390 
   77970.00     1.00002      0.8548    2.076780 
   77980.00     1.00004      0.9742    2.076950 
   77990.00     1.00004      0.7837    2.076050 
   78000.00     1.00006      0.6623    2.076510 
   78010.00     1.00006      0.6870    2.075440 
   78020.00     1.00002      0.5350    2.077330 
   78030.00     1.00002      0.7097    2.080630 
   78040.00     1.00002      0.8133    2.076940 
   78050.00     1.00004      0.7590    2.077100 
   78060.00     1.00006      0.6495    2.077580 
   78070.00     1.00006      0.7235    2.076870 
   78080.00     1.00004      0.7294    2.075820 
   78090.00     1.00002      0.8735    2.075430 
   78100.00     1.00002      0.7333    2.075780 
   78110.00     1.00004      0.7511    2.076270 
   78120.00     1.00004      0.4442    2.073970 
   78130.00     1.00004      0.7314    2.074550 
   78140.00     1.00004      0.7156    2.075990 
   78150.00     1.00004      0.7106    2.076930 
   78160.00     1.00002      0.6573    2.076150 
   78170.00     1.00002      0.5202    2.075420 
   78180.00     1.00006      0.4886    2.075890 
   78190.00     1.00004      0.7008    2.076630 
   78200.00     1.00004      0.6258    2.076580 
   78210.00     1.00004      0.5685    2.077090 
   78220.00     1.00002      0.5804    2.073820 
   78230.00     1.00004      0.6465    2.074850 
   78240.00     1.00004      0.7906    2.081590 
   78250.00     1.00004      0.7857    2.077180 
   78260.00     1.00004      0.6277    2.076050 
   78270.00     1.00002      0.6327    2.082310 
   78280.00     1.00002      0.6958    2.083320 
   78290.00     1.00004      0.5369    2.076330 
   78300.00     1.00006      0.5419    2.076170 
   78310.00     1.00004      0.7521    2.080680 
   78320.00     1.00004      0.7412    2.074890 
   78330.00     1.00004      0.7097    2.076070 
   78340.00     1.00004      0.6445    2.082410 
   78350.00     1.00002      0.8202    2.077180 
   78360.00     1.00004      0.8804    2.076210 
   78370.00     1.00006      0.8449    2.076790 
   78380.00     1.00004      0.9337    2.076210 
   78390.00     1.00002      0.8794    2.076140 
   78400.00     1.00002      0.7166    2.077610 
   78410.00     1.00004      0.6307    2.077280 
   78420.00     1.00006      0.7274    2.075200 
   78430.00     1.00006      0.7847    2.077130 
   78440.00     1.00004      0.6801    2.076910 
   78450.00     1.00004      0.5784    2.078950 
   78460.00     1.00004      0.7185    2.077260 
   78470.00     1.00004      0.7284    2.076210 
   78480.00     1.00004      0.7866    2.077570 
   78490.00     1.00004      0.6672    2.078350 
   78500.00     1.00004      0.7630    2.076570 
   78510.00     1.00002      0.7886    2.078260 
   78520.00     1.00002      0.9219    2.094420 
   78530.00     1.00004      0.7945    2.076990 
   78540.00     1.00004      0.7363    2.076050 
   78550.00     1.00006      0.6672    2.080740 
   78560.00     1.00004      0.5498    2.077820 
   78570.00     1.00004      0.7580    2.075080 
   78580.00     1.00004      0.7264    2.075530 
   78590.00     1.00002      0.6850    2.075870 
   78600.00     1.00004      0.7412    2.074730 
   78610.00     1.00006      0.7590    2.075970 
   78620.00     1.00004      0.7333    2.077330 
   78630.00     1.00002      0.7126    2.076570 
   78640.00     1.00002      0.7876    2.076570 
   78650.00     1.00004      0.7422    2.076100 
   78660.00     1.00006      0.7659    2.075960 
   78670.00     1.00006      0.7087    2.075790 
   78680.00     1.00004      0.8587    2.076200 
   78690.00     1.00002      0.8518    2.077020 
   78700.00     1.00002      0.8074    2.076820 
   78710.00     1.00004      0.7028    2.075430 
   78720.00     1.00004      0.7106    2.078390 
   78730.00     1.00004      0.8528    2.075810 
   78740.00     1.00004      0.8449    2.074850 
   78750.00     1.00002      0.7541    2.076770 
   78760.00     1.00002      0.6860    2.075680 
   78770.00     1.00004      0.8399    2.074980 
   78780.00     1.00004      0.7886    2.075250 
   78790.00     1.00004      0.7482    2.076180 
   78800.00     1.00004      0.7758    2.077230 
   78810.00     1.00004      0.8607    2.076400 
   78820.00     1.00004      0.7205    2.076260 
   78830.00     1.00002      0.6919    2.076260 
   78840.00     1.00004      0.8143    2.088550 
   78850.00     1.00004      0.7679    2.078680 
   78860.00     1.00004      0.5892    2.076120 
   78870.00     1.00002      0.7264    2.076970 
   78880.00     1.00002      0.7264    2.077060 
   78890.00     1.00004      0.7136    2.076620 
   78900.00     1.00004      0.6425    2.076320 
   78910.00     1.00006      0.4836    2.075230 
   78920.00     1.00004      0.7639    2.076390 
   78930.00     1.00002      0.6613    2.075350 
   78940.00     1.00002      0.6396    2.075070 
   78950.00     1.00004      0.6672    2.076520 
   78960.00     1.00004      0.7235    2.076980 
   78970.00     1.00006      0.7195    2.075960 
   78980.00     1.00004      0.7403    2.076280 
   78990.00     1.00000      0.7383    2.076930 
   79000.00     1.00002      0.9248    2.076750 
   79010.00     1.00004      0.8439    2.078680 
   79020.00     1.00006      0.7264    2.076550 
   79030.00     1.00006      0.6682    2.075960 
   79040.00     1.00004      0.8172    2.077090 
   79050.00     1.00004      0.7748    2.076930 
   79060.00     1.00002      0.7501    2.077410 
   79070.00     1.00004      0.7077    2.077090 
   79080.00     1.00004      0.6475    2.077090 
   79090.00     1.00004      0.6889    2.077140 
   79100.00     1.00004      0.5952    2.076690 
   79110.00     1.00002      0.5932    2.077120 
   79120.00     1.00002      0.8182    2.077600 
   79130.00     1.00004      0.6455    2.076870 
   79140.00     1.00006      0.7324    2.075300 
   79150.00     1.00006      0.7521    2.077210 
   79160.00     1.00004      0.7827    2.076430 
   79170.00     1.00004      0.7511    2.076050 
   79180.00     1.00004      0.5735    2.076560 
   79190.00     1.00004      0.3948    2.077080 
   79200.00     1.00004      0.7639    2.077010 
   79210.00     1.00006      0.8261    2.076490 
   79220.00     1.00004      0.6899    2.076170 
   79230.00     1.00002      0.8024    2.077030 
   79240.00     1.00002      0.6129    2.077600 
   79250.00     1.00004      0.7412    2.081710 
   79260.00     1.00006      0.6870    2.077140 
   79270.00     1.00006      0.6228    2.075890 
   79280.00     1.00004      0.6218    2.076030 
   79290.00     1.00004      0.3603    2.075950 
   79300.00     1.00002      0.5892    2.076460 
   79310.00     1.00002      0.7235    2.076460 
   79320.00     1.00004      0.7166    2.075940 
   79330.00     1.00006      0.6406    2.075650 
   79340.00     1.00004      0.8646    2.075360 
   79350.00     1.00002      0.8005    2.076370 
   79360.00     1.00002      1.0966    2.078360 
   79370.00     1.00004      0.8715    2.078250 
   79380.00     1.00006      0.9771    2.076770 
   79390.00     1.00006      1.0364    2.076170 
   79400.00     1.00004      1.0561    2.076410 
   79410.00     1.00002      0.6524    2.075940 
   79420.00     1.00002      0.7866    2.077050 
   79430.00     1.00002      0.6949    2.075500 
   79440.00     1.00004      0.9002    2.076830 
   79450.00     1.00006      0.9781    2.082610 
   79460.00     1.00004      0.8626    2.078700 
   79470.00     1.00004      0.8301    2.075960 
   79480.00     1.00002      0.8873    2.075910 
   79490.00     1.00004      0.6820    2.076040 
   79500.00     1.00006      0.7965    2.075870 
   79510.00     1.00006      0.6801    2.076900 
   79520.00     1.00006      0.6929    2.077550 
   79530.00     1.00004      0.7383    2.076570 
   79540.00     1.00002      0.7501    2.075820 
   79550.00     1.00004      0.7412    2.075670 
   79560.00     1.00004      0.6801    2.077270 
   79570.00     1.00006      0.7491    2.076810 
   79580.00     1.00006      0.6119    2.075690 
   79590.00     1.00002      0.6100    2.075000 
   79600.00     1.00002      0.7245    2.075260 
   79610.00     1.00002      0.7432    2.076380 
   79620.00     1.00004      0.8093    2.076190 
   79630.00     1.00004      0.7146    2.075500 
   79640.00     1.00004      0.6346    2.077590 
   79650.00     1.00004      0.7797    2.077240 
   79660.00     1.00002      0.7373    2.076710 
   79670.00     1.00004      0.6781    2.076670 
   79680.00     1.00004      0.5764    2.076550 
   79690.00     1.00004      0.8202    2.076880 
   79700.00     1.00006      0.7857    2.077290 
   79710.00     1.00002      0.7659    2.076840 
   79720.00     1.00002      0.9742    2.076630 
   79730.00     1.00002      0.9495    2.075810 
   79740.00     1.00006      0.8577    2.075650 
   79750.00     1.00006      0.8291    2.075920 
   79760.00     1.00006      0.7314    2.077020 
   79770.00     1.00004      0.8587    2.076010 
   79780.00     1.00004      0.8992    2.075090 
   79790.00     1.00004      0.6425    2.075610 
   79800.00     1.00004      0.7106    2.076930 
   79810.00     1.00006      0.7452    2.077220 
   79820.00     1.00004      0.6899    2.075860 
   79830.00     1.00004      0.5508    2.076260 
   79840.00     1.00002      0.7353    2.076570 
   79850.00     1.00004      0.6435    2.075610 
   79860.00     1.00004      0.6593    2.077170 
   79870.00     1.00006      0.6129    2.076610 
   79880.00     1.00006      0.7639    2.076280 
   79890.00     1.00004      0.6781    2.084960 
   79900.00     1.00004      0.8409    2.089010 
   79910.00     1.00004      0.5586    2.076810 
   79920.00     1.00004      0.6268    2.076130 
   79930.00     1.00004      0.7057    2.076270 
   79940.00     1.00004      0.7116    2.076570 
   79950.00     1.00004      0.6801    2.076430 
   79960.00     1.00002      0.8320    2.075450 
   79970.00     1.00004      0.8074    2.075300 
   79980.00     1.00006      0.8478    2.075870 
   79990.00     1.00006      0.7442    2.078230 
