ASI600A Export Data File
Created: Mon Sep 22 15:30:43 2025
    Time        L in        F in       SL in    
    (ms)        (Lo)       (kPa)        (um)    
    9781.10     0.94988      6.6870    2.043910 
    9781.20     0.94985      6.1520    2.043910 
    9781.30     0.94985      6.4195    2.043910 
    9781.40     0.94994      5.5282    2.043910 
    9781.50     0.94985      4.9035    2.043910 
    9781.60     0.94988      5.8846    2.043910 
    9781.70     0.94981      6.4195    2.043910 
    9781.80     0.94988      6.5083    2.043910 
    9781.90     0.94988      5.7957    2.043910 
    9782.00     0.94985      4.3685    2.043910 
    9782.10     0.94985      5.7059    2.043910 
    9782.20     0.94998      5.0821    2.043910 
    9782.30     0.94981      5.0821    2.043910 
    9782.40     0.94988      5.7059    2.043910 
    9782.50     0.94988      6.1520    2.043910 
    9782.60     0.94988      6.3307    2.043910 
    9782.70     0.94988      4.9035    2.043910 
    9782.80     0.94994      5.1709    2.043910 
    9782.90     0.94994      6.6870    2.043910 
    9783.00     0.94981      6.6870    2.043910 
    9783.10     0.94985      5.0821    2.043910 
    9783.20     0.94998      5.5282    2.043910 
    9783.30     0.94994      5.0821    2.043910 
    9783.40     0.94981      4.6360    2.043910 
    9783.50     0.94985      4.3685    2.043910 
    9783.60     0.94981      4.7258    2.043910 
    9783.70     0.94988      5.5282    2.043910 
    9783.80     0.94994      6.3307    2.043910 
    9783.90     0.94988      6.5982    2.043910 
    9784.00     0.94981      5.1709    2.043910 
    9784.10     0.94985      5.7059    2.043910 
    9784.20     0.94985      4.8146    2.043910 
    9784.30     0.94988      6.3307    2.043910 
    9784.40     0.94988      5.9734    2.043910 
    9784.50     0.94988      5.2608    2.043910 
    9784.60     0.94994      6.1520    2.043910 
    9784.70     0.94994      5.9734    2.043910 
    9784.80     0.94994      5.5282    2.043910 
    9784.90     0.94981      6.5083    2.043910 
    9785.00     0.94981      6.4195    2.043910 
    9785.10     0.94988      5.4384    2.042080 
    9785.20     0.94985      4.8146    2.042080 
    9785.30     0.94988      5.8846    2.042080 
    9785.40     0.94988      6.9545    2.042080 
    9785.50     0.94994      6.4195    2.042080 
    9785.60     0.94985      5.7059    2.042080 
    9785.70     0.94985      5.7059    2.042080 
    9785.80     0.94985      5.3496    2.042080 
    9785.90     0.94998      6.5083    2.042080 
    9786.00     0.94994      6.0632    2.042080 
    9786.10     0.94998      6.8656    2.042080 
    9786.20     0.94981      6.4195    2.042080 
    9786.30     0.94985      6.6870    2.042080 
    9786.40     0.94988      6.5083    2.042080 
    9786.50     0.94988      5.5282    2.042080 
    9786.60     0.94985      6.6870    2.042080 
    9786.70     0.94985      5.0821    2.042080 
    9786.80     0.94975      4.6360    2.042080 
    9786.90     0.94985      4.1908    2.042080 
    9787.00     0.94981      4.5472    2.042080 
    9787.10     0.94985      6.2409    2.042080 
    9787.20     0.94994      6.1520    2.042080 
    9787.30     0.94985      6.0632    2.042080 
    9787.40     0.94981      5.9734    2.042080 
    9787.50     0.94981      5.7059    2.042080 
    9787.60     0.94981      4.5472    2.042080 
    9787.70     0.94985      7.1331    2.042080 
    9787.80     0.94985      5.8846    2.042080 
    9787.90     0.94994      5.9734    2.042080 
    9788.00     0.94981      5.3496    2.042080 
    9788.10     0.94975      4.7258    2.042080 
    9788.20     0.94994      5.2608    2.042080 
    9788.30     0.94985      4.9933    2.042080 
    9788.40     0.94981      4.8146    2.042080 
    9788.50     0.94985      4.1010    2.042080 
    9788.60     0.94981      5.0821    2.042080 
    9788.70     0.94994      4.9933    2.042080 
    9788.80     0.94998      5.5282    2.042080 
    9788.90     0.94981      6.9545    2.042080 
    9789.00     0.94985      5.9734    2.042080 
    9789.10     0.94988      5.4384    2.042080 
    9789.20     0.94985      5.4384    2.042080 
    9789.30     0.94988      5.2608    2.042080 
    9789.40     0.94981      5.0821    2.042080 
    9789.50     0.94988      6.1520    2.042080 
    9789.60     0.94998      5.8846    2.042080 
    9789.70     0.94994      4.9933    2.042080 
    9789.80     0.94981      7.0433    2.042080 
    9789.90     0.94988      6.4195    2.042080 
    9790.00     0.94985      5.3496    2.042080 
    9790.10     0.94988      6.8656    2.042080 
    9790.20     0.94988      6.4195    2.042080 
    9790.30     0.94994      5.0821    2.042080 
    9790.40     0.94988      7.1331    2.042080 
    9790.50     0.94981      4.8146    2.042080 
    9790.60     0.94985      5.8846    2.042080 
    9790.70     0.94988      5.3496    2.042080 
    9790.80     0.94994      6.2409    2.042080 
    9790.90     0.94985      5.7059    2.042080 
    9791.00     0.94981      5.4384    2.042080 
    9791.10     0.94981      5.6171    2.042080 
    9791.20     0.94994      7.1331    2.042080 
    9791.30     0.94981      5.8846    2.042080 
    9791.40     0.94985      6.1520    2.042080 
    9791.50     0.94985      6.3307    2.042080 
    9791.60     0.94981      5.8846    2.042080 
    9791.70     0.94981      7.4006    2.042080 
    9791.80     0.94981      6.2409    2.042080 
    9791.90     0.94998      5.4384    2.042080 
    9792.00     0.94988      5.5282    2.042080 
    9792.10     0.94998      4.9035    2.042080 
    9792.20     0.94988      5.4384    2.042080 
    9792.30     0.94994      5.9734    2.042080 
    9792.40     0.94988      5.2608    2.042080 
    9792.50     0.94998      5.2608    2.042080 
    9792.60     0.94985      5.9734    2.042080 
    9792.70     0.94985      4.9035    2.042080 
    9792.80     0.94994      5.5282    2.042080 
    9792.90     0.94988      5.5282    2.042080 
    9793.00     0.94988      4.9933    2.042080 
    9793.10     0.94994      5.0821    2.042080 
    9793.20     0.94985      5.7059    2.042080 
    9793.30     0.94988      5.0821    2.042080 
    9793.40     0.94981      5.8846    2.042080 
    9793.50     0.94985      5.0821    2.042080 
    9793.60     0.94988      5.8846    2.042080 
    9793.70     0.94988      4.9035    2.042080 
    9793.80     0.94985      4.2797    2.042080 
    9793.90     0.94975      5.5282    2.042080 
    9794.00     0.94994      5.6171    2.042080 
    9794.10     0.94985      5.4384    2.042080 
    9794.20     0.94985      6.4195    2.042080 
    9794.30     0.94985      5.7957    2.042080 
    9794.40     0.94981      5.1709    2.042080 
    9794.50     0.94988      4.7258    2.042080 
    9794.60     0.94988      4.7258    2.042080 
    9794.70     0.94985      5.4384    2.042080 
    9794.80     0.94988      5.4384    2.042080 
    9794.90     0.94994      5.8846    2.042080 
    9795.00     0.94994      6.5083    2.042080 
    9795.10     0.94988      5.7957    2.042080 
    9795.20     0.94988      5.4384    2.042080 
    9795.30     0.94998      4.5472    2.042080 
    9795.40     0.94994      5.1709    2.042080 
    9795.50     0.94985      5.7957    2.042080 
    9795.60     0.94981      5.1709    2.042080 
    9795.70     0.94981      5.2608    2.042080 
    9795.80     0.94998      5.2608    2.042080 
    9795.90     0.94994      5.4384    2.042080 
    9796.00     0.94988      5.7059    2.042080 
    9796.10     0.94985      5.7059    2.042080 
    9796.20     0.94988      5.4384    2.042080 
    9796.30     0.94994      6.3307    2.043610 
    9796.40     0.94985      4.6360    2.043610 
    9796.50     0.94985      5.6171    2.043610 
    9796.60     0.94985      4.8146    2.043610 
    9796.70     0.94988      5.5282    2.043610 
    9796.80     0.94988      6.3307    2.043610 
    9796.90     0.94988      6.4195    2.043610 
    9797.00     0.94994      5.8846    2.043610 
    9797.10     0.94988      5.7059    2.043610 
    9797.20     0.94985      6.5083    2.043610 
    9797.30     0.94988      6.3307    2.043610 
    9797.40     0.94981      6.7758    2.043610 
    9797.50     0.94985      4.5472    2.043610 
    9797.60     0.94981      5.5282    2.043610 
    9797.70     0.94988      5.9734    2.043610 
    9797.80     0.94985      4.9933    2.043610 
    9797.90     0.94985      5.5282    2.043610 
    9798.00     0.94985      5.4384    2.043610 
    9798.10     0.94981      6.2409    2.043610 
    9798.20     0.94998      5.2608    2.043610 
    9798.30     0.94981      6.5982    2.043610 
    9798.40     0.94981      5.5282    2.043610 
    9798.50     0.94985      5.4384    2.043610 
    9798.60     0.94988      6.4195    2.043610 
    9798.70     0.94988      5.6171    2.043610 
    9798.80     0.94975      5.1709    2.043610 
    9798.90     0.94985      6.0632    2.043610 
    9799.00     0.94988      5.8846    2.043610 
    9799.10     0.94988      6.7758    2.043610 
    9799.20     0.94985      6.8656    2.043610 
    9799.30     0.94988      6.5083    2.043610 
    9799.40     0.94994      6.1520    2.043610 
    9799.50     0.94988      6.5083    2.043610 
    9799.60     0.94988      5.2608    2.043610 
    9799.70     0.94988      5.2608    2.043610 
    9799.80     0.94988      6.9545    2.043610 
    9799.90     0.94981      6.4195    2.043610 
    9800.00     0.94994      5.6171    2.043610 
    9800.10     0.94985      7.2220    2.043610 
    9800.20     0.94981      5.7059    2.043610 
    9800.30     0.94981      6.7758    2.043610 
    9800.40     0.94988      5.6171    2.043610 
    9800.50     0.94998      6.0632    2.043610 
    9800.60     0.94981      5.7957    2.043610 
    9800.70     0.94981      4.1010    2.043610 
    9800.80     0.94988      5.9734    2.043610 
    9800.90     0.94998      5.5282    2.043610 
    9801.00     0.94994      6.2409    2.043610 
    9801.10     0.94985      5.4384    2.043610 
    9801.20     0.94981      5.7059    2.043610 
    9801.30     0.94998      6.6870    2.043610 
    9801.40     0.94985      5.7059    2.043610 
    9801.50     0.94981      6.0632    2.043610 
    9801.60     0.94985      5.7957    2.043610 
    9801.70     0.94994      6.3307    2.043610 
    9801.80     0.94994      5.0821    2.043610 
    9801.90     0.94981      6.4195    2.043610 
    9802.00     0.94981      5.5282    2.043610 
    9802.10     0.94988      4.7258    2.043610 
    9802.20     0.94985      5.5282    2.043610 
    9802.30     0.94988      6.0632    2.043610 
    9802.40     0.94981      5.5282    2.043610 
    9802.50     0.94985      5.5282    2.043610 
    9802.60     0.94988      5.2608    2.043610 
    9802.70     0.94988      4.9933    2.043610 
    9802.80     0.94985      5.7059    2.043610 
    9802.90     0.94985      6.6870    2.043610 
    9803.00     0.94981      6.0632    2.043610 
    9803.10     0.94988      5.9734    2.043610 
    9803.20     0.94988      6.3307    2.043610 
    9803.30     0.94988      6.2409    2.043610 
    9803.40     0.94985      4.6360    2.043610 
    9803.50     0.94985      5.9734    2.043610 
    9803.60     0.94981      4.3685    2.043610 
    9803.70     0.94994      5.3496    2.043610 
    9803.80     0.94994      4.9035    2.043610 
    9803.90     0.94988      4.8146    2.043610 
    9804.00     0.94975      5.4384    2.043610 
    9804.10     0.94981      4.5472    2.043610 
    9804.20     0.94994      4.9933    2.043610 
    9804.30     0.94998      5.7957    2.043610 
    9804.40     0.94981      5.9734    2.043610 
    9804.50     0.94971      5.7059    2.043610 
    9804.60     0.94985      5.6171    2.043610 
    9804.70     0.94988      4.9933    2.043610 
    9804.80     0.94985      5.3496    2.043610 
    9804.90     0.94985      6.2409    2.043610 
    9805.00     0.94981      5.3496    2.043610 
    9805.10     0.94985      6.5982    2.043610 
    9805.20     0.94981      6.2409    2.043610 
    9805.30     0.94981      6.1520    2.043610 
    9805.40     0.94985      5.3496    2.043610 
    9805.50     0.94981      5.3496    2.043610 
    9805.60     0.94985      5.9734    2.043610 
    9805.70     0.94988      5.7059    2.043610 
    9805.80     0.94981      5.1709    2.043610 
    9805.90     0.94981      6.2409    2.043610 
    9806.00     0.94994      5.7957    2.043610 
    9806.10     0.94994      5.5282    2.043610 
    9806.20     0.94988      4.9035    2.043610 
    9806.30     0.94988      5.2608    2.043610 
    9806.40     0.94988      5.9734    2.043610 
    9806.50     0.94985      6.4195    2.043610 
    9806.60     0.94985      6.5083    2.043610 
    9806.70     0.94985      5.1709    2.043610 
    9806.80     0.94975      6.1520    2.043610 
    9806.90     0.94985      6.6870    2.043610 
    9807.00     0.94994      4.7258    2.043610 
    9807.10     0.94988      5.8846    2.043610 
    9807.20     0.94988      6.8656    2.043610 
    9807.30     0.94985      5.8846    2.044370 
    9807.40     0.94971      6.3307    2.045140 
    9807.50     0.94985      5.5282    2.045140 
    9807.60     0.94981      6.0632    2.045140 
    9807.70     0.94985      5.3496    2.045140 
    9807.80     0.94985      6.0632    2.045140 
    9807.90     0.94988      5.3496    2.045140 
    9808.00     0.94988      4.8146    2.045140 
    9808.10     0.94985      6.6870    2.045140 
    9808.20     0.94988      5.8846    2.045140 
    9808.30     0.94988      4.9933    2.045140 
    9808.40     0.94981      5.5282    2.045140 
    9808.50     0.94981      5.3496    2.045140 
    9808.60     0.94988      5.9734    2.045140 
    9808.70     0.94998      5.0821    2.045140 
    9808.80     0.94994      5.1709    2.045140 
    9808.90     0.94981      5.9734    2.045140 
    9809.00     0.94985      5.1709    2.045140 
    9809.10     0.94998      4.7258    2.045140 
    9809.20     0.94981      5.2608    2.045140 
    9809.30     0.94985      4.4583    2.045140 
    9809.40     0.94985      4.9035    2.045140 
    9809.50     0.94981      6.7758    2.045140 
    9809.60     0.94985      6.6870    2.045140 
    9809.70     0.94994      7.0433    2.045140 
    9809.80     0.94994      5.6171    2.045140 
    9809.90     0.94994      4.6360    2.045140 
    9810.00     0.94988      6.7758    2.045140 
    9810.10     0.94988      5.8846    2.045140 
    9810.20     0.94988      5.9734    2.045140 
    9810.30     0.94994      4.9035    2.045140 
    9810.40     0.94985      5.6171    2.045140 
    9810.50     0.94975      5.8846    2.045140 
    9810.60     0.94988      5.4384    2.045140 
    9810.70     0.94981      5.5282    2.045140 
    9810.80     0.94985      5.6171    2.045140 
    9810.90     0.94985      5.7059    2.045140 
    9811.00     0.94981      4.9933    2.045140 
    9811.10     0.94988      6.2409    2.045140 
    9811.20     0.94988      5.0821    2.045140 
    9811.30     0.94975      4.2797    2.045140 
    9811.40     0.94971      6.9545    2.045140 
    9811.50     0.94988      6.5083    2.045140 
    9811.60     0.94994      5.6171    2.045140 
    9811.70     0.94988      6.3307    2.045140 
    9811.80     0.94985      4.9933    2.045140 
    9811.90     0.94971      4.9933    2.045140 
    9812.00     0.94994      5.7059    2.045140 
    9812.10     0.94988      6.0632    2.045140 
    9812.20     0.94994      6.2409    2.045140 
    9812.30     0.94988      5.4384    2.045140 
    9812.40     0.94988      4.9035    2.045140 
    9812.50     0.94988      5.6171    2.045140 
    9812.60     0.94988      6.1520    2.045140 
    9812.70     0.94975      6.1520    2.045140 
    9812.80     0.94985      4.7258    2.045140 
    9812.90     0.94981      5.1709    2.045140 
    9813.00     0.94985      6.5982    2.045140 
    9813.10     0.94985      6.7758    2.045140 
    9813.20     0.94988      5.2608    2.045140 
    9813.30     0.94981      5.4384    2.045140 
    9813.40     0.94985      4.7258    2.045140 
    9813.50     0.94998      4.9035    2.045140 
    9813.60     0.94981      5.7059    2.045140 
    9813.70     0.94994      5.3496    2.045140 
    9813.80     0.94994      5.7957    2.045140 
    9813.90     0.94985      5.2608    2.045140 
    9814.00     0.94981      5.3496    2.045140 
    9814.10     0.94971      5.1709    2.045140 
    9814.20     0.94985      5.0821    2.045140 
    9814.30     0.94988      5.4384    2.045140 
    9814.40     0.94988      6.6870    2.045140 
    9814.50     0.94975      5.7957    2.045140 
    9814.60     0.94981      5.9734    2.045140 
    9814.70     0.94985      5.7957    2.045140 
    9814.80     0.94988      5.6171    2.045140 
    9814.90     0.94985      5.7059    2.045140 
    9815.00     0.94988      6.3307    2.045140 
    9815.10     0.94981      6.5982    2.045140 
    9815.20     0.94985      5.2608    2.045140 
    9815.30     0.94985      5.3496    2.045140 
    9815.40     0.94994      6.2409    2.045140 
    9815.50     0.94981      5.5282    2.045140 
    9815.60     0.94981      6.4195    2.045140 
    9815.70     0.94988      6.4195    2.045140 
    9815.80     0.94988      6.3307    2.045140 
    9815.90     0.94985      6.9545    2.045140 
    9816.00     0.94985      7.0433    2.045140 
    9816.10     0.94981      6.7758    2.045140 
    9816.20     0.94981      6.6870    2.045140 
    9816.30     0.94994      6.1520    2.045140 
    9816.40     0.94998      5.3496    2.045140 
    9816.50     0.94998      6.0632    2.045140 
    9816.60     0.94981      6.5083    2.045140 
    9816.70     0.94975      7.0433    2.045140 
    9816.80     0.94981      5.5282    2.045140 
    9816.90     0.94985      4.6360    2.045140 
    9817.00     0.94981      4.7258    2.045140 
    9817.10     0.94961      6.5083    2.045140 
    9817.20     0.94971      6.4195    2.045140 
    9817.30     0.94985      5.6171    2.045140 
    9817.40     0.94981      4.9933    2.045140 
    9817.50     0.94971      5.8846    2.045140 
    9817.60     0.94985      5.9734    2.045140 
    9817.70     0.94994      5.5282    2.045140 
    9817.80     0.94981      5.7957    2.045140 
    9817.90     0.94975      6.0632    2.045140 
    9818.00     0.94981      7.4006    2.045140 
    9818.10     0.94998      4.8146    2.045140 
    9818.20     0.94988      5.6171    2.045140 
    9818.30     0.94985      4.8146    2.045140 
    9818.40     0.94981      5.0821    2.045140 
    9818.50     0.94994      7.1331    2.045140 
    9818.60     0.94998      5.2608    2.045140 
    9818.70     0.94988      4.6360    2.045140 
    9818.80     0.94985      6.3307    2.045140 
    9818.90     0.94985      5.2608    2.045140 
    9819.00     0.94994      6.5083    2.045140 
    9819.10     0.94988      5.9734    2.045140 
    9819.20     0.94985      6.2409    2.045140 
    9819.30     0.94988      6.2409    2.045140 
    9819.40     0.94985      5.5282    2.045140 
    9819.50     0.94981      5.5282    2.045140 
    9819.60     0.94985      5.7957    2.045140 
    9819.70     0.94988      6.5083    2.045140 
    9819.80     0.94985      5.7059    2.045140 
    9819.90     0.94975      5.0821    2.045140 
    9820.00     0.94988      5.3496    2.045140 
    9820.10     0.94988      5.1709    2.045140 
    9820.20     0.94985      5.6171    2.045140 
    9820.30     0.94985      5.8846    2.045140 
    9820.40     0.94975      6.1520    2.045140 
    9820.50     0.94985      5.9734    2.045140 
    9820.60     0.94994      6.1520    2.045140 
    9820.70     0.94985      4.6360    2.045140 
    9820.80     0.94981      6.1520    2.045140 
    9820.90     0.94985      4.9933    2.045140 
    9821.00     0.94981      5.2608    2.045140 
    9821.10     0.94998      5.6171    2.045140 
    9821.20     0.94985      5.4384    2.045140 
    9821.30     0.94981      4.8146    2.045140 
    9821.40     0.94981      5.7957    2.045140 
    9821.50     0.94981      6.4195    2.045140 
    9821.60     0.94985      5.3496    2.045140 
    9821.70     0.94985      5.7957    2.045140 
    9821.80     0.94975      6.4195    2.045140 
    9821.90     0.94988      4.8146    2.045140 
    9822.00     0.94988      5.6171    2.045140 
    9822.10     0.94981      4.9035    2.045140 
    9822.20     0.94985      3.7447    2.045140 
    9822.30     0.94988      5.7957    2.045140 
    9822.40     0.94985      5.7957    2.045140 
    9822.50     0.94981      6.1520    2.045140 
    9822.60     0.94985      5.5282    2.045140 
    9822.70     0.94985      5.4384    2.045140 
    9822.80     0.94994      4.9035    2.045140 
    9822.90     0.94985      4.9035    2.045140 
    9823.00     0.94975      4.7258    2.045140 
    9823.10     0.94985      5.0821    2.045140 
    9823.20     0.94985      4.9933    2.045140 
    9823.30     0.94985      5.6171    2.045140 
    9823.40     0.94975      6.1520    2.045140 
    9823.50     0.94988      5.5282    2.045140 
    9823.60     0.94985      5.2608    2.045140 
    9823.70     0.94994      4.3685    2.045140 
    9823.80     0.94985      4.6360    2.045140 
    9823.90     0.94975      4.4583    2.045140 
    9824.00     0.94975      5.7957    2.045140 
    9824.10     0.94985      5.5282    2.045140 
    9824.20     0.94994      5.2608    2.045140 
    9824.30     0.94981      5.7059    2.045140 
    9824.40     0.94981      6.5982    2.045140 
    9824.50     0.94985      6.6870    2.045140 
    9824.60     0.94988      6.5982    2.045140 
    9824.70     0.94985      6.7758    2.045140 
    9824.80     0.94971      6.0632    2.045140 
    9824.90     0.94985      5.8846    2.045140 
    9825.00     0.94988      7.4894    2.045140 
    9825.10     0.94985      6.2409    2.045140 
    9825.20     0.94985      3.8335    2.045140 
    9825.30     0.94988      4.6360    2.045140 
    9825.40     0.94994      5.8846    2.045140 
    9825.50     0.94981      5.1709    2.045140 
    9825.60     0.94994      6.1520    2.045140 
    9825.70     0.94994      5.4384    2.045140 
    9825.80     0.94988      5.3496    2.045140 
    9825.90     0.94981      6.3307    2.045140 
    9826.00     0.94981      6.6870    2.045140 
    9826.10     0.94988      5.6171    2.045140 
    9826.20     0.94994      4.9933    2.045140 
    9826.30     0.94985      5.1709    2.045140 
    9826.40     0.94985      6.4195    2.045140 
    9826.50     0.94985      6.2409    2.045140 
    9826.60     0.94985      4.9035    2.045140 
    9826.70     0.94988      5.9734    2.045140 
    9826.80     0.94998      4.7258    2.045140 
    9826.90     0.94985      5.2608    2.045140 
    9827.00     0.94981      5.6171    2.045140 
    9827.10     0.94985      5.9734    2.045140 
    9827.20     0.94985      6.1520    2.045140 
    9827.30     0.94985      5.9734    2.045140 
    9827.40     0.94994      7.0433    2.045140 
    9827.50     0.94988      5.0821    2.045140 
    9827.60     0.94988      5.3496    2.045140 
    9827.70     0.94981      6.5982    2.045140 
    9827.80     0.94985      5.1709    2.045140 
    9827.90     0.94988      4.8146    2.045140 
    9828.00     0.94985      5.0821    2.045140 
    9828.10     0.94981      5.1709    2.045140 
    9828.20     0.94981      4.4583    2.045140 
    9828.30     0.94994      4.9035    2.045140 
    9828.40     0.94988      5.9734    2.045140 
    9828.50     0.94981      5.7059    2.045140 
    9828.60     0.94981      6.4195    2.045140 
    9828.70     0.94985      4.5472    2.045140 
    9828.80     0.94988      5.6171    2.045140 
    9828.90     0.94994      4.9933    2.045140 
    9829.00     0.94994      5.6171    2.045140 
    9829.10     0.94985      5.7957    2.045140 
    9829.20     0.94981      5.5282    2.045140 
    9829.30     0.94985      6.0632    2.045140 
    9829.40     0.94994      6.1520    2.045140 
    9829.50     0.94988      6.0632    2.044680 
    9829.60     0.94988      7.0433    2.044220 
    9829.70     0.94985      6.7758    2.044220 
    9829.80     0.94988      5.6171    2.044220 
    9829.90     0.94988      5.4384    2.044220 
    9830.00     0.94985      5.7059    2.044220 
    9830.10     0.94994      6.7758    2.044220 
    9830.20     0.94988      5.7059    2.044220 
    9830.30     0.94985      4.6360    2.044220 
    9830.40     0.94988      6.2409    2.044220 
    9830.50     0.94988      5.5282    2.044220 
    9830.60     0.94988      5.9734    2.044220 
    9830.70     0.94988      5.6171    2.044220 
    9830.80     0.94988      6.4195    2.044220 
    9830.90     0.94981      5.3496    2.044220 
    9831.00     0.94981      4.5472    2.044220 
    9831.10     0.94985      5.9734    2.044220 
    9831.20     0.94988      5.3496    2.044220 
    9831.30     0.94985      5.7059    2.044220 
    9831.40     0.94985      5.3496    2.044220 
    9831.50     0.94985      6.1520    2.044220 
    9831.60     0.94981      6.4195    2.044220 
    9831.70     0.94985      6.6870    2.044220 
    9831.80     0.94985      6.3307    2.044220 
    9831.90     0.94985      6.8656    2.044220 
    9832.00     0.94985      5.7059    2.044220 
    9832.10     0.94985      4.9035    2.044220 
    9832.20     0.94981      5.7059    2.044220 
    9832.30     0.94988      5.8846    2.044220 
    9832.40     0.94994      6.2409    2.044220 
    9832.50     0.94994      4.9035    2.044220 
    9832.60     0.94985      5.0821    2.044220 
    9832.70     0.94988      4.1908    2.044220 
    9832.80     0.94981      5.1709    2.044220 
    9832.90     0.94988      6.6870    2.044220 
    9833.00     0.94994      6.2409    2.044220 
    9833.10     0.94994      5.3496    2.044220 
    9833.20     0.94985      5.4384    2.044220 
    9833.30     0.94981      5.8846    2.044220 
    9833.40     0.94981      5.4384    2.044220 
    9833.50     0.94994      5.1709    2.044220 
    9833.60     0.94994      5.8846    2.044220 
    9833.70     0.94981      6.1520    2.044220 
    9833.80     0.94994      5.2608    2.044220 
    9833.90     0.94988      5.1709    2.044220 
    9834.00     0.94985      5.0821    2.044220 
    9834.10     0.94981      6.2409    2.044220 
    9834.20     0.94988      6.1520    2.044220 
    9834.30     0.94988      5.3496    2.044220 
    9834.40     0.94988      4.5472    2.044220 
    9834.50     0.94998      5.2608    2.044220 
    9834.60     0.94988      6.3307    2.044220 
    9834.70     0.94975      6.9545    2.044220 
    9834.80     0.94975      5.7957    2.044220 
    9834.90     0.94988      5.4384    2.044220 
    9835.00     0.94994      5.4384    2.044220 
    9835.10     0.94981      5.4384    2.044220 
    9835.20     0.94985      5.3496    2.044220 
    9835.30     0.94985      5.1709    2.044220 
    9835.40     0.94981      5.2608    2.044220 
    9835.50     0.94988      6.2409    2.044220 
    9835.60     0.94985      6.0632    2.044220 
    9835.70     0.94985      5.4384    2.044220 
    9835.80     0.94988      6.0632    2.044220 
    9835.90     0.94985      5.6171    2.044220 
    9836.00     0.94988      5.1709    2.044220 
    9836.10     0.94988      6.2409    2.044220 
    9836.20     0.94994      6.0632    2.044220 
    9836.30     0.94998      4.8146    2.044220 
    9836.40     0.94988      5.7957    2.044220 
    9836.50     0.94985      6.2409    2.044220 
    9836.60     0.94994      6.2409    2.044220 
    9836.70     0.94994      4.9933    2.044220 
    9836.80     0.94994      5.8846    2.044220 
    9836.90     0.94988      5.7059    2.044220 
    9837.00     0.94994      4.2797    2.044220 
    9837.10     0.94988      6.0632    2.044220 
    9837.20     0.94985      4.5472    2.044220 
    9837.30     0.94994      4.7258    2.044220 
    9837.40     0.94985      4.9933    2.044220 
    9837.50     0.94988      5.3496    2.044220 
    9837.60     0.94981      6.1520    2.044220 
    9837.70     0.94985      6.9545    2.044220 
    9837.80     0.94988      5.7059    2.044220 
    9837.90     0.94988      5.5282    2.044220 
    9838.00     0.94988      5.6171    2.044220 
    9838.10     0.94981      6.5982    2.044220 
    9838.20     0.94981      5.7957    2.044220 
    9838.30     0.94988      6.2409    2.044220 
    9838.40     0.94988      5.3496    2.044220 
    9838.50     0.94988      5.2608    2.044220 
    9838.60     0.94981      6.2409    2.044220 
    9838.70     0.94994      6.7758    2.044220 
    9838.80     0.94981      6.9545    2.044220 
    9838.90     0.94981      7.4894    2.044220 
    9839.00     0.94988      6.0632    2.044220 
    9839.10     0.94988      5.6171    2.044220 
    9839.20     0.94988      7.4006    2.044220 
    9839.30     0.94988      6.6870    2.044220 
    9839.40     0.94981      5.8846    2.044220 
    9839.50     0.94988      4.9035    2.044220 
    9839.60     0.94985      4.4583    2.044220 
    9839.70     0.94985      5.6171    2.044220 
    9839.80     0.94981      4.5472    2.044220 
    9839.90     0.94985      6.1520    2.044220 
    9840.00     0.94985      6.7758    2.044220 
    9840.10     0.94985      5.1709    2.044220 
    9840.20     0.94988      4.9933    2.044220 
    9840.30     0.94988      5.1709    2.044220 
    9840.40     0.94994      5.9734    2.044220 
    9840.50     0.94985      6.6870    2.044220 
    9840.60     0.94988      6.5083    2.043760 
    9840.70     0.94988      5.4384    2.043300 
    9840.80     0.94998      5.1709    2.043300 
    9840.90     0.94981      5.4384    2.043300 
    9841.00     0.94975      6.3307    2.043300 
    9841.10     0.94988      6.0632    2.043300 
    9841.20     0.94988      5.7957    2.043300 
    9841.30     0.94988      4.2797    2.043300 
    9841.40     0.94985      4.7258    2.043300 
    9841.50     0.94988      6.5982    2.043300 
    9841.60     0.94981      6.0632    2.043300 
    9841.70     0.94985      6.6870    2.043300 
    9841.80     0.94988      7.0433    2.043300 
    9841.90     0.94994      5.7059    2.043300 
    9842.00     0.94985      5.3496    2.043300 
    9842.10     0.94988      5.8846    2.043300 
    9842.20     0.94988      5.0821    2.043300 
    9842.30     0.94988      5.8846    2.043300 
    9842.40     0.94994      5.9734    2.043300 
    9842.50     0.94981      6.2409    2.043300 
    9842.60     0.94988      4.6360    2.043300 
    9842.70     0.94988      5.7059    2.043300 
    9842.80     0.94988      4.6360    2.043300 
    9842.90     0.94988      5.7059    2.043300 
    9843.00     0.94981      4.9035    2.043300 
    9843.10     0.94985      4.9933    2.043300 
    9843.20     0.94998      5.6171    2.043300 
    9843.30     0.94988      5.0821    2.043300 
    9843.40     0.94988      5.8846    2.043300 
    9843.50     0.94985      4.9933    2.043300 
    9843.60     0.94994      6.5982    2.043300 
    9843.70     0.94985      6.5982    2.043300 
    9843.80     0.94988      5.2608    2.043300 
    9843.90     0.94985      5.9734    2.043300 
    9844.00     0.94985      6.2409    2.043300 
    9844.10     0.94988      5.4384    2.043300 
    9844.20     0.94988      5.0821    2.043300 
    9844.30     0.94985      5.7059    2.043300 
    9844.40     0.94985      4.9035    2.043300 
    9844.50     0.94985      5.1709    2.043300 
    9844.60     0.94981      6.5083    2.043300 
    9844.70     0.94994      5.5282    2.043300 
    9844.80     0.94998      4.7258    2.043300 
    9844.90     0.94988      5.6171    2.043300 
    9845.00     0.94985      5.6171    2.043300 
    9845.10     0.94985      4.7258    2.043300 
    9845.20     0.94988      5.3496    2.043300 
    9845.30     0.94994      5.3496    2.043300 
    9845.40     0.94988      6.6870    2.043300 
    9845.50     0.94988      5.3496    2.043300 
    9845.60     0.94985      5.1709    2.043300 
    9845.70     0.94988      5.0821    2.043300 
    9845.80     0.94985      6.6870    2.043300 
    9845.90     0.94988      6.1520    2.043300 
    9846.00     0.94985      6.2409    2.043300 
    9846.10     0.94988      5.5282    2.043300 
    9846.20     0.94985      5.4384    2.043300 
    9846.30     0.94994      5.5282    2.043300 
    9846.40     0.94988      6.7758    2.043300 
    9846.50     0.94981      6.3307    2.043300 
    9846.60     0.94988      6.4195    2.043300 
    9846.70     0.94994      5.8846    2.043300 
    9846.80     0.94988      6.2409    2.043300 
    9846.90     0.94988      6.2409    2.043300 
    9847.00     0.94985      6.3307    2.043300 
    9847.10     0.94988      4.9035    2.043300 
    9847.20     0.94988      4.7258    2.043300 
    9847.30     0.94988      4.9035    2.043300 
    9847.40     0.94981      5.4384    2.043300 
    9847.50     0.94988      5.1709    2.043300 
    9847.60     0.94985      7.1331    2.043300 
    9847.70     0.94988      6.3307    2.043300 
    9847.80     0.94981      6.1520    2.043300 
    9847.90     0.94985      6.6870    2.043300 
    9848.00     0.94994      5.2608    2.043300 
    9848.10     0.94985      6.4195    2.043300 
    9848.20     0.94994      5.0821    2.043300 
    9848.30     0.94994      6.9545    2.043300 
    9848.40     0.94981      6.0632    2.043300 
    9848.50     0.94994      7.4894    2.043300 
    9848.60     0.94988      6.0632    2.043300 
    9848.70     0.94988      5.9734    2.043300 
    9848.80     0.94998      6.5083    2.043300 
    9848.90     0.94994      5.7059    2.043300 
    9849.00     0.94988      5.9734    2.043300 
    9849.10     0.94988      5.8846    2.043300 
    9849.20     0.94988      5.9734    2.043300 
    9849.30     0.94985      5.4384    2.043300 
    9849.40     0.94981      6.5083    2.043300 
    9849.50     0.94994      4.8146    2.043300 
    9849.60     0.94985      5.9734    2.043300 
    9849.70     0.94985      5.6171    2.043300 
    9849.80     0.94985      5.9734    2.043300 
    9849.90     0.94985      6.4195    2.043300 
    9850.00     0.94981      6.7758    2.043300 
    9850.10     0.94985      5.4384    2.043300 
    9850.20     0.94988      6.3307    2.043300 
    9850.30     0.94994      6.5083    2.043300 
    9850.40     0.94985      5.7059    2.043300 
    9850.50     0.94981      6.7758    2.043300 
    9850.60     0.94985      5.4384    2.043300 
    9850.70     0.94988      5.1709    2.043300 
    9850.80     0.94994      4.8146    2.043300 
    9850.90     0.94981      5.4384    2.043300 
    9851.00     0.94988      5.6171    2.043300 
    9851.10     0.94985      6.0632    2.043300 
    9851.20     0.94988      5.6171    2.043300 
    9851.30     0.94985      6.0632    2.043300 
    9851.40     0.94994      5.7059    2.043300 
    9851.50     0.94988      5.7059    2.043300 
    9851.60     0.94994      5.7957    2.043300 
    9851.70     0.94988      4.7258    2.041400 
    9851.80     0.94985      5.1709    2.039490 
    9851.90     0.94988      6.2409    2.039490 
    9852.00     0.94988      5.3496    2.039490 
    9852.10     0.94998      4.2797    2.039490 
    9852.20     0.94985      6.4195    2.039490 
    9852.30     0.94988      6.1520    2.039490 
    9852.40     0.94988      5.1709    2.039490 
    9852.50     0.94988      5.8846    2.039490 
    9852.60     0.94988      5.2608    2.039490 
    9852.70     0.94985      6.3307    2.039490 
    9852.80     0.94988      4.9933    2.039490 
    9852.90     0.94985      4.7258    2.039490 
    9853.00     0.94988      4.6360    2.039490 
    9853.10     0.94994      5.8846    2.039490 
    9853.20     0.94985      6.2409    2.039490 
    9853.30     0.94985      6.1520    2.039490 
    9853.40     0.94988      6.1520    2.039490 
    9853.50     0.94994      5.7059    2.039490 
    9853.60     0.94988      6.8656    2.039490 
    9853.70     0.94985      6.8656    2.039490 
    9853.80     0.94985      5.2608    2.039490 
    9853.90     0.94988      6.2409    2.039490 
    9854.00     0.94994      6.0632    2.039490 
    9854.10     0.94998      4.9035    2.039490 
    9854.20     0.94988      5.7059    2.039490 
    9854.30     0.94985      5.2608    2.039490 
    9854.40     0.94994      5.4384    2.039490 
    9854.50     0.94994      5.9734    2.039490 
    9854.60     0.94981      5.7957    2.039490 
    9854.70     0.94981      6.2409    2.039490 
    9854.80     0.94988      6.1520    2.039490 
    9854.90     0.94988      6.4195    2.039490 
    9855.00     0.94988      5.9734    2.039490 
    9855.10     0.94981      5.8846    2.039490 
    9855.20     0.94985      5.6171    2.039490 
    9855.30     0.94988      5.4384    2.039490 
    9855.40     0.94985      4.8146    2.039490 
    9855.50     0.94988      5.8846    2.039490 
    9855.60     0.94985      6.2409    2.039490 
    9855.70     0.94988      4.9035    2.039490 
    9855.80     0.94981      4.9035    2.039490 
    9855.90     0.94988      5.4384    2.039490 
    9856.00     0.94994      6.5083    2.039490 
    9856.10     0.94981      6.9545    2.039490 
    9856.20     0.94988      6.4195    2.039490 
    9856.30     0.94988      6.4195    2.039490 
    9856.40     0.94988      5.9734    2.039490 
    9856.50     0.94981      5.0821    2.039490 
    9856.60     0.94985      5.3496    2.039490 
    9856.70     0.94988      5.9734    2.039490 
    9856.80     0.94985      6.6870    2.039490 
    9856.90     0.94998      5.5282    2.039490 
    9857.00     0.94988      4.9035    2.039490 
    9857.10     0.94985      6.3307    2.039490 
    9857.20     0.94985      6.6870    2.039490 
    9857.30     0.94988      4.9933    2.039490 
    9857.40     0.94988      5.0821    2.039490 
    9857.50     0.94988      4.9035    2.039490 
    9857.60     0.94981      6.1520    2.039490 
    9857.70     0.94981      6.6870    2.039490 
    9857.80     0.94985      5.7957    2.039490 
    9857.90     0.94988      6.6870    2.039490 
    9858.00     0.94981      5.1709    2.039490 
    9858.10     0.94985      5.2608    2.039490 
    9858.20     0.94981      5.3496    2.039490 
    9858.30     0.94985      5.2608    2.039490 
    9858.40     0.94988      5.6171    2.039490 
    9858.50     0.94988      7.3108    2.039490 
    9858.60     0.94994      6.1520    2.039490 
    9858.70     0.94988      5.5282    2.039490 
    9858.80     0.94975      5.8846    2.039490 
    9858.90     0.94988      5.7957    2.039490 
    9859.00     0.94988      5.0821    2.039490 
    9859.10     0.94988      5.5282    2.039490 
    9859.20     0.94981      5.7059    2.039490 
    9859.30     0.94985      5.7957    2.039490 
    9859.40     0.94988      4.6360    2.039490 
    9859.50     0.94981      5.0821    2.039490 
    9859.60     0.94975      5.7957    2.039490 
    9859.70     0.94998      5.9734    2.039490 
    9859.80     0.94994      4.9933    2.039490 
    9859.90     0.94981      6.3307    2.039490 
    9860.00     0.94985      4.9933    2.039490 
    9860.10     0.94985      5.3496    2.039490 
    9860.20     0.94981      4.9933    2.039490 
    9860.30     0.94988      5.7957    2.039490 
    9860.40     0.94985      6.5083    2.039490 
    9860.50     0.94975      6.6870    2.039490 
    9860.60     0.94985      5.3496    2.039490 
    9860.70     0.94988      6.1520    2.039490 
    9860.80     0.94975      5.5282    2.039490 
    9860.90     0.94985      5.4384    2.039490 
    9861.00     0.94985      6.3307    2.039490 
    9861.10     0.94988      6.2409    2.039490 
    9861.20     0.94988      6.2409    2.039490 
    9861.30     0.94981      5.3496    2.039490 
    9861.40     0.94985      4.9035    2.039490 
    9861.50     0.94985      5.3496    2.039490 
    9861.60     0.94994      5.0821    2.039490 
    9861.70     0.94985      4.9933    2.039490 
    9861.80     0.94985      5.5282    2.039490 
    9861.90     0.94981      6.6870    2.039490 
    9862.00     0.94981      5.2608    2.039490 
    9862.10     0.94988      4.6360    2.039490 
    9862.20     0.94988      5.5282    2.039490 
    9862.30     0.94985      4.4583    2.039490 
    9862.40     0.94981      6.5083    2.039490 
    9862.50     0.94988      5.8846    2.039490 
    9862.60     0.94988      5.2608    2.039490 
    9862.70     0.94988      6.1520    2.039490 
    9862.80     0.94988      5.7059    2.041700 
    9862.90     0.94998      6.3307    2.043910 
    9863.00     0.94994      6.8656    2.043910 
    9863.10     0.94985      4.9933    2.043910 
    9863.20     0.94985      5.4384    2.043910 
    9863.30     0.94985      6.5982    2.043910 
    9863.40     0.94985      5.9734    2.043910 
    9863.50     0.94994      5.0821    2.043910 
    9863.60     0.94988      6.2409    2.043910 
    9863.70     0.94981      6.0632    2.043910 
    9863.80     0.94981      5.7059    2.043910 
    9863.90     0.94994      5.3496    2.043910 
    9864.00     0.94985      4.4583    2.043910 
    9864.10     0.94988      5.6171    2.043910 
    9864.20     0.94981      6.0632    2.043910 
    9864.30     0.94988      7.0433    2.043910 
    9864.40     0.94988      6.1520    2.043910 
    9864.50     0.94981      7.0433    2.043910 
    9864.60     0.94985      6.0632    2.043910 
    9864.70     0.94985      5.2608    2.043910 
    9864.80     0.94988      6.1520    2.043910 
    9864.90     0.94985      5.3496    2.043910 
    9865.00     0.94988      5.1709    2.043910 
    9865.10     0.94985      6.7758    2.043910 
    9865.20     0.94988      6.4195    2.043910 
    9865.30     0.94985      5.6171    2.043910 
    9865.40     0.94985      5.7059    2.043910 
    9865.50     0.94985      5.7957    2.043910 
    9865.60     0.94988      5.9734    2.043910 
    9865.70     0.94994      5.2608    2.043910 
    9865.80     0.94985      5.2608    2.043910 
    9865.90     0.94985      4.8146    2.043910 
    9866.00     0.94981      4.9035    2.043910 
    9866.10     0.94994      6.1520    2.043910 
    9866.20     0.94994      6.5982    2.043910 
    9866.30     0.94985      6.5982    2.043910 
    9866.40     0.94988      6.3307    2.043910 
    9866.50     0.94988      6.6870    2.043910 
    9866.60     0.94988      5.7957    2.043910 
    9866.70     0.94985      5.6171    2.043910 
    9866.80     0.94981      6.3307    2.043910 
    9866.90     0.94988      5.9734    2.043910 
    9867.00     0.94985      6.1520    2.043910 
    9867.10     0.94985      5.3496    2.043910 
    9867.20     0.94985      6.5982    2.043910 
    9867.30     0.94981      6.1520    2.043910 
    9867.40     0.94981      6.5083    2.043910 
    9867.50     0.94988      6.6870    2.043910 
    9867.60     0.94985      5.7059    2.043910 
    9867.70     0.94981      6.3307    2.043910 
    9867.80     0.94985      6.0632    2.043910 
    9867.90     0.94994      6.3307    2.043910 
    9868.00     0.94985      6.4195    2.043910 
    9868.10     0.94985      6.3307    2.043910 
    9868.20     0.94985      5.7059    2.043910 
    9868.30     0.94985      6.2409    2.043910 
    9868.40     0.94981      4.4583    2.043910 
    9868.50     0.94988      6.4195    2.043910 
    9868.60     0.94988      5.1709    2.043910 
    9868.70     0.94981      4.6360    2.043910 
    9868.80     0.94981      5.7059    2.043910 
    9868.90     0.94985      5.7059    2.043910 
    9869.00     0.94994      4.6360    2.043910 
    9869.10     0.94985      5.0821    2.043910 
    9869.20     0.94975      6.1520    2.043910 
    9869.30     0.94988      5.4384    2.043910 
    9869.40     0.94988      6.6870    2.043910 
    9869.50     0.94988      6.4195    2.043910 
    9869.60     0.94988      6.9545    2.043910 
    9869.70     0.94985      6.3307    2.043910 
    9869.80     0.94988      5.7957    2.043910 
    9869.90     0.94981      5.7059    2.043910 
    9870.00     0.94985      6.1520    2.043910 
    9870.10     0.95004      5.2608    2.043910 
    9870.20     0.94988      6.5982    2.043910 
    9870.30     0.94985      6.6870    2.043910 
    9870.40     0.94985      5.1709    2.043910 
    9870.50     0.94981      5.7957    2.043910 
    9870.60     0.94985      6.2409    2.043910 
    9870.70     0.94985      5.5282    2.043910 
    9870.80     0.94988      5.5282    2.043910 
    9870.90     0.94985      5.2608    2.043910 
    9871.00     0.94981      4.3685    2.043910 
    9871.10     0.94985      6.0632    2.043910 
    9871.20     0.94988      7.2220    2.043910 
    9871.30     0.94981      5.5282    2.043910 
    9871.40     0.94985      5.5282    2.043910 
    9871.50     0.94981      5.9734    2.043910 
    9871.60     0.94994      4.3685    2.043910 
    9871.70     0.94994      5.1709    2.043910 
    9871.80     0.94994      5.1709    2.043910 
    9871.90     0.94988      4.9035    2.043910 
    9872.00     0.94988      5.1709    2.043910 
    9872.10     0.94985      4.9035    2.043910 
    9872.20     0.94985      6.2409    2.043910 
    9872.30     0.94994      5.7059    2.043910 
    9872.40     0.94988      4.8146    2.043910 
    9872.50     0.94981      5.3496    2.043910 
    9872.60     0.94985      4.9035    2.043910 
    9872.70     0.94975      5.6171    2.043910 
    9872.80     0.94981      5.3496    2.043910 
    9872.90     0.94988      6.1520    2.043910 
    9873.00     0.94988      6.5083    2.043910 
    9873.10     0.94981      5.6171    2.043910 
    9873.20     0.94998      5.2608    2.043910 
    9873.30     0.94988      5.8846    2.043910 
    9873.40     0.94985      5.6171    2.043910 
    9873.50     0.94988      5.5282    2.043910 
    9873.60     0.94981      6.5982    2.043910 
    9873.70     0.94988      6.0632    2.043910 
    9873.80     0.94985      6.0632    2.043910 
    9873.90     0.94985      7.0433    2.044450 
    9874.00     0.94985      6.1520    2.044980 
    9874.10     0.94985      4.9933    2.044980 
    9874.20     0.94988      5.2608    2.044980 
    9874.30     0.94985      5.3496    2.044980 
    9874.40     0.94981      6.3307    2.044980 
    9874.50     0.94988      5.0821    2.044980 
    9874.60     0.94988      4.9933    2.044980 
    9874.70     0.94985      4.7258    2.044980 
    9874.80     0.94985      5.7059    2.044980 
    9874.90     0.94985      5.7059    2.044980 
    9875.00     0.94994      4.9933    2.044980 
    9875.10     0.94988      5.3496    2.044980 
    9875.20     0.94994      6.2409    2.044980 
    9875.30     0.94981      5.9734    2.044980 
    9875.40     0.94981      6.4195    2.044980 
    9875.50     0.94994      5.7957    2.044980 
    9875.60     0.94988      6.1520    2.044980 
    9875.70     0.94985      5.8846    2.044980 
    9875.80     0.94981      5.1709    2.044980 
    9875.90     0.94988      6.2409    2.044980 
    9876.00     0.94988      6.5083    2.044980 
    9876.10     0.94981      3.8335    2.044980 
    9876.20     0.94981      6.7758    2.044980 
    9876.30     0.94985      4.7258    2.044980 
    9876.40     0.94994      5.4384    2.044980 
    9876.50     0.94985      6.6870    2.044980 
    9876.60     0.94985      4.4583    2.044980 
    9876.70     0.94985      5.4384    2.044980 
    9876.80     0.94985      4.9035    2.044980 
    9876.90     0.94985      5.6171    2.044980 
    9877.00     0.94985      6.2409    2.044980 
    9877.10     0.94985      7.1331    2.044980 
    9877.20     0.94981      5.9734    2.044980 
    9877.30     0.94981      5.7059    2.044980 
    9877.40     0.94985      6.2409    2.044980 
    9877.50     0.94985      5.4384    2.044980 
    9877.60     0.94985      4.9933    2.044980 
    9877.70     0.94985      4.9933    2.044980 
    9877.80     0.94985      5.4384    2.044980 
    9877.90     0.94988      3.6559    2.044980 
    9878.00     0.94981      5.4384    2.044980 
    9878.10     0.94985      4.9035    2.044980 
    9878.20     0.94981      5.3496    2.044980 
    9878.30     0.94975      4.6360    2.044980 
    9878.40     0.94994      5.4384    2.044980 
    9878.50     0.94994      5.3496    2.044980 
    9878.60     0.94981      6.3307    2.044980 
    9878.70     0.94985      5.1709    2.044980 
    9878.80     0.94994      5.7957    2.044980 
    9878.90     0.94985      5.0821    2.044980 
    9879.00     0.94985      5.3496    2.044980 
    9879.10     0.94988      5.6171    2.044980 
    9879.20     0.94988      6.2409    2.044980 
    9879.30     0.94988      5.5282    2.044980 
    9879.40     0.94985      5.8846    2.044980 
    9879.50     0.94988      6.4195    2.044980 
    9879.60     0.94988      5.0821    2.044980 
    9879.70     0.94985      4.9933    2.044980 
    9879.80     0.94985      5.6171    2.044980 
    9879.90     0.94985      5.8846    2.044980 
    9880.00     0.94988      5.3496    2.044980 
    9880.10     0.94981      5.3496    2.044980 
    9880.20     0.94985      5.1709    2.044980 
    9880.30     0.94994      5.8846    2.044980 
    9880.40     0.94981      5.2608    2.044980 
    9880.50     0.94988      6.0632    2.044980 
    9880.60     0.94988      4.9035    2.044980 
    9880.70     0.94994      5.7957    2.044980 
    9880.80     0.94994      6.0632    2.044980 
    9880.90     0.94975      6.6870    2.044980 
    9881.00     0.94985      5.6171    2.044980 
    9881.10     0.94994      5.8846    2.044980 
    9881.20     0.94985      5.4384    2.044980 
    9881.30     0.94988      6.0632    2.044980 
    9881.40     0.94981      5.3496    2.044980 
    9881.50     0.94988      5.6171    2.044980 
    9881.60     0.94981      4.9933    2.044980 
    9881.70     0.94985      5.3496    2.044980 
    9881.80     0.94994      5.1709    2.044980 
    9881.90     0.94988      6.0632    2.044980 
    9882.00     0.94981      6.4195    2.044980 
    9882.10     0.94988      6.0632    2.044980 
    9882.20     0.94988      4.9035    2.044980 
    9882.30     0.94985      6.1520    2.044980 
    9882.40     0.94985      7.7569    2.044980 
    9882.50     0.94988      6.0632    2.044980 
    9882.60     0.94988      5.1709    2.044980 
    9882.70     0.94988      4.9035    2.044980 
    9882.80     0.94988      4.9933    2.044980 
    9882.90     0.94981      4.1908    2.044980 
    9883.00     0.94985      4.3685    2.044980 
    9883.10     0.94994      6.7758    2.044980 
    9883.20     0.94994      5.0821    2.044980 
    9883.30     0.94981      6.1520    2.044980 
    9883.40     0.94975      5.4384    2.044980 
    9883.50     0.94981      5.2608    2.044980 
    9883.60     0.94994      4.9933    2.044980 
    9883.70     0.94988      5.6171    2.044980 
    9883.80     0.94981      5.7957    2.044980 
    9883.90     0.94994      5.8846    2.044980 
    9884.00     0.94985      6.0632    2.044980 
    9884.10     0.94975      6.7758    2.044980 
    9884.20     0.94981      6.6870    2.044980 
    9884.30     0.94988      5.7957    2.044980 
    9884.40     0.94988      7.0433    2.044980 
    9884.50     0.94981      5.8846    2.044980 
    9884.60     0.94975      4.5472    2.044980 
    9884.70     0.94981      5.4384    2.044980 
    9884.80     0.94994      5.4384    2.044980 
    9884.90     0.94994      5.1709    2.044980 
    9885.00     0.94981      5.8846    2.043990 
    9885.10     0.94981      6.4195    2.043000 
    9885.20     0.94981      5.6171    2.043000 
    9885.30     0.94988      5.2608    2.043000 
    9885.40     0.94998      4.4583    2.043000 
    9885.50     0.94985      5.3496    2.043000 
    9885.60     0.94981      5.1709    2.043000 
    9885.70     0.94985      5.9734    2.043000 
    9885.80     0.94985      6.6870    2.043000 
    9885.90     0.94985      6.2409    2.043000 
    9886.00     0.94985      5.7957    2.043000 
    9886.10     0.94981      6.4195    2.043000 
    9886.20     0.94985      5.2608    2.043000 
    9886.30     0.94985      5.3496    2.043000 
    9886.40     0.94981      4.7258    2.043000 
    9886.50     0.94985      6.2409    2.043000 
    9886.60     0.94985      6.4195    2.043000 
    9886.70     0.94985      5.9734    2.043000 
    9886.80     0.94981      4.7258    2.043000 
    9886.90     0.94994      5.2608    2.043000 
    9887.00     0.94985      5.3496    2.043000 
    9887.10     0.94988      5.7059    2.043000 
    9887.20     0.94988      6.6870    2.043000 
    9887.30     0.94981      6.7758    2.043000 
    9887.40     0.94988      5.2608    2.043000 
    9887.50     0.94985      5.0821    2.043000 
    9887.60     0.94985      6.5083    2.043000 
    9887.70     0.94988      6.2409    2.043000 
    9887.80     0.94988      6.0632    2.043000 
    9887.90     0.94981      4.8146    2.043000 
    9888.00     0.94981      6.3307    2.043000 
    9888.10     0.94988      5.3496    2.043000 
    9888.20     0.94994      4.8146    2.043000 
    9888.30     0.94985      5.7059    2.043000 
    9888.40     0.94975      5.9734    2.043000 
    9888.50     0.94988      3.6559    2.043000 
    9888.60     0.94994      5.9734    2.043000 
    9888.70     0.94988      5.9734    2.043000 
    9888.80     0.94985      6.1520    2.043000 
    9888.90     0.94981      6.2409    2.043000 
    9889.00     0.94985      5.0821    2.043000 
    9889.10     0.94998      6.0632    2.043000 
    9889.20     0.94981      5.0821    2.043000 
    9889.30     0.94988      7.3108    2.043000 
    9889.40     0.94988      7.2220    2.043000 
    9889.50     0.94994      5.9734    2.043000 
    9889.60     0.94994      5.5282    2.043000 
    9889.70     0.94985      6.4195    2.043000 
    9889.80     0.94985      4.7258    2.043000 
    9889.90     0.94988      5.6171    2.043000 
    9890.00     0.94988      4.9035    2.043000 
    9890.10     0.94985      4.9933    2.043000 
    9890.20     0.94994      4.1010    2.043000 
    9890.30     0.94994      6.1520    2.043000 
    9890.40     0.94988      5.7957    2.043000 
    9890.50     0.94985      5.0821    2.043000 
    9890.60     0.94988      6.4195    2.043000 
    9890.70     0.94988      6.2409    2.043000 
    9890.80     0.94985      6.8656    2.043000 
    9890.90     0.94985      6.5083    2.043000 
    9891.00     0.94988      5.5282    2.043000 
    9891.10     0.94981      5.3496    2.043000 
    9891.20     0.94981      6.1520    2.043000 
    9891.30     0.94988      6.3307    2.043000 
    9891.40     0.94988      6.5982    2.043000 
    9891.50     0.94981      6.2409    2.043000 
    9891.60     0.94985      6.2409    2.043000 
    9891.70     0.94988      5.8846    2.043000 
    9891.80     0.94988      6.7758    2.043000 
    9891.90     0.94988      6.1520    2.043000 
    9892.00     0.94985      5.5282    2.043000 
    9892.10     0.94985      5.9734    2.043000 
    9892.20     0.94988      5.7957    2.043000 
    9892.30     0.94988      5.7957    2.043000 
    9892.40     0.94985      6.1520    2.043000 
    9892.50     0.94985      5.8846    2.043000 
    9892.60     0.94981      4.9933    2.043000 
    9892.70     0.94988      6.0632    2.043000 
    9892.80     0.94985      6.5083    2.043000 
    9892.90     0.94981      5.9734    2.043000 
    9893.00     0.94985      6.2409    2.043000 
    9893.10     0.94981      5.7059    2.043000 
    9893.20     0.94994      4.8146    2.043000 
    9893.30     0.94985      6.3307    2.043000 
    9893.40     0.94985      6.6870    2.043000 
    9893.50     0.94985      6.0632    2.043000 
    9893.60     0.94988      6.4195    2.043000 
    9893.70     0.94988      4.7258    2.043000 
    9893.80     0.94988      6.4195    2.043000 
    9893.90     0.94985      5.7957    2.043000 
    9894.00     0.94985      6.3307    2.043000 
    9894.10     0.94988      5.6171    2.043000 
    9894.20     0.94985      5.5282    2.043000 
    9894.30     0.94988      5.4384    2.043000 
    9894.40     0.94981      6.5083    2.043000 
    9894.50     0.94994      7.5783    2.043000 
    9894.60     0.94988      6.9545    2.043000 
    9894.70     0.94985      4.4583    2.043000 
    9894.80     0.94981      6.0632    2.043000 
    9894.90     0.94981      6.0632    2.043000 
    9895.00     0.94988      5.4384    2.043000 
    9895.10     0.94994      5.5282    2.043000 
    9895.20     0.94981      5.1709    2.043000 
    9895.30     0.94981      5.7059    2.043000 
    9895.40     0.94988      5.3496    2.043000 
    9895.50     0.94985      5.7059    2.043000 
    9895.60     0.94988      4.8146    2.043000 
    9895.70     0.94988      6.1520    2.043000 
    9895.80     0.94988      6.5982    2.043000 
    9895.90     0.94988      6.0632    2.043000 
    9896.00     0.94985      5.1709    2.043000 
    9896.10     0.94985      5.7059    2.042310 
    9896.20     0.94994      5.5282    2.041630 
    9896.30     0.94985      4.7258    2.041630 
    9896.40     0.94988      5.4384    2.041630 
    9896.50     0.94985      6.3307    2.041630 
    9896.60     0.94988      5.5282    2.041630 
    9896.70     0.94988      5.9734    2.041630 
    9896.80     0.94988      5.0821    2.041630 
    9896.90     0.94994      6.2409    2.041630 
    9897.00     0.94994      7.0433    2.041630 
    9897.10     0.94981      4.8146    2.041630 
    9897.20     0.94981      5.7957    2.041630 
    9897.30     0.94988      6.3307    2.041630 
    9897.40     0.94994      5.1709    2.041630 
    9897.50     0.94985      5.8846    2.041630 
    9897.60     0.94981      6.5982    2.041630 
    9897.70     0.94994      5.4384    2.041630 
    9897.80     0.94988      4.9933    2.041630 
    9897.90     0.94985      5.7059    2.041630 
    9898.00     0.94981      5.1709    2.041630 
    9898.10     0.94985      5.1709    2.041630 
    9898.20     0.94988      6.2409    2.041630 
    9898.30     0.94994      6.4195    2.041630 
    9898.40     0.94998      4.5472    2.041630 
    9898.50     0.94985      4.4583    2.041630 
    9898.60     0.94985      5.7957    2.041630 
    9898.70     0.94994      5.7957    2.041630 
    9898.80     0.94988      5.8846    2.041630 
    9898.90     0.94985      6.1520    2.041630 
    9899.00     0.94988      5.9734    2.041630 
    9899.10     0.94994      6.0632    2.041630 
    9899.20     0.94994      5.5282    2.041630 
    9899.30     0.94985      5.7957    2.041630 
    9899.40     0.94994      6.4195    2.041630 
    9899.50     0.94988      5.7059    2.041630 
    9899.60     0.94988      6.5083    2.041630 
    9899.70     0.94985      5.2608    2.041630 
    9899.80     0.94988      4.7258    2.041630 
    9899.90     0.94988      5.9734    2.041630 
    9900.00     0.94985      5.6171    2.041630 
    9900.10     0.94975      6.4195    2.041630 
    9900.20     0.94981      5.8846    2.041630 
    9900.30     0.94994      5.1709    2.041630 
    9900.40     0.94981      4.9035    2.041630 
    9900.50     0.94988      5.3496    2.041630 
    9900.60     0.94988      5.6171    2.041630 
    9900.70     0.94981      6.1520    2.041630 
    9900.80     0.94985      5.5282    2.041630 
    9900.90     0.94988      6.2409    2.041630 
    9901.00     0.94998      7.1331    2.041630 
    9901.10     0.94985      7.2220    2.041630 
    9901.20     0.94994      6.0632    2.041630 
    9901.30     0.94985      6.0632    2.041630 
    9901.40     0.94981      6.0632    2.041630 
    9901.50     0.94985      6.7758    2.041630 
    9901.60     0.94988      5.5282    2.041630 
    9901.70     0.94981      5.8846    2.041630 
    9901.80     0.94981      6.9545    2.041630 
    9901.90     0.94985      5.7059    2.041630 
    9902.00     0.94988      4.7258    2.041630 
    9902.10     0.94988      4.6360    2.041630 
    9902.20     0.94988      4.8146    2.041630 
    9902.30     0.94985      5.7957    2.041630 
    9902.40     0.94981      5.7957    2.041630 
    9902.50     0.94988      5.3496    2.041630 
    9902.60     0.94988      4.9035    2.041630 
    9902.70     0.94994      7.2220    2.041630 
    9902.80     0.94985      6.8656    2.041630 
    9902.90     0.94994      6.2409    2.041630 
    9903.00     0.94985      5.3496    2.041630 
    9903.10     0.94994      4.2797    2.041630 
    9903.20     0.94994      5.7957    2.041630 
    9903.30     0.94985      6.5982    2.041630 
    9903.40     0.94985      5.2608    2.041630 
    9903.50     0.94988      5.7957    2.041630 
    9903.60     0.94994      6.0632    2.041630 
    9903.70     0.94981      5.6171    2.041630 
    9903.80     0.94985      6.3307    2.041630 
    9903.90     0.94994      5.9734    2.041630 
    9904.00     0.94981      5.8846    2.041630 
    9904.10     0.94981      4.9933    2.041630 
    9904.20     0.94985      5.8846    2.041630 
    9904.30     0.94988      5.1709    2.041630 
    9904.40     0.94985      4.5472    2.041630 
    9904.50     0.94994      6.5083    2.041630 
    9904.60     0.94985      6.8656    2.041630 
    9904.70     0.94988      6.2409    2.041630 
    9904.80     0.94985      5.3496    2.041630 
    9904.90     0.94985      5.0821    2.041630 
    9905.00     0.94988      4.9933    2.041630 
    9905.10     0.94981      5.8846    2.041630 
    9905.20     0.94994      6.1520    2.041630 
    9905.30     0.94988      5.0821    2.041630 
    9905.40     0.94994      5.4384    2.041630 
    9905.50     0.94988      5.4384    2.041630 
    9905.60     0.94994      5.6171    2.041630 
    9905.70     0.94994      5.2608    2.041630 
    9905.80     0.94998      5.2608    2.041630 
    9905.90     0.94985      5.1709    2.041630 
    9906.00     0.94985      4.3685    2.041630 
    9906.10     0.94988      5.4384    2.041630 
    9906.20     0.94994      5.7957    2.041630 
    9906.30     0.94988      6.3307    2.041630 
    9906.40     0.94994      6.1520    2.041630 
    9906.50     0.94994      6.0632    2.041630 
    9906.60     0.94985      5.3496    2.041630 
    9906.70     0.94985      5.1709    2.041630 
    9906.80     0.94985      5.6171    2.041630 
    9906.90     0.94981      6.3307    2.041630 
    9907.00     0.94975      4.9933    2.041630 
    9907.10     0.94988      5.5282    2.041630 
    9907.20     0.95004      4.9035    2.042240 
    9907.30     0.94998      4.8146    2.042850 
    9907.40     0.94988      5.3496    2.042850 
    9907.50     0.94988      6.9545    2.042850 
    9907.60     0.94988      4.8146    2.042850 
    9907.70     0.94988      6.2409    2.042850 
    9907.80     0.94988      6.7758    2.042850 
    9907.90     0.94988      5.2608    2.042850 
    9908.00     0.94981      4.3685    2.042850 
    9908.10     0.95004      5.6171    2.042850 
    9908.20     0.94988      6.2409    2.042850 
    9908.30     0.94985      5.3496    2.042850 
    9908.40     0.94994      4.5472    2.042850 
    9908.50     0.94998      6.8656    2.042850 
    9908.60     0.94998      6.1520    2.042850 
    9908.70     0.94988      6.0632    2.042850 
    9908.80     0.94988      7.0433    2.042850 
    9908.90     0.94988      7.1331    2.042850 
    9909.00     0.94981      6.0632    2.042850 
    9909.10     0.94998      4.1908    2.042850 
    9909.20     0.94985      5.4384    2.042850 
    9909.30     0.94994      5.5282    2.042850 
    9909.40     0.94988      5.5282    2.042850 
    9909.50     0.94994      5.2608    2.042850 
    9909.60     0.94981      5.7957    2.042850 
    9909.70     0.94985      6.6870    2.042850 
    9909.80     0.94985      4.9035    2.042850 
    9909.90     0.94998      6.0632    2.042850 
    9910.00     0.94988      5.3496    2.042850 
    9910.10     0.94988      5.5282    2.042850 
    9910.20     0.94985      5.2608    2.042850 
    9910.30     0.94988      5.2608    2.042850 
    9910.40     0.94985      7.4894    2.042850 
    9910.50     0.94994      5.0821    2.042850 
    9910.60     0.94985      5.3496    2.042850 
    9910.70     0.94981      5.0821    2.042850 
    9910.80     0.94985      4.6360    2.042850 
    9910.90     0.94981      5.6171    2.042850 
    9911.00     0.94994      4.4583    2.042850 
    9911.10     0.94988      6.0632    2.042850 
    9911.20     0.94988      5.6171    2.042850 
    9911.30     0.94988      5.8846    2.042850 
    9911.40     0.94985      5.9734    2.042850 
    9911.50     0.94988      6.0632    2.042850 
    9911.60     0.94994      6.6870    2.042850 
    9911.70     0.94994      7.1331    2.042850 
    9911.80     0.94985      5.7059    2.042850 
    9911.90     0.94981      5.8846    2.042850 
    9912.00     0.94985      6.2409    2.042850 
    9912.10     0.94988      7.0433    2.042850 
    9912.20     0.94985      7.0433    2.042850 
    9912.30     0.94994      5.0821    2.042850 
    9912.40     0.94985      5.3496    2.042850 
    9912.50     0.94981      5.7059    2.042850 
    9912.60     0.94988      5.8846    2.042850 
    9912.70     0.94988      6.8656    2.042850 
    9912.80     0.94994      6.4195    2.042850 
    9912.90     0.94985      5.7957    2.042850 
    9913.00     0.94988      4.4583    2.042850 
    9913.10     0.94985      5.7059    2.042850 
    9913.20     0.94994      4.7258    2.042850 
    9913.30     0.94994      5.7059    2.042850 
    9913.40     0.94988      6.4195    2.042850 
    9913.50     0.94985      5.2608    2.042850 
    9913.60     0.94985      6.1520    2.042850 
    9913.70     0.94981      5.7059    2.042850 
    9913.80     0.94988      5.8846    2.042850 
    9913.90     0.94988      5.2608    2.042850 
    9914.00     0.94988      6.0632    2.042850 
    9914.10     0.94985      5.4384    2.042850 
    9914.20     0.94985      4.1908    2.042850 
    9914.30     0.94985      5.7059    2.042850 
    9914.40     0.94994      5.7957    2.042850 
    9914.50     0.94988      5.9734    2.042850 
    9914.60     0.94985      5.5282    2.042850 
    9914.70     0.94985      6.5083    2.042850 
    9914.80     0.94988      6.7758    2.042850 
    9914.90     0.94988      6.0632    2.042850 
    9915.00     0.94985      6.4195    2.042850 
    9915.10     0.94985      6.8656    2.042850 
    9915.20     0.94981      5.9734    2.042850 
    9915.30     0.94988      5.6171    2.042850 
    9915.40     0.94981      4.7258    2.042850 
    9915.50     0.94988      5.7059    2.042850 
    9915.60     0.94988      6.2409    2.042850 
    9915.70     0.94988      5.7059    2.042850 
    9915.80     0.94988      6.1520    2.042850 
    9915.90     0.94988      5.5282    2.042850 
    9916.00     0.94994      5.7059    2.042850 
    9916.10     0.94998      5.2608    2.042850 
    9916.20     0.94998      4.3685    2.042850 
    9916.30     0.94985      4.6360    2.042850 
    9916.40     0.94975      5.2608    2.042850 
    9916.50     0.94994      6.4195    2.042850 
    9916.60     0.94988      5.4384    2.042850 
    9916.70     0.94988      5.5282    2.042850 
    9916.80     0.94975      5.2608    2.042850 
    9916.90     0.94985      6.7758    2.042850 
    9917.00     0.94988      5.7059    2.042850 
    9917.10     0.94981      5.3496    2.042850 
    9917.20     0.94981      5.6171    2.042850 
    9917.30     0.94985      5.0821    2.042850 
    9917.40     0.94985      6.3307    2.042850 
    9917.50     0.94981      5.6171    2.042850 
    9917.60     0.94985      5.1709    2.042850 
    9917.70     0.94985      3.9234    2.042850 
    9917.80     0.94985      5.1709    2.042850 
    9917.90     0.94994      6.2409    2.042850 
    9918.00     0.94985      5.1709    2.042850 
    9918.10     0.94998      5.0821    2.042850 
    9918.20     0.94988      6.5083    2.042850 
    9918.30     0.94985      6.1520    2.042920 
    9918.40     0.94981      6.6870    2.043000 
    9918.50     0.94988      5.8846    2.043000 
    9918.60     0.94998      5.6171    2.043000 
    9918.70     0.94988      5.1709    2.043000 
    9918.80     0.94985      5.8846    2.043000 
    9918.90     0.94981      6.6870    2.043000 
    9919.00     0.94988      6.0632    2.043000 
    9919.10     0.94998      4.6360    2.043000 
    9919.20     0.94985      4.4583    2.043000 
    9919.30     0.94988      6.0632    2.043000 
    9919.40     0.94985      6.7758    2.043000 
    9919.50     0.94994      4.7258    2.043000 
    9919.60     0.94998      5.0821    2.043000 
    9919.70     0.94985      6.1520    2.043000 
    9919.80     0.94985      5.1709    2.043000 
    9919.90     0.94988      4.3685    2.043000 
    9920.00     0.94988      5.6171    2.043000 
    9920.10     0.94985      4.9035    2.043000 
    9920.20     0.94985      5.2608    2.043000 
    9920.30     0.94998      5.1709    2.043000 
    9920.40     0.94988      5.3496    2.043000 
    9920.50     0.94981      5.9734    2.043000 
    9920.60     0.94981      5.1709    2.043000 
    9920.70     0.94985      5.5282    2.043000 
    9920.80     0.94985      5.9734    2.043000 
    9920.90     0.94985      4.8146    2.043000 
    9921.00     0.94985      4.7258    2.043000 
    9921.10     0.94985      6.6870    2.043000 
    9921.20     0.94985      6.4195    2.043000 
    9921.30     0.94985      5.2608    2.043000 
    9921.40     0.94981      5.5282    2.043000 
    9921.50     0.94985      4.3685    2.043000 
    9921.60     0.94985      4.7258    2.043000 
    9921.70     0.94981      5.0821    2.043000 
    9921.80     0.94975      5.4384    2.043000 
    9921.90     0.94988      5.1709    2.043000 
    9922.00     0.94988      5.0821    2.043000 
    9922.10     0.94994      5.8846    2.043000 
    9922.20     0.94985      6.8656    2.043000 
    9922.30     0.94985      5.5282    2.043000 
    9922.40     0.94988      5.4384    2.043000 
    9922.50     0.94988      5.8846    2.043000 
    9922.60     0.94981      4.3685    2.043000 
    9922.70     0.94981      4.4583    2.043000 
    9922.80     0.94985      5.8846    2.043000 
    9922.90     0.94981      5.0821    2.043000 
    9923.00     0.94988      6.6870    2.043000 
    9923.10     0.94994      6.0632    2.043000 
    9923.20     0.94985      5.3496    2.043000 
    9923.30     0.94981      5.8846    2.043000 
    9923.40     0.94985      6.2409    2.043000 
    9923.50     0.94998      6.2409    2.043000 
    9923.60     0.94988      4.9933    2.043000 
    9923.70     0.94975      5.0821    2.043000 
    9923.80     0.94985      4.0122    2.043000 
    9923.90     0.94988      4.8146    2.043000 
    9924.00     0.94985      4.9035    2.043000 
    9924.10     0.94975      5.8846    2.043000 
    9924.20     0.94985      3.9234    2.043000 
    9924.30     0.94988      6.5982    2.043000 
    9924.40     0.94994      6.3307    2.043000 
    9924.50     0.94985      5.7957    2.043000 
    9924.60     0.94975      6.4195    2.043000 
    9924.70     0.94975      5.0821    2.043000 
    9924.80     0.94994      5.8846    2.043000 
    9924.90     0.94998      4.9933    2.043000 
    9925.00     0.94994      5.4384    2.043000 
    9925.10     0.94988      6.1520    2.043000 
    9925.20     0.94975      6.2409    2.043000 
    9925.30     0.94994      6.5083    2.043000 
    9925.40     0.94985      5.1709    2.043000 
    9925.50     0.94988      5.7059    2.043000 
    9925.60     0.94988      6.5083    2.043000 
    9925.70     0.94981      6.6870    2.043000 
    9925.80     0.94981      6.5083    2.043000 
    9925.90     0.94985      6.2409    2.043000 
    9926.00     0.94988      4.5472    2.043000 
    9926.10     0.94985      5.6171    2.043000 
    9926.20     0.94985      6.2409    2.043000 
    9926.30     0.94988      5.4384    2.043000 
    9926.40     0.94981      5.1709    2.043000 
    9926.50     0.94981      5.4384    2.043000 
    9926.60     0.94988      4.9933    2.043000 
    9926.70     0.94985      6.0632    2.043000 
    9926.80     0.94988      5.3496    2.043000 
    9926.90     0.94985      6.3307    2.043000 
    9927.00     0.94981      6.2409    2.043000 
    9927.10     0.94988      5.7957    2.043000 
    9927.20     0.94975      5.4384    2.043000 
    9927.30     0.94985      7.0433    2.043000 
    9927.40     0.94988      6.4195    2.043000 
    9927.50     0.94988      5.7957    2.043000 
    9927.60     0.94975      5.4384    2.043000 
    9927.70     0.94975      4.7258    2.043000 
    9927.80     0.94985      4.7258    2.043000 
    9927.90     0.94981      4.9933    2.043000 
    9928.00     0.94988      6.4195    2.043000 
    9928.10     0.94998      6.3307    2.043000 
    9928.20     0.94985      6.2409    2.043000 
    9928.30     0.94981      4.9933    2.043000 
    9928.40     0.94981      4.8146    2.043000 
    9928.50     0.94994      4.3685    2.043000 
    9928.60     0.94988      5.4384    2.043000 
    9928.70     0.94985      6.5982    2.043000 
    9928.80     0.94971      6.3307    2.043000 
    9928.90     0.94988      6.5083    2.043000 
    9929.00     0.94988      5.7957    2.043000 
    9929.10     0.94985      6.9545    2.043000 
    9929.20     0.94985      6.0632    2.043000 
    9929.30     0.94981      5.5282    2.043000 
    9929.40     0.94988      5.5282    2.043230 
    9929.50     0.94985      7.0433    2.043460 
    9929.60     0.94988      6.8656    2.043460 
    9929.70     0.94985      5.3496    2.043460 
    9929.80     0.94994      5.2608    2.043460 
    9929.90     0.94994      6.2409    2.043460 
    9930.00     0.94985      6.0632    2.043460 
    9930.10     0.94981      5.7059    2.043460 
    9930.20     0.94988      6.6870    2.043460 
    9930.30     0.94985      5.8846    2.043460 
    9930.40     0.94994      5.7957    2.043460 
    9930.50     0.94975      6.0632    2.043460 
    9930.60     0.94981      4.8146    2.043460 
    9930.70     0.94998      5.7957    2.043460 
    9930.80     0.94985      5.8846    2.043460 
    9930.90     0.94971      6.2409    2.043460 
    9931.00     0.94988      6.4195    2.043460 
    9931.10     0.94985      6.0632    2.043460 
    9931.20     0.94985      6.5982    2.043460 
    9931.30     0.94981      5.1709    2.043460 
    9931.40     0.94981      5.0821    2.043460 
    9931.50     0.94994      6.2409    2.043460 
    9931.60     0.94985      5.7059    2.043460 
    9931.70     0.94985      5.3496    2.043460 
    9931.80     0.94994      6.5083    2.043460 
    9931.90     0.94994      6.5083    2.043460 
    9932.00     0.94988      7.2220    2.043460 
    9932.10     0.94985      5.6171    2.043460 
    9932.20     0.94981      5.4384    2.043460 
    9932.30     0.94981      5.1709    2.043460 
    9932.40     0.94994      4.9035    2.043460 
    9932.50     0.94988      6.2409    2.043460 
    9932.60     0.94985      5.3496    2.043460 
    9932.70     0.94994      4.4583    2.043460 
    9932.80     0.94988      6.3307    2.043460 
    9932.90     0.94988      5.3496    2.043460 
    9933.00     0.94981      5.7957    2.043460 
    9933.10     0.94988      5.7059    2.043460 
    9933.20     0.94981      5.2608    2.043460 
    9933.30     0.94988      5.1709    2.043460 
    9933.40     0.94985      6.6870    2.043460 
    9933.50     0.94971      4.9035    2.043460 
    9933.60     0.94981      5.6171    2.043460 
    9933.70     0.94998      5.7059    2.043460 
    9933.80     0.94988      5.9734    2.043460 
    9933.90     0.94981      5.6171    2.043460 
    9934.00     0.94981      6.2409    2.043460 
    9934.10     0.94975      6.5982    2.043460 
    9934.20     0.94988      5.6171    2.043460 
    9934.30     0.94998      5.5282    2.043460 
    9934.40     0.94988      5.3496    2.043460 
    9934.50     0.94985      4.3685    2.043460 
    9934.60     0.94985      6.7758    2.043460 
    9934.70     0.94985      5.3496    2.043460 
    9934.80     0.94981      6.5083    2.043460 
    9934.90     0.94985      4.3685    2.043460 
    9935.00     0.94985      6.0632    2.043460 
    9935.10     0.94981      5.7957    2.043460 
    9935.20     0.94981      5.6171    2.043460 
    9935.30     0.94994      6.5982    2.043460 
    9935.40     0.94975      6.3307    2.043460 
    9935.50     0.94975      5.2608    2.043460 
    9935.60     0.94994      5.7957    2.043460 
    9935.70     0.94998      5.5282    2.043460 
    9935.80     0.94975      5.3496    2.043460 
    9935.90     0.94985      7.0433    2.043460 
    9936.00     0.94994      6.3307    2.043460 
    9936.10     0.94981      6.5982    2.043460 
    9936.20     0.94985      6.4195    2.043460 
    9936.30     0.94985      5.4384    2.043460 
    9936.40     0.94988      5.1709    2.043460 
    9936.50     0.94985      6.4195    2.043460 
    9936.60     0.94985      4.7258    2.043460 
    9936.70     0.94981      5.9734    2.043460 
    9936.80     0.94985      6.2409    2.043460 
    9936.90     0.94988      5.6171    2.043460 
    9937.00     0.94994      4.9035    2.043460 
    9937.10     0.94988      5.8846    2.043460 
    9937.20     0.94985      5.7957    2.043460 
    9937.30     0.94988      5.4384    2.043460 
    9937.40     0.94985      5.7957    2.043460 
    9937.50     0.94985      6.8656    2.043460 
    9937.60     0.94975      5.3496    2.043460 
    9937.70     0.94981      5.3496    2.043460 
    9937.80     0.94981      6.5083    2.043460 
    9937.90     0.94975      6.9545    2.043460 
    9938.00     0.94981      4.6360    2.043460 
    9938.10     0.94967      5.1709    2.043460 
    9938.20     0.94975      6.5083    2.043460 
    9938.30     0.94975      6.2409    2.043460 
    9938.40     0.94988      7.1331    2.043460 
    9938.50     0.94988      4.9035    2.043460 
    9938.60     0.94981      6.6870    2.043460 
    9938.70     0.94981      5.6171    2.043460 
    9938.80     0.94988      6.2409    2.043460 
    9938.90     0.94994      6.6870    2.043460 
    9939.00     0.94985      6.3307    2.043460 
    9939.10     0.94985      6.0632    2.043460 
    9939.20     0.94994      5.2608    2.043460 
    9939.30     0.94988      4.4583    2.043460 
    9939.40     0.94981      4.7258    2.043460 
    9939.50     0.94985      5.4384    2.043460 
    9939.60     0.94985      6.0632    2.043460 
    9939.70     0.94988      4.5472    2.043460 
    9939.80     0.94981      5.5282    2.043460 
    9939.90     0.94988      6.7758    2.043460 
    9940.00     0.94981      6.3307    2.043460 
    9940.10     0.94985      5.3496    2.043460 
    9940.20     0.94988      6.9545    2.043460 
    9940.30     0.94988      6.5083    2.043460 
    9940.40     0.94981      5.7957    2.043460 
    9940.50     0.94985      5.0821    2.042920 
    9940.60     0.94985      5.7957    2.042390 
    9940.70     0.94985      6.0632    2.042390 
    9940.80     0.94988      5.7059    2.042390 
    9940.90     0.94994      5.6171    2.042390 
    9941.00     0.94985      4.9933    2.042390 
    9941.10     0.94985      5.9734    2.042390 
    9941.20     0.94985      6.5083    2.042390 
    9941.30     0.94985      6.2409    2.042390 
    9941.40     0.94981      6.6870    2.042390 
    9941.50     0.94981      6.6870    2.042390 
    9941.60     0.94988      5.9734    2.042390 
    9941.70     0.94994      6.2409    2.042390 
    9941.80     0.94981      6.5083    2.042390 
    9941.90     0.94988      5.8846    2.042390 
    9942.00     0.94998      5.4384    2.042390 
    9942.10     0.94981      6.5083    2.042390 
    9942.20     0.94988      5.7059    2.042390 
    9942.30     0.94985      5.1709    2.042390 
    9942.40     0.94985      5.8846    2.042390 
    9942.50     0.94988      4.8146    2.042390 
    9942.60     0.94988      4.3685    2.042390 
    9942.70     0.94988      5.9734    2.042390 
    9942.80     0.94981      5.0821    2.042390 
    9942.90     0.94988      5.5282    2.042390 
    9943.00     0.94985      5.4384    2.042390 
    9943.10     0.94988      5.4384    2.042390 
    9943.20     0.94988      5.7957    2.042390 
    9943.30     0.94985      5.8846    2.042390 
    9943.40     0.94985      4.1010    2.042390 
    9943.50     0.94981      4.6360    2.042390 
    9943.60     0.94981      5.1709    2.042390 
    9943.70     0.94988      5.6171    2.042390 
    9943.80     0.94981      4.7258    2.042390 
    9943.90     0.94975      4.5472    2.042390 
    9944.00     0.94981      5.0821    2.042390 
    9944.10     0.94988      5.0821    2.042390 
    9944.20     0.94994      6.0632    2.042390 
    9944.30     0.94985      5.3496    2.042390 
    9944.40     0.94971      5.7957    2.042390 
    9944.50     0.94994      5.6171    2.042390 
    9944.60     0.94994      4.6360    2.042390 
    9944.70     0.94985      4.9933    2.042390 
    9944.80     0.94975      5.6171    2.042390 
    9944.90     0.94985      6.5982    2.042390 
    9945.00     0.94994      6.3307    2.042390 
    9945.10     0.94988      6.3307    2.042390 
    9945.20     0.94981      5.1709    2.042390 
    9945.30     0.94981      6.4195    2.042390 
    9945.40     0.94988      5.7957    2.042390 
    9945.50     0.94988      5.0821    2.042390 
    9945.60     0.94994      6.4195    2.042390 
    9945.70     0.94985      7.5783    2.042390 
    9945.80     0.94985      5.7059    2.042390 
    9945.90     0.94981      6.3307    2.042390 
    9946.00     0.94985      5.8846    2.042390 
    9946.10     0.94981      6.2409    2.042390 
    9946.20     0.94981      6.5083    2.042390 
    9946.30     0.94985      6.4195    2.042390 
    9946.40     0.94988      5.4384    2.042390 
    9946.50     0.94988      6.3307    2.042390 
    9946.60     0.94981      6.0632    2.042390 
    9946.70     0.94988      6.6870    2.042390 
    9946.80     0.94998      7.3108    2.042390 
    9946.90     0.94985      7.5783    2.042390 
    9947.00     0.94985      7.0433    2.042390 
    9947.10     0.94988      6.5982    2.042390 
    9947.20     0.94988      5.8846    2.042390 
    9947.30     0.94985      5.8846    2.042390 
    9947.40     0.94988      5.4384    2.042390 
    9947.50     0.94988      6.6870    2.042390 
    9947.60     0.94988      5.3496    2.042390 
    9947.70     0.94994      5.2608    2.042390 
    9947.80     0.94985      4.6360    2.042390 
    9947.90     0.94985      4.7258    2.042390 
    9948.00     0.94981      5.3496    2.042390 
    9948.10     0.94985      6.0632    2.042390 
    9948.20     0.94994      5.4384    2.042390 
    9948.30     0.94981      4.7258    2.042390 
    9948.40     0.94981      4.5472    2.042390 
    9948.50     0.94985      5.3496    2.042390 
    9948.60     0.94994      4.4583    2.042390 
    9948.70     0.94988      5.5282    2.042390 
    9948.80     0.94985      5.8846    2.042390 
    9948.90     0.94981      4.9933    2.042390 
    9949.00     0.94988      5.7957    2.042390 
    9949.10     0.94988      5.5282    2.042390 
    9949.20     0.94988      6.2409    2.042390 
    9949.30     0.94988      4.9933    2.042390 
    9949.40     0.94998      5.4384    2.042390 
    9949.50     0.94988      5.2608    2.042390 
    9949.60     0.94985      5.4384    2.042390 
    9949.70     0.94994      6.4195    2.042390 
    9949.80     0.94988      4.9933    2.042390 
    9949.90     0.94988      4.9035    2.042390 
    9950.00     0.94988      6.4195    2.042390 
    9950.10     0.94994      5.6171    2.042390 
    9950.20     0.94998      6.1520    2.042390 
    9950.30     0.94985      6.6870    2.042390 
    9950.40     0.94994      6.0632    2.042390 
    9950.50     0.94998      5.4384    2.042390 
    9950.60     0.94998      5.1709    2.042390 
    9950.70     0.94975      5.0821    2.042390 
    9950.80     0.94981      5.1709    2.042390 
    9950.90     0.94985      5.4384    2.042390 
    9951.00     0.94998      5.4384    2.042390 
    9951.10     0.94988      4.3685    2.042390 
    9951.20     0.94985      4.8146    2.042390 
    9951.30     0.94981      6.0632    2.042390 
    9951.40     0.94998      5.3496    2.042390 
    9951.50     0.94994      4.7258    2.042390 
    9951.60     0.94985      4.2797    2.042850 
    9951.70     0.94988      5.7957    2.043300 
    9951.80     0.94985      5.3496    2.043300 
    9951.90     0.94985      6.5982    2.043300 
    9952.00     0.94994      5.3496    2.043300 
    9952.10     0.94985      5.3496    2.043300 
    9952.20     0.94985      4.9035    2.043300 
    9952.30     0.94988      4.6360    2.043300 
    9952.40     0.94985      5.8846    2.043300 
    9952.50     0.94985      5.5282    2.043300 
    9952.60     0.94998      4.8146    2.043300 
    9952.70     0.94994      4.9035    2.043300 
    9952.80     0.94988      5.1709    2.043300 
    9952.90     0.94985      4.8146    2.043300 
    9953.00     0.94988      4.8146    2.043300 
    9953.10     0.94998      4.9035    2.043300 
    9953.20     0.94988      6.7758    2.043300 
    9953.30     0.94988      7.1331    2.043300 
    9953.40     0.94985      6.5982    2.043300 
    9953.50     0.94985      5.7957    2.043300 
    9953.60     0.94985      4.9933    2.043300 
    9953.70     0.94988      4.6360    2.043300 
    9953.80     0.94985      4.9933    2.043300 
    9953.90     0.94985      5.9734    2.043300 
    9954.00     0.94988      5.0821    2.043300 
    9954.10     0.94975      6.2409    2.043300 
    9954.20     0.94994      5.0821    2.043300 
    9954.30     0.94994      5.3496    2.043300 
    9954.40     0.94994      4.6360    2.043300 
    9954.50     0.94988      5.6171    2.043300 
    9954.60     0.94981      6.5083    2.043300 
    9954.70     0.94985      4.9035    2.043300 
    9954.80     0.94988      6.1520    2.043300 
    9954.90     0.94975      5.7957    2.043300 
    9955.00     0.94985      7.3108    2.043300 
    9955.10     0.94971      5.8846    2.043300 
    9955.20     0.94998      4.2797    2.043300 
    9955.30     0.94988      6.2409    2.043300 
    9955.40     0.94988      5.8846    2.043300 
    9955.50     0.94985      5.7957    2.043300 
    9955.60     0.94988      5.8846    2.043300 
    9955.70     0.94994      5.6171    2.043300 
    9955.80     0.94981      5.0821    2.043300 
    9955.90     0.94981      5.7957    2.043300 
    9956.00     0.94988      4.9933    2.043300 
    9956.10     0.94985      6.3307    2.043300 
    9956.20     0.94985      4.8146    2.043300 
    9956.30     0.94985      5.3496    2.043300 
    9956.40     0.94985      4.3685    2.043300 
    9956.50     0.94985      6.4195    2.043300 
    9956.60     0.94985      6.4195    2.043300 
    9956.70     0.94985      5.5282    2.043300 
    9956.80     0.94994      6.2409    2.043300 
    9956.90     0.94981      5.9734    2.043300 
    9957.00     0.94981      5.0821    2.043300 
    9957.10     0.94988      5.4384    2.043300 
    9957.20     0.94985      6.2409    2.043300 
    9957.30     0.94985      4.5472    2.043300 
    9957.40     0.94988      4.9933    2.043300 
    9957.50     0.94981      4.8146    2.043300 
    9957.60     0.94994      6.4195    2.043300 
    9957.70     0.94975      6.9545    2.043300 
    9957.80     0.94981      5.2608    2.043300 
    9957.90     0.94994      5.5282    2.043300 
    9958.00     0.94985      5.6171    2.043300 
    9958.10     0.94975      5.7059    2.043300 
    9958.20     0.94994      5.1709    2.043300 
    9958.30     0.94985      5.0821    2.043300 
    9958.40     0.94994      6.2409    2.043300 
    9958.50     0.94998      6.3307    2.043300 
    9958.60     0.95004      5.5282    2.043300 
    9958.70     0.94981      5.7957    2.043300 
    9958.80     0.94988      5.4384    2.043300 
    9958.90     0.94988      5.2608    2.043300 
    9959.00     0.94988      4.9035    2.043300 
    9959.10     0.94985      5.7957    2.043300 
    9959.20     0.94988      3.9234    2.043300 
    9959.30     0.94988      4.0122    2.043300 
    9959.40     0.94988      5.2608    2.043300 
    9959.50     0.94988      4.1908    2.043300 
    9959.60     0.94981      6.1520    2.043300 
    9959.70     0.94988      5.2608    2.043300 
    9959.80     0.94994      4.5472    2.043300 
    9959.90     0.94994      5.6171    2.043300 
    9960.00     0.94981      4.9933    2.043300 
    9960.10     0.94988      5.7957    2.043300 
    9960.20     0.94988      5.1709    2.043300 
    9960.30     0.94988      6.6870    2.043300 
    9960.40     0.94988      4.7258    2.043300 
    9960.50     0.94985      5.4384    2.043300 
    9960.60     0.94988      5.2608    2.043300 
    9960.70     0.94994      6.5083    2.043300 
    9960.80     0.94988      6.5982    2.043300 
    9960.90     0.94985      5.2608    2.043300 
    9961.00     0.94988      6.7758    2.043300 
    9961.10     0.94998      6.6870    2.043300 
    9961.20     0.95008      5.4384    2.043300 
    9961.30     0.95008      5.2608    2.043300 
    9961.40     0.94994      6.3307    2.043300 
    9961.50     0.94994      4.4583    2.043300 
    9961.60     0.94988      6.3307    2.043300 
    9961.70     0.94988      6.9545    2.043300 
    9961.80     0.94988      6.3307    2.043300 
    9961.90     0.94988      6.3307    2.043300 
    9962.00     0.94985      6.5083    2.043300 
    9962.10     0.94981      4.2797    2.043300 
    9962.20     0.94994      5.6171    2.043300 
    9962.30     0.94988      4.9035    2.043300 
    9962.40     0.94998      4.8146    2.043300 
    9962.50     0.94988      5.7957    2.043300 
    9962.60     0.94985      5.7059    2.043300 
    9962.70     0.94988      5.2608    2.042160 
    9962.80     0.94985      5.5282    2.041020 
    9962.90     0.94985      5.7957    2.041020 
    9963.00     0.94994      4.9035    2.041020 
    9963.10     0.94994      4.6360    2.041020 
    9963.20     0.94988      5.7059    2.041020 
    9963.30     0.94981      5.1709    2.041020 
    9963.40     0.94994      6.0632    2.041020 
    9963.50     0.94994      4.5472    2.041020 
    9963.60     0.94998      5.3496    2.041020 
    9963.70     0.94981      6.0632    2.041020 
    9963.80     0.94994      6.5083    2.041020 
    9963.90     0.94988      5.6171    2.041020 
    9964.00     0.94988      5.6171    2.041020 
    9964.10     0.94998      5.4384    2.041020 
    9964.20     0.94988      6.0632    2.041020 
    9964.30     0.94994      4.6360    2.041020 
    9964.40     0.94988      5.9734    2.041020 
    9964.50     0.94985      4.8146    2.041020 
    9964.60     0.94988      4.2797    2.041020 
    9964.70     0.94988      5.3496    2.041020 
    9964.80     0.94988      5.4384    2.041020 
    9964.90     0.94988      5.3496    2.041020 
    9965.00     0.94985      5.9734    2.041020 
    9965.10     0.94985      4.8146    2.041020 
    9965.20     0.94988      4.2797    2.041020 
    9965.30     0.94998      4.8146    2.041020 
    9965.40     0.94985      4.3685    2.041020 
    9965.50     0.94985      6.4195    2.041020 
    9965.60     0.94988      5.9734    2.041020 
    9965.70     0.94985      5.7957    2.041020 
    9965.80     0.95004      5.1709    2.041020 
    9965.90     0.94988      5.8846    2.041020 
    9966.00     0.94988      4.8146    2.041020 
    9966.10     0.95004      5.6171    2.041020 
    9966.20     0.94988      6.0632    2.041020 
    9966.30     0.94988      6.4195    2.041020 
    9966.40     0.94985      6.1520    2.041020 
    9966.50     0.94994      5.4384    2.041020 
    9966.60     0.94988      4.5472    2.041020 
    9966.70     0.94975      5.5282    2.041020 
    9966.80     0.94985      5.3496    2.041020 
    9966.90     0.94985      5.7059    2.041020 
    9967.00     0.94988      5.7059    2.041020 
    9967.10     0.94985      4.4583    2.041020 
    9967.20     0.94985      5.8846    2.041020 
    9967.30     0.94988      6.3307    2.041020 
    9967.40     0.94994      5.2608    2.041020 
    9967.50     0.94994      5.6171    2.041020 
    9967.60     0.94988      5.6171    2.041020 
    9967.70     0.94985      5.6171    2.041020 
    9967.80     0.94988      6.1520    2.041020 
    9967.90     0.94981      4.9933    2.041020 
    9968.00     0.94985      4.7258    2.041020 
    9968.10     0.94988      5.7059    2.041020 
    9968.20     0.94988      5.3496    2.041020 
    9968.30     0.94988      5.7957    2.041020 
    9968.40     0.94988      5.8846    2.041020 
    9968.50     0.94985      4.9933    2.041020 
    9968.60     0.94985      5.8846    2.041020 
    9968.70     0.94981      5.1709    2.041020 
    9968.80     0.94994      6.4195    2.041020 
    9968.90     0.94988      4.9933    2.041020 
    9969.00     0.94988      5.2608    2.041020 
    9969.10     0.94994      4.4583    2.041020 
    9969.20     0.94998      5.5282    2.041020 
    9969.30     0.94994      5.0821    2.041020 
    9969.40     0.94988      6.1520    2.041020 
    9969.50     0.94994      6.5982    2.041020 
    9969.60     0.94981      5.9734    2.041020 
    9969.70     0.94988      6.3307    2.041020 
    9969.80     0.94988      5.6171    2.041020 
    9969.90     0.94985      5.7957    2.041020 
    9970.00     0.94985      7.6681    2.041020 
    9970.10     0.94985      6.5083    2.041020 
    9970.20     0.94994      5.6171    2.041020 
    9970.30     0.94988      4.0122    2.041020 
    9970.40     0.94985      5.0821    2.041020 
    9970.50     0.94981      5.8846    2.041020 
    9970.60     0.94988      6.5083    2.041020 
    9970.70     0.94988      5.7957    2.041020 
    9970.80     0.94988      6.1520    2.041020 
    9970.90     0.94985      5.3496    2.041020 
    9971.00     0.94994      5.7059    2.041020 
    9971.10     0.94985      5.2608    2.041020 
    9971.20     0.94985      5.8846    2.041020 
    9971.30     0.94981      6.8656    2.041020 
    9971.40     0.94994      5.6171    2.041020 
    9971.50     0.94988      5.6171    2.041020 
    9971.60     0.94988      5.6171    2.041020 
    9971.70     0.94981      6.5982    2.041020 
    9971.80     0.94994      5.8846    2.041020 
    9971.90     0.94985      4.8146    2.041020 
    9972.00     0.94985      5.5282    2.041020 
    9972.10     0.94985      5.7957    2.041020 
    9972.20     0.94994      5.2608    2.041020 
    9972.30     0.94988      5.7059    2.041020 
    9972.40     0.94985      6.7758    2.041020 
    9972.50     0.94988      5.5282    2.041020 
    9972.60     0.94981      5.0821    2.041020 
    9972.70     0.94985      5.3496    2.041020 
    9972.80     0.94994      5.3496    2.041020 
    9972.90     0.94988      6.7758    2.041020 
    9973.00     0.94981      6.9545    2.041020 
    9973.10     0.95004      6.2409    2.041020 
    9973.20     0.94988      5.6171    2.041020 
    9973.30     0.94988      4.9933    2.041020 
    9973.40     0.94981      4.9933    2.041020 
    9973.50     0.94994      4.5472    2.041020 
    9973.60     0.94985      5.4384    2.041020 
    9973.70     0.94985      5.4384    2.041020 
    9973.80     0.94981      6.8656    2.042540 
    9973.90     0.94994      5.1709    2.044070 
    9974.00     0.94985      6.2409    2.044070 
    9974.10     0.94988      5.4384    2.044070 
    9974.20     0.94985      6.3307    2.044070 
    9974.30     0.94975      5.7059    2.044070 
    9974.40     0.94985      5.7059    2.044070 
    9974.50     0.94988      6.0632    2.044070 
    9974.60     0.94985      5.9734    2.044070 
    9974.70     0.94988      6.0632    2.044070 
    9974.80     0.94988      6.7758    2.044070 
    9974.90     0.94988      5.2608    2.044070 
    9975.00     0.94988      5.9734    2.044070 
    9975.10     0.94988      5.9734    2.044070 
    9975.20     0.94994      4.8146    2.044070 
    9975.30     0.94994      4.4583    2.044070 
    9975.40     0.94988      4.7258    2.044070 
    9975.50     0.94985      6.5083    2.044070 
    9975.60     0.94994      5.6171    2.044070 
    9975.70     0.94981      4.7258    2.044070 
    9975.80     0.94988      4.6360    2.044070 
    9975.90     0.94988      6.0632    2.044070 
    9976.00     0.94981      5.2608    2.044070 
    9976.10     0.94985      6.6870    2.044070 
    9976.20     0.94994      6.6870    2.044070 
    9976.30     0.94994      6.1520    2.044070 
    9976.40     0.94985      6.3307    2.044070 
    9976.50     0.94988      5.9734    2.044070 
    9976.60     0.94988      4.7258    2.044070 
    9976.70     0.94988      5.5282    2.044070 
    9976.80     0.94981      6.8656    2.044070 
    9976.90     0.94981      6.4195    2.044070 
    9977.00     0.94985      6.2409    2.044070 
    9977.10     0.94988      6.1520    2.044070 
    9977.20     0.94985      5.7957    2.044070 
    9977.30     0.94981      5.0821    2.044070 
    9977.40     0.94981      6.2409    2.044070 
    9977.50     0.94981      6.1520    2.044070 
    9977.60     0.94998      6.3307    2.044070 
    9977.70     0.94988      6.4195    2.044070 
    9977.80     0.94975      4.8146    2.044070 
    9977.90     0.94985      5.7059    2.044070 
    9978.00     0.95004      5.6171    2.044070 
    9978.10     0.94998      6.0632    2.044070 
    9978.20     0.94985      7.0433    2.044070 
    9978.30     0.94981      7.2220    2.044070 
    9978.40     0.94981      6.8656    2.044070 
    9978.50     0.94985      5.3496    2.044070 
    9978.60     0.94988      6.0632    2.044070 
    9978.70     0.94994      5.3496    2.044070 
    9978.80     0.94985      4.9035    2.044070 
    9978.90     0.94981      5.2608    2.044070 
    9979.00     0.94988      6.9545    2.044070 
    9979.10     0.94988      6.9545    2.044070 
    9979.20     0.94985      7.4894    2.044070 
    9979.30     0.94981      6.1520    2.044070 
    9979.40     0.94985      6.7758    2.044070 
    9979.50     0.94994      4.8146    2.044070 
    9979.60     0.94988      5.2608    2.044070 
    9979.70     0.94988      4.9035    2.044070 
    9979.80     0.94985      6.0632    2.044070 
    9979.90     0.94988      5.2608    2.044070 
    9980.00     0.94994      4.9933    2.044070 
    9980.10     0.94985      6.4195    2.044070 
    9980.20     0.94994      6.1520    2.044070 
    9980.30     0.94994      4.9933    2.044070 
    9980.40     0.94981      4.8146    2.044070 
    9980.50     0.94985      6.5083    2.044070 
    9980.60     0.94985      5.9734    2.044070 
    9980.70     0.94994      6.1520    2.044070 
    9980.80     0.94988      6.8656    2.044070 
    9980.90     0.94988      5.2608    2.044070 
    9981.00     0.94988      6.5083    2.044070 
    9981.10     0.94994      6.5083    2.044070 
    9981.20     0.94981      5.6171    2.044070 
    9981.30     0.94988      5.5282    2.044070 
    9981.40     0.94988      4.9933    2.044070 
    9981.50     0.94985      6.4195    2.044070 
    9981.60     0.94988      5.6171    2.044070 
    9981.70     0.94988      6.6870    2.044070 
    9981.80     0.94994      6.9545    2.044070 
    9981.90     0.94985      5.2608    2.044070 
    9982.00     0.94988      6.9545    2.044070 
    9982.10     0.94988      5.3496    2.044070 
    9982.20     0.94988      5.8846    2.044070 
    9982.30     0.94985      5.2608    2.044070 
    9982.40     0.94981      5.8846    2.044070 
    9982.50     0.94985      5.7059    2.044070 
    9982.60     0.94994      5.5282    2.044070 
    9982.70     0.94994      5.9734    2.044070 
    9982.80     0.94981      5.3496    2.044070 
    9982.90     0.94985      6.2409    2.044070 
    9983.00     0.94988      6.4195    2.044070 
    9983.10     0.94994      4.9035    2.044070 
    9983.20     0.94994      4.9933    2.044070 
    9983.30     0.94981      5.3496    2.044070 
    9983.40     0.94981      6.2409    2.044070 
    9983.50     0.94981      5.6171    2.044070 
    9983.60     0.94985      6.6870    2.044070 
    9983.70     0.94988      5.7059    2.044070 
    9983.80     0.94994      5.3496    2.044070 
    9983.90     0.94975      5.2608    2.044070 
    9984.00     0.94981      5.7957    2.044070 
    9984.10     0.94981      5.5282    2.044070 
    9984.20     0.94981      7.4894    2.044070 
    9984.30     0.94994      5.3496    2.044070 
    9984.40     0.94988      5.0821    2.044070 
    9984.50     0.94981      5.0821    2.044070 
    9984.60     0.94981      5.6171    2.044070 
    9984.70     0.94994      6.8656    2.044070 
    9984.80     0.94985      6.5982    2.044070 
    9984.90     0.94994      6.0632    2.043300 
    9985.00     0.94998      4.9933    2.042540 
    9985.10     0.94988      5.3496    2.042540 
    9985.20     0.94985      5.3496    2.042540 
    9985.30     0.94985      5.5282    2.042540 
    9985.40     0.94988      4.1908    2.042540 
    9985.50     0.94988      5.9734    2.042540 
    9985.60     0.94985      6.5982    2.042540 
    9985.70     0.94994      5.0821    2.042540 
    9985.80     0.94988      6.6870    2.042540 
    9985.90     0.94981      4.7258    2.042540 
    9986.00     0.94988      4.9035    2.042540 
    9986.10     0.94988      5.5282    2.042540 
    9986.20     0.94981      6.1520    2.042540 
    9986.30     0.94988      5.7059    2.042540 
    9986.40     0.94998      6.2409    2.042540 
    9986.50     0.94988      5.5282    2.042540 
    9986.60     0.94985      6.6870    2.042540 
    9986.70     0.94994      5.8846    2.042540 
    9986.80     0.94994      5.2608    2.042540 
    9986.90     0.94994      5.4384    2.042540 
    9987.00     0.94988      6.4195    2.042540 
    9987.10     0.94985      5.7957    2.042540 
    9987.20     0.94988      6.0632    2.042540 
    9987.30     0.94988      6.0632    2.042540 
    9987.40     0.94981      6.0632    2.042540 
    9987.50     0.94981      6.4195    2.042540 
    9987.60     0.94988      7.3108    2.042540 
    9987.70     0.94994      5.7957    2.042540 
    9987.80     0.94988      4.9933    2.042540 
    9987.90     0.94985      6.4195    2.042540 
    9988.00     0.94985      6.4195    2.042540 
    9988.10     0.94981      6.6870    2.042540 
    9988.20     0.94985      6.0632    2.042540 
    9988.30     0.94994      6.0632    2.042540 
    9988.40     0.94994      6.2409    2.042540 
    9988.50     0.94975      5.5282    2.042540 
    9988.60     0.94988      4.9933    2.042540 
    9988.70     0.94994      5.5282    2.042540 
    9988.80     0.94988      5.3496    2.042540 
    9988.90     0.94994      5.6171    2.042540 
    9989.00     0.94981      5.4384    2.042540 
    9989.10     0.94985      5.0821    2.042540 
    9989.20     0.94985      6.6870    2.042540 
    9989.30     0.94985      5.8846    2.042540 
    9989.40     0.94985      5.6171    2.042540 
    9989.50     0.95004      5.3496    2.042540 
    9989.60     0.94994      5.5282    2.042540 
    9989.70     0.94988      5.2608    2.042540 
    9989.80     0.94981      5.7957    2.042540 
    9989.90     0.94988      5.7957    2.042540 
    9990.00     0.94994      5.7957    2.042540 
    9990.10     0.94985      5.7059    2.042540 
    9990.20     0.94988      5.5282    2.042540 
    9990.30     0.94981      4.9035    2.042540 
    9990.40     0.94994      5.9734    2.042540 
    9990.50     0.94981      5.2608    2.042540 
    9990.60     0.94981      4.9933    2.042540 
    9990.70     0.94988      6.5982    2.042540 
    9990.80     0.94988      6.0632    2.042540 
    9990.90     0.94985      5.4384    2.042540 
    9991.00     0.94981      5.2608    2.042540 
    9991.10     0.94981      5.8846    2.042540 
    9991.20     0.94988      5.5282    2.042540 
    9991.30     0.94988      5.1709    2.042540 
    9991.40     0.94985      6.8656    2.042540 
    9991.50     0.94985      4.4583    2.042540 
    9991.60     0.94988      4.6360    2.042540 
    9991.70     0.94994      5.7059    2.042540 
    9991.80     0.94981      6.1520    2.042540 
    9991.90     0.94988      6.1520    2.042540 
    9992.00     0.94994      5.3496    2.042540 
    9992.10     0.94988      4.4583    2.042540 
    9992.20     0.94981      6.3307    2.042540 
    9992.30     0.94981      5.9734    2.042540 
    9992.40     0.94985      6.1520    2.042540 
    9992.50     0.94985      6.5083    2.042540 
    9992.60     0.94988      6.5083    2.042540 
    9992.70     0.94981      5.3496    2.042540 
    9992.80     0.94988      5.6171    2.042540 
    9992.90     0.94988      5.3496    2.042540 
    9993.00     0.94985      5.7957    2.042540 
    9993.10     0.94981      5.7059    2.042540 
    9993.20     0.94985      6.5982    2.042540 
    9993.30     0.94988      6.3307    2.042540 
    9993.40     0.94988      6.5982    2.042540 
    9993.50     0.94981      6.5982    2.042540 
    9993.60     0.94981      5.6171    2.042540 
    9993.70     0.94988      5.7059    2.042540 
    9993.80     0.94981      6.0632    2.042540 
    9993.90     0.94988      6.8656    2.042540 
    9994.00     0.94981      6.4195    2.042540 
    9994.10     0.94988      6.8656    2.042540 
    9994.20     0.94985      5.8846    2.042540 
    9994.30     0.94985      7.3108    2.042540 
    9994.40     0.94981      5.8846    2.042540 
    9994.50     0.94994      5.7059    2.042540 
    9994.60     0.94981      5.6171    2.042540 
    9994.70     0.94985      6.1520    2.042540 
    9994.80     0.94981      5.6171    2.042540 
    9994.90     0.94981      5.9734    2.042540 
    9995.00     0.94988      6.7758    2.042540 
    9995.10     0.94988      6.1520    2.042540 
    9995.20     0.94988      6.5982    2.042540 
    9995.30     0.94985      5.4384    2.042540 
    9995.40     0.94985      5.7957    2.042540 
    9995.50     0.94981      5.3496    2.042540 
    9995.60     0.94985      5.2608    2.042540 
    9995.70     0.94998      6.9545    2.042540 
    9995.80     0.94988      5.9734    2.042540 
    9995.90     0.94985      5.4384    2.042540 
    9996.00     0.94988      4.1010    2.042160 
    9996.10     0.94981      4.6360    2.041780 
    9996.20     0.94981      5.6171    2.041780 
    9996.30     0.94988      5.1709    2.041780 
    9996.40     0.94988      5.7059    2.041780 
    9996.50     0.94988      5.5282    2.041780 
    9996.60     0.94988      6.1520    2.041780 
    9996.70     0.94985      5.3496    2.041780 
    9996.80     0.94994      5.7059    2.041780 
    9996.90     0.94985      6.2409    2.041780 
    9997.00     0.94985      5.7957    2.041780 
    9997.10     0.94985      5.5282    2.041780 
    9997.20     0.94994      6.1520    2.041780 
    9997.30     0.94988      5.5282    2.041780 
    9997.40     0.94975      6.5982    2.041780 
    9997.50     0.94981      5.1709    2.041780 
    9997.60     0.94988      5.2608    2.041780 
    9997.70     0.94988      5.6171    2.041780 
    9997.80     0.94981      5.3496    2.041780 
    9997.90     0.94971      5.8846    2.041780 
    9998.00     0.94981      5.8846    2.041780 
    9998.10     0.94994      4.9035    2.041780 
    9998.20     0.94994      4.3685    2.041780 
    9998.30     0.94985      5.1709    2.041780 
    9998.40     0.94985      5.7957    2.041780 
    9998.50     0.94985      6.9545    2.041780 
    9998.60     0.94994      5.2608    2.041780 
    9998.70     0.94988      6.1520    2.041780 
    9998.80     0.94988      5.1709    2.041780 
    9998.90     0.94981      5.1709    2.041780 
    9999.00     0.94988      5.9734    2.041780 
    9999.10     0.94988      7.0433    2.041780 
    9999.20     0.94981      6.3307    2.041780 
    9999.30     0.94981      5.2608    2.041780 
    9999.40     0.94988      4.2797    2.041780 
    9999.50     0.94994      4.9035    2.041780 
    9999.60     0.94981      3.9234    2.041780 
    9999.70     0.94988      5.2608    2.041780 
    9999.80     0.94988      5.8846    2.041780 
    9999.90     0.94988      5.5282    2.041780 
   10000.00     0.94981      5.2608    2.041780 
   10000.10     0.94981      4.7258    2.041780 
   10000.20     0.94994      5.1709    2.041780 
   10000.30     0.94998      5.3496    2.041780 
   10000.40     0.95039      5.5282    2.041780 
   10000.50     0.95181      6.7758    2.041780 
   10000.60     0.95437      5.4384    2.041780 
   10000.70     0.95769      5.4384    2.041780 
   10000.80     0.96185      6.3307    2.041780 
   10000.90     0.96651      7.2220    2.041780 
   10001.00     0.97129      6.8656    2.041780 
   10001.10     0.97599      6.5982    2.041780 
   10001.20     0.98060      8.2030    2.041780 
   10001.30     0.98522      9.2730    2.041780 
   10001.40     0.98987      9.2730    2.041780 
   10001.50     0.99439      8.0244    2.041780 
   10001.60     0.99896      8.6482    2.041780 
   10001.70     1.00351      9.8079    2.041780 
   10001.80     1.00807     12.5716    2.041780 
   10001.90     1.01268     12.3929    2.041780 
   10002.00     1.01717     13.1953    2.041780 
   10002.10     1.02158     13.0167    2.041780 
   10002.20     1.02615     14.2653    2.041780 
   10002.30     1.03062     15.5138    2.041780 
   10002.40     1.03514     16.7614    2.041780 
   10002.50     1.03961     17.1187    2.041780 
   10002.60     1.04422     17.6537    2.041780 
   10002.70     1.04875     19.2585    2.041780 
   10002.80     1.05329     19.6149    2.041780 
   10002.90     1.05773     19.2585    2.041780 
   10003.00     1.06216     21.3086    2.041780 
   10003.10     1.06676     21.8435    2.041780 
   10003.20     1.07114     23.7159    2.041780 
   10003.30     1.07580     24.9645    2.041780 
   10003.40     1.08023     26.6582    2.041780 
   10003.50     1.08474     29.1553    2.041780 
   10003.60     1.08927     30.9378    2.041780 
   10003.70     1.09368     31.9189    2.041780 
   10003.80     1.09825     33.0777    2.041780 
   10003.90     1.10287     33.6126    2.041780 
   10004.00     1.10734     35.8413    2.041780 
   10004.10     1.11181     38.6059    2.041780 
   10004.20     1.11628     39.9433    2.041780 
   10004.30     1.12079     41.9933    2.041780 
   10004.40     1.12518     44.1332    2.041780 
   10004.50     1.12983     46.3628    2.041780 
   10004.60     1.13439     46.9866    2.041780 
   10004.70     1.13869     48.7702    2.041780 
   10004.80     1.14326     50.1076    2.041780 
   10004.90     1.14780     53.4950    2.041780 
   10005.00     1.15224     54.5649    2.041780 
   10005.10     1.15671     57.1509    2.041780 
   10005.20     1.16114     60.8058    2.041780 
   10005.30     1.16566     62.2330    2.041780 
   10005.40     1.16954     64.9078    2.041780 
   10005.50     1.17187     67.5826    2.041780 
   10005.60     1.17214     67.3151    2.041780 
   10005.70     1.17040     64.2830    2.041780 
   10005.80     1.16771     58.7557    2.041780 
   10005.90     1.16428     50.3750    2.041780 
   10006.00     1.16040     42.4395    2.041780 
   10006.10     1.15613     37.3574    2.041780 
   10006.20     1.15143     34.9500    2.041780 
   10006.30     1.14636     32.6325    2.041780 
   10006.40     1.14160     28.7980    2.041780 
   10006.50     1.13690     24.6970    2.041780 
   10006.60     1.13216     21.7547    2.041780 
   10006.70     1.12742     20.9523    2.041780 
   10006.80     1.12276     20.0610    2.041780 
   10006.90     1.11815     19.0799    2.041780 
   10007.00     1.11358     17.3862    2.041780 
   10007.10     1.10902     14.1764    2.042240 
   10007.20     1.10445     14.8002    2.042690 
   10007.30     1.09990     13.3740    2.042690 
   10007.40     1.09534     12.4817    2.042690 
   10007.50     1.09077     12.6604    2.042690 
   10007.60     1.08624     11.4128    2.042690 
   10007.70     1.08154      7.8457    2.042690 
   10007.80     1.07707      7.8457    2.042690 
   10007.90     1.07260      8.3807    2.042690 
   10008.00     1.06796      7.2220    2.042690 
   10008.10     1.06343      7.5783    2.042690 
   10008.20     1.05892      7.8457    2.042690 
   10008.30     1.05449      7.1331    2.042690 
   10008.40     1.04992      7.0433    2.042690 
   10008.50     1.04528      7.2220    2.042690 
   10008.60     1.04079      5.8846    2.042690 
   10008.70     1.03624      6.2409    2.042690 
   10008.80     1.03171      7.2220    2.042690 
   10008.90     1.02715      6.1520    2.042690 
   10009.00     1.02264      7.0433    2.042690 
   10009.10     1.01817      6.5982    2.042690 
   10009.20     1.01364      5.5282    2.042690 
   10009.30     1.00900      6.5982    2.042690 
   10009.40     1.00451      5.7957    2.042690 
   10009.50     1.00004      5.9734    2.042690 
   10009.60     0.99543      5.3496    2.042690 
   10009.70     0.99079      6.5083    2.042690 
   10009.80     0.98630      5.4384    2.042690 
   10009.90     0.98179      5.7957    2.042690 
   10010.00     0.97723      4.9933    2.042690 
   10010.10     0.97272      5.8846    2.042690 
   10010.20     0.96829      5.1709    2.042690 
   10010.30     0.96385      4.7258    2.042690 
   10010.40     0.95934      5.7957    2.042690 
   10010.50     0.95541      5.6171    2.042690 
   10010.60     0.95308      5.7059    2.042690 
   10010.70     0.95295      5.7059    2.042690 
   10010.80     0.95491      6.5083    2.042690 
   10010.90     0.95792      5.2608    2.042690 
   10011.00     0.96189      6.2409    2.042690 
   10011.10     0.96628      4.9933    2.042690 
   10011.20     0.97089      5.3496    2.042690 
   10011.30     0.97555      6.5982    2.042690 
   10011.40     0.98019      4.9933    2.042690 
   10011.50     0.98480      5.6171    2.042690 
   10011.60     0.98946      7.0433    2.042690 
   10011.70     0.99397      6.4195    2.042690 
   10011.80     0.99863      5.9734    2.042690 
   10011.90     1.00314      6.5083    2.042690 
   10012.00     1.00771      7.4006    2.042690 
   10012.10     1.01237      7.5783    2.042690 
   10012.20     1.01684      7.6681    2.042690 
   10012.30     1.02131      9.5404    2.042690 
   10012.40     1.02578      9.0055    2.042690 
   10012.50     1.03039     10.4317    2.042690 
   10012.60     1.03491     11.2342    2.042690 
   10012.70     1.03942      9.8968    2.042690 
   10012.80     1.04389     12.3041    2.042690 
   10012.90     1.04842     13.4628    2.042690 
   10013.00     1.05299     13.1953    2.042690 
   10013.10     1.05750     14.7114    2.042690 
   10013.20     1.06197     14.8002    2.042690 
   10013.30     1.06659     16.4939    2.042690 
   10013.40     1.07100     17.5638    2.042690 
   10013.50     1.07547     19.4362    2.042690 
   10013.60     1.08000     20.3285    2.042690 
   10013.70     1.08447     21.8435    2.042690 
   10013.80     1.08913     21.4872    2.042690 
   10013.90     1.09351     23.3596    2.042690 
   10014.00     1.09798     24.6081    2.042690 
   10014.10     1.10264     26.9256    2.042690 
   10014.20     1.10705     28.5305    2.042690 
   10014.30     1.11154     29.5116    2.042690 
   10014.40     1.11595     32.7214    2.042690 
   10014.50     1.12056     35.8413    2.042690 
   10014.60     1.12509     37.0010    2.042690 
   10014.70     1.12946     39.2297    2.042690 
   10014.80     1.13408     41.5482    2.042690 
   10014.90     1.13859     43.5094    2.042690 
   10015.00     1.14312     44.4905    2.042690 
   10015.10     1.14763     45.5604    2.042690 
   10015.20     1.15220     50.4639    2.042690 
   10015.30     1.15653     51.5338    2.042690 
   10015.40     1.16110     53.5848    2.042690 
   10015.50     1.16547     55.2785    2.042690 
   10015.60     1.16954     59.6470    2.042690 
   10015.70     1.17245     62.5893    2.042690 
   10015.80     1.17428     64.6403    2.042690 
   10015.90     1.17505     64.6403    2.042690 
   10016.00     1.17565     62.5893    2.042690 
   10016.10     1.17588     57.4183    2.042690 
   10016.20     1.17607     53.8523    2.042690 
   10016.30     1.17620     53.2275    2.042690 
   10016.40     1.17620     54.3872    2.042690 
   10016.50     1.17611     54.2086    2.042690 
   10016.60     1.17601     53.5848    2.042690 
   10016.70     1.17611     51.4450    2.042690 
   10016.80     1.17611     50.8202    2.042690 
   10016.90     1.17601     49.4828    2.042690 
   10017.00     1.17597     49.8401    2.042690 
   10017.10     1.17592     50.3750    2.042690 
   10017.20     1.17601     50.0177    2.042690 
   10017.30     1.17592     49.5726    2.042690 
   10017.40     1.17597     48.4129    2.042690 
   10017.50     1.17584     49.2153    2.042690 
   10017.60     1.17588     48.9478    2.042690 
   10017.70     1.17592     49.1265    2.042690 
   10017.80     1.17588     48.2352    2.042690 
   10017.90     1.17588     46.9866    2.042690 
   10018.00     1.17584     47.7891    2.042690 
   10018.10     1.17588     47.9677    2.042690 
   10018.20     1.17574     46.8978    2.041020 
   10018.30     1.17574     47.0755    2.039340 
   10018.40     1.17584     46.1842    2.039340 
   10018.50     1.17588     46.3628    2.039340 
   10018.60     1.17578     46.0055    2.039340 
   10018.70     1.17574     46.8080    2.039340 
   10018.80     1.17574     45.0254    2.039340 
   10018.90     1.17578     44.8468    2.039340 
   10019.00     1.17578     45.9167    2.039340 
   10019.10     1.17584     47.1653    2.039340 
   10019.20     1.17574     46.0954    2.039340 
   10019.30     1.17574     44.9356    2.039340 
   10019.40     1.17578     45.2031    2.039340 
   10019.50     1.17588     45.4706    2.039340 
   10019.60     1.17574     43.9555    2.039340 
   10019.70     1.17574     44.2230    2.039340 
   10019.80     1.17574     45.9167    2.039340 
   10019.90     1.17574     44.3118    2.039340 
   10020.00     1.17574     43.5982    2.039340 
   10020.10     1.17570     45.5604    2.039340 
   10020.20     1.17561     44.1332    2.039340 
   10020.30     1.17584     43.9555    2.039340 
   10020.40     1.17574     44.3118    2.039340 
   10020.50     1.17578     44.2230    2.039340 
   10020.60     1.17574     43.5982    2.039340 
   10020.70     1.17565     43.5094    2.039340 
   10020.80     1.17570     42.4395    2.039340 
   10020.90     1.17578     43.2419    2.039340 
   10021.00     1.17578     43.5094    2.039340 
   10021.10     1.17570     43.4206    2.039340 
   10021.20     1.17574     44.4905    2.039340 
   10021.30     1.17574     43.3307    2.039340 
   10021.40     1.17570     41.9933    2.039340 
   10021.50     1.17570     41.6370    2.039340 
   10021.60     1.17578     42.6181    2.039340 
   10021.70     1.17578     43.0633    2.039340 
   10021.80     1.17570     42.8856    2.039340 
   10021.90     1.17570     41.9933    2.039340 
   10022.00     1.17565     41.5482    2.039340 
   10022.10     1.17570     42.3506    2.039340 
   10022.20     1.17584     41.7259    2.039340 
   10022.30     1.17584     41.8157    2.039340 
   10022.40     1.17570     42.8856    2.039340 
   10022.50     1.17570     43.8657    2.039340 
   10022.60     1.17578     41.4584    2.039340 
   10022.70     1.17584     41.3695    2.039340 
   10022.80     1.17565     41.6370    2.039340 
   10022.90     1.17561     42.1720    2.039340 
   10023.00     1.17574     43.1531    2.039340 
   10023.10     1.17574     42.1720    2.039340 
   10023.20     1.17570     41.9045    2.039340 
   10023.30     1.17570     42.5283    2.039340 
   10023.40     1.17561     41.9933    2.039340 
   10023.50     1.17565     42.6181    2.039340 
   10023.60     1.17570     41.4584    2.039340 
   10023.70     1.17570     41.6370    2.039340 
   10023.80     1.17570     42.2608    2.039340 
   10023.90     1.17574     41.5482    2.039340 
   10024.00     1.17565     41.3695    2.039340 
   10024.10     1.17557     40.4783    2.039340 
   10024.20     1.17570     41.8157    2.039340 
   10024.30     1.17578     41.7259    2.039340 
   10024.40     1.17565     41.2807    2.039340 
   10024.50     1.17561     40.2996    2.039340 
   10024.60     1.17565     40.2996    2.039340 
   10024.70     1.17570     42.2608    2.039340 
   10024.80     1.17578     41.4584    2.039340 
   10024.90     1.17561     40.0322    2.039340 
   10025.00     1.17565     40.7458    2.039340 
   10025.10     1.17574     40.6559    2.039340 
   10025.20     1.17574     41.0132    2.039340 
   10025.30     1.17570     40.6559    2.039340 
   10025.40     1.17561     41.0132    2.039340 
   10025.50     1.17565     40.5671    2.039340 
   10025.60     1.17578     40.2996    2.039340 
   10025.70     1.17570     39.7647    2.039340 
   10025.80     1.17565     40.3885    2.039340 
   10025.90     1.17561     40.2108    2.039340 
   10026.00     1.17570     39.7647    2.039340 
   10026.10     1.17578     40.2108    2.039340 
   10026.20     1.17565     40.0322    2.039340 
   10026.30     1.17565     40.9234    2.039340 
   10026.40     1.17561     41.1909    2.039340 
   10026.50     1.17574     39.3185    2.039340 
   10026.60     1.17561     39.3185    2.039340 
   10026.70     1.17570     40.2996    2.039340 
   10026.80     1.17561     40.1210    2.039340 
   10026.90     1.17574     39.8535    2.039340 
   10027.00     1.17570     38.8734    2.039340 
   10027.10     1.17570     38.9622    2.039340 
   10027.20     1.17561     38.8734    2.039340 
   10027.30     1.17565     38.7836    2.039340 
   10027.40     1.17570     39.8535    2.039340 
   10027.50     1.17574     39.7647    2.039340 
   10027.60     1.17557     39.8535    2.039340 
   10027.70     1.17574     39.1409    2.039340 
   10027.80     1.17584     39.1409    2.039340 
   10027.90     1.17578     39.3185    2.039340 
   10028.00     1.17565     38.8734    2.039340 
   10028.10     1.17565     37.8923    2.039340 
   10028.20     1.17574     37.7137    2.039340 
   10028.30     1.17570     38.8734    2.039340 
   10028.40     1.17570     38.7836    2.039340 
   10028.50     1.17570     38.9622    2.039340 
   10028.60     1.17578     39.3185    2.039340 
   10028.70     1.17574     38.6059    2.039340 
   10028.80     1.17561     39.2297    2.039340 
   10028.90     1.17574     38.4273    2.039340 
   10029.00     1.17570     39.2297    2.039340 
   10029.10     1.17570     38.8734    2.039340 
   10029.20     1.17565     38.6948    2.039340 
   10029.30     1.17578     38.1598    2.165680 
   10029.40     1.17565     39.2297    2.292020 
   10029.50     1.17551     38.5161    2.292020 
   10029.60     1.17570     38.2486    2.292020 
   10029.70     1.17574     37.7137    2.292020 
   10029.80     1.17570     38.6948    2.292020 
   10029.90     1.17565     39.1409    2.292020 
   10030.00     1.17561     38.3384    2.292020 
   10030.10     1.17561     38.7836    2.292020 
   10030.20     1.17574     37.6248    2.292020 
   10030.30     1.17565     38.4273    2.292020 
   10030.40     1.17557     38.5161    2.292020 
   10030.50     1.17561     38.4273    2.292020 
   10030.60     1.17561     37.7137    2.292020 
   10030.70     1.17574     38.1598    2.292020 
   10030.80     1.17561     37.7137    2.292020 
   10030.90     1.17561     37.8923    2.292020 
   10031.00     1.17574     37.0010    2.292020 
   10031.10     1.17570     37.8923    2.292020 
   10031.20     1.17570     37.6248    2.292020 
   10031.30     1.17574     37.4462    2.292020 
   10031.40     1.17561     37.1787    2.292020 
   10031.50     1.17570     37.9811    2.292020 
   10031.60     1.17574     37.8035    2.292020 
   10031.70     1.17574     37.5360    2.292020 
   10031.80     1.17570     39.3185    2.292020 
   10031.90     1.17570     39.4084    2.292020 
   10032.00     1.17565     37.4462    2.292020 
   10032.10     1.17574     37.1787    2.292020 
   10032.20     1.17561     37.9811    2.292020 
   10032.30     1.17565     37.6248    2.292020 
   10032.40     1.17570     38.4273    2.292020 
   10032.50     1.17565     37.8035    2.292020 
   10032.60     1.17565     37.9811    2.292020 
   10032.70     1.17578     37.6248    2.292020 
   10032.80     1.17565     37.5360    2.292020 
   10032.90     1.17565     37.2685    2.292020 
   10033.00     1.17565     37.2685    2.292020 
   10033.10     1.17570     37.7137    2.292020 
   10033.20     1.17561     37.4462    2.292020 
   10033.30     1.17557     37.8035    2.292020 
   10033.40     1.17557     37.5360    2.292020 
   10033.50     1.17565     38.0710    2.292020 
   10033.60     1.17561     36.7336    2.292020 
   10033.70     1.17570     37.1787    2.292020 
   10033.80     1.17570     37.5360    2.292020 
   10033.90     1.17561     35.9311    2.292020 
   10034.00     1.17565     38.4273    2.292020 
   10034.10     1.17570     37.0899    2.292020 
   10034.20     1.17561     36.8224    2.292020 
   10034.30     1.17557     36.7336    2.292020 
   10034.40     1.17565     36.9112    2.292020 
   10034.50     1.17574     37.5360    2.292020 
   10034.60     1.17561     36.8224    2.292020 
   10034.70     1.17557     37.0010    2.292020 
   10034.80     1.17565     37.4462    2.292020 
   10034.90     1.17584     37.1787    2.292020 
   10035.00     1.17570     37.4462    2.292020 
   10035.10     1.17557     37.6248    2.292020 
   10035.20     1.17565     38.1598    2.292020 
   10035.30     1.17570     38.8734    2.292020 
   10035.40     1.17570     37.2685    2.292020 
   10035.50     1.17561     36.4661    2.292020 
   10035.60     1.17561     38.2486    2.292020 
   10035.70     1.17570     37.7137    2.292020 
   10035.80     1.17574     37.6248    2.292020 
   10035.90     1.17565     37.1787    2.292020 
   10036.00     1.17565     37.1787    2.292020 
   10036.10     1.17565     37.8035    2.292020 
   10036.20     1.17574     37.2685    2.292020 
   10036.30     1.17570     36.6437    2.292020 
   10036.40     1.17561     37.8035    2.292020 
   10036.50     1.17561     36.7336    2.292020 
   10036.60     1.17561     35.9311    2.292020 
   10036.70     1.17565     36.2874    2.292020 
   10036.80     1.17561     37.5360    2.292020 
   10036.90     1.17565     36.7336    2.292020 
   10037.00     1.17565     37.4462    2.292020 
   10037.10     1.17561     36.9112    2.292020 
   10037.20     1.17561     37.0010    2.292020 
   10037.30     1.17570     37.0010    2.292020 
   10037.40     1.17557     35.0389    2.292020 
   10037.50     1.17565     36.9112    2.292020 
   10037.60     1.17565     36.4661    2.292020 
   10037.70     1.17570     36.6437    2.292020 
   10037.80     1.17565     36.5549    2.292020 
   10037.90     1.17557     35.5738    2.292020 
   10038.00     1.17557     35.8413    2.292020 
   10038.10     1.17574     36.6437    2.292020 
   10038.20     1.17570     36.9112    2.292020 
   10038.30     1.17565     35.3063    2.292020 
   10038.40     1.17557     35.4850    2.292020 
   10038.50     1.17557     35.6636    2.292020 
   10038.60     1.17565     36.0200    2.292020 
   10038.70     1.17574     36.2874    2.292020 
   10038.80     1.17561     35.3962    2.292020 
   10038.90     1.17565     36.9112    2.292020 
   10039.00     1.17551     35.5738    2.292020 
   10039.10     1.17565     35.4850    2.292020 
   10039.20     1.17565     35.2175    2.292020 
   10039.30     1.17565     36.0200    2.292020 
   10039.40     1.17561     35.3063    2.292020 
   10039.50     1.17565     36.9112    2.292020 
   10039.60     1.17557     37.3574    2.292020 
   10039.70     1.17565     37.0010    2.292020 
   10039.80     1.17565     35.5738    2.292020 
   10039.90     1.17565     34.9500    2.292020 
   10040.00     1.17574     33.7025    2.292020 
   10040.10     1.17565     34.6826    2.292020 
   10040.20     1.17561     34.2374    2.292020 
   10040.30     1.17570     35.1287    2.292020 
   10040.40     1.17570     36.1088    2.298890 
   10040.50     1.17565     36.7336    2.305760 
   10040.60     1.17561     36.1986    2.305760 
   10040.70     1.17565     36.1088    2.305760 
   10040.80     1.17565     35.6636    2.305760 
   10040.90     1.17565     35.7525    2.305760 
   10041.00     1.17557     36.1088    2.305760 
   10041.10     1.17561     36.0200    2.305760 
   10041.20     1.17565     35.1287    2.305760 
   10041.30     1.17570     35.3063    2.305760 
   10041.40     1.17561     35.4850    2.305760 
   10041.50     1.17565     36.0200    2.305760 
   10041.60     1.17570     35.0389    2.305760 
   10041.70     1.17561     33.1675    2.305760 
   10041.80     1.17565     34.9500    2.305760 
   10041.90     1.17570     34.4151    2.305760 
   10042.00     1.17570     34.9500    2.305760 
   10042.10     1.17561     35.8413    2.305760 
   10042.20     1.17561     36.1986    2.305760 
   10042.30     1.17561     35.3962    2.305760 
   10042.40     1.17570     35.2175    2.305760 
   10042.50     1.17565     35.3962    2.305760 
   10042.60     1.17557     36.0200    2.305760 
   10042.70     1.17565     37.2685    2.305760 
   10042.80     1.17561     35.3063    2.305760 
   10042.90     1.17574     33.4350    2.305760 
   10043.00     1.17570     35.3063    2.305760 
   10043.10     1.17551     34.1476    2.305760 
   10043.20     1.17565     33.6126    2.305760 
   10043.30     1.17578     34.2374    2.305760 
   10043.40     1.17570     34.2374    2.305760 
   10043.50     1.17541     34.3262    2.305760 
   10043.60     1.17557     33.7913    2.305760 
   10043.70     1.17570     34.8612    2.305760 
   10043.80     1.17570     34.9500    2.305760 
   10043.90     1.17565     36.4661    2.305760 
   10044.00     1.17551     35.4850    2.305760 
   10044.10     1.17561     36.1088    2.305760 
   10044.20     1.17561     35.1287    2.305760 
   10044.30     1.17565     36.1088    2.305760 
   10044.40     1.17565     34.5937    2.305760 
   10044.50     1.17565     35.4850    2.305760 
   10044.60     1.17565     36.5549    2.305760 
   10044.70     1.17565     34.7714    2.305760 
   10044.80     1.17565     34.9500    2.305760 
   10044.90     1.17561     34.2374    2.305760 
   10045.00     1.17561     35.4850    2.305760 
   10045.10     1.17557     36.4661    2.305760 
   10045.20     1.17565     35.4850    2.305760 
   10045.30     1.17565     35.6636    2.305760 
   10045.40     1.17570     35.3962    2.305760 
   10045.50     1.17561     35.2175    2.305760 
   10045.60     1.17561     34.8612    2.305760 
   10045.70     1.17561     34.3262    2.305760 
   10045.80     1.17570     34.5937    2.305760 
   10045.90     1.17565     35.2175    2.305760 
   10046.00     1.17561     35.2175    2.305760 
   10046.10     1.17565     34.8612    2.305760 
   10046.20     1.17565     33.7913    2.305760 
   10046.30     1.17561     34.1476    2.305760 
   10046.40     1.17561     35.3063    2.305760 
   10046.50     1.17561     33.9699    2.305760 
   10046.60     1.17570     34.6826    2.305760 
   10046.70     1.17570     34.3262    2.305760 
   10046.80     1.17557     33.2563    2.305760 
   10046.90     1.17557     34.0588    2.305760 
   10047.00     1.17561     32.5427    2.305760 
   10047.10     1.17565     33.7025    2.305760 
   10047.20     1.17570     32.7214    2.305760 
   10047.30     1.17565     35.1287    2.305760 
   10047.40     1.17570     34.1476    2.305760 
   10047.50     1.17557     33.2563    2.305760 
   10047.60     1.17565     33.9699    2.305760 
   10047.70     1.17570     32.8102    2.305760 
   10047.80     1.17565     33.8801    2.305760 
   10047.90     1.17561     33.8801    2.305760 
   10048.00     1.17565     34.1476    2.305760 
   10048.10     1.17570     35.0389    2.305760 
   10048.20     1.17565     34.2374    2.305760 
   10048.30     1.17561     34.5937    2.305760 
   10048.40     1.17551     33.6126    2.305760 
   10048.50     1.17565     34.0588    2.305760 
   10048.60     1.17557     34.1476    2.305760 
   10048.70     1.17557     34.1476    2.305760 
   10048.80     1.17574     34.3262    2.305760 
   10048.90     1.17578     33.9699    2.305760 
   10049.00     1.17565     34.5039    2.305760 
   10049.10     1.17557     34.8612    2.305760 
   10049.20     1.17547     34.2374    2.305760 
   10049.30     1.17574     33.7913    2.305760 
   10049.40     1.17574     35.3063    2.305760 
   10049.50     1.17565     34.0588    2.305760 
   10049.60     1.17565     35.0389    2.305760 
   10049.70     1.17565     34.2374    2.305760 
   10049.80     1.17561     34.4151    2.305760 
   10049.90     1.17574     33.9699    2.305760 
   10050.00     1.17565     35.0389    2.305760 
   10050.10     1.17551     35.2175    2.305760 
   10050.20     1.17561     35.0389    2.305760 
   10050.30     1.17570     34.4151    2.305760 
   10050.40     1.17565     34.4151    2.305760 
   10050.50     1.17557     35.7525    2.305760 
   10050.60     1.17561     34.1476    2.305760 
   10050.70     1.17561     33.0777    2.305760 
   10050.80     1.17565     32.0078    2.305760 
   10050.90     1.17547     32.6325    2.305760 
   10051.00     1.17557     33.6126    2.305760 
   10051.10     1.17561     33.4350    2.305760 
   10051.20     1.17574     33.9699    2.305760 
   10051.30     1.17570     33.0777    2.305760 
   10051.40     1.17551     33.6126    2.305760 
   10051.50     1.17565     33.7025    2.305600 
   10051.60     1.17570     33.4350    2.305450 
   10051.70     1.17570     33.4350    2.305450 
   10051.80     1.17570     33.1675    2.305450 
   10051.90     1.17561     33.7025    2.305450 
   10052.00     1.17570     33.4350    2.305450 
   10052.10     1.17557     34.1476    2.305450 
   10052.20     1.17561     33.9699    2.305450 
   10052.30     1.17570     33.0777    2.305450 
   10052.40     1.17547     33.1675    2.305450 
   10052.50     1.17561     32.0976    2.305450 
   10052.60     1.17561     34.4151    2.305450 
   10052.70     1.17561     35.1287    2.305450 
   10052.80     1.17570     34.5937    2.305450 
   10052.90     1.17570     33.3452    2.305450 
   10053.00     1.17561     34.9500    2.305450 
   10053.10     1.17565     34.2374    2.305450 
   10053.20     1.17565     33.7025    2.305450 
   10053.30     1.17557     33.5238    2.305450 
   10053.40     1.17570     33.4350    2.305450 
   10053.50     1.17565     33.2563    2.305450 
   10053.60     1.17561     34.3262    2.305450 
   10053.70     1.17561     33.7025    2.305450 
   10053.80     1.17547     34.6826    2.305450 
   10053.90     1.17561     33.9699    2.305450 
   10054.00     1.17561     33.8801    2.305450 
   10054.10     1.17561     33.4350    2.305450 
   10054.20     1.17551     33.9699    2.305450 
   10054.30     1.17557     34.4151    2.305450 
   10054.40     1.17570     34.2374    2.305450 
   10054.50     1.17565     32.2752    2.305450 
   10054.60     1.17561     31.2053    2.305450 
   10054.70     1.17565     32.0078    2.305450 
   10054.80     1.17561     33.2563    2.305450 
   10054.90     1.17565     32.9000    2.305450 
   10055.00     1.17565     32.4539    2.305450 
   10055.10     1.17557     32.5427    2.305450 
   10055.20     1.17557     32.6325    2.305450 
   10055.30     1.17565     32.7214    2.305450 
   10055.40     1.17561     32.1864    2.305450 
   10055.50     1.17565     32.9000    2.305450 
   10055.60     1.17561     32.2752    2.305450 
   10055.70     1.17551     33.4350    2.305450 
   10055.80     1.17565     33.2563    2.305450 
   10055.90     1.17570     31.7403    2.305450 
   10056.00     1.17574     31.7403    2.305450 
   10056.10     1.17570     32.9000    2.305450 
   10056.20     1.17557     31.6514    2.305450 
   10056.30     1.17565     32.3651    2.305450 
   10056.40     1.17561     32.6325    2.305450 
   10056.50     1.17574     32.5427    2.305450 
   10056.60     1.17561     32.9888    2.305450 
   10056.70     1.17551     33.3452    2.305450 
   10056.80     1.17565     33.4350    2.305450 
   10056.90     1.17570     32.5427    2.305450 
   10057.00     1.17565     31.2053    2.305450 
   10057.10     1.17565     32.7214    2.305450 
   10057.20     1.17565     32.1864    2.305450 
   10057.30     1.17561     31.8301    2.305450 
   10057.40     1.17551     31.0277    2.305450 
   10057.50     1.17557     32.8102    2.305450 
   10057.60     1.17570     33.5238    2.305450 
   10057.70     1.17570     34.9500    2.305450 
   10057.80     1.17551     35.2175    2.305450 
   10057.90     1.17551     33.1675    2.305450 
   10058.00     1.17561     33.1675    2.305450 
   10058.10     1.17565     32.9888    2.305450 
   10058.20     1.17557     32.9000    2.305450 
   10058.30     1.17561     33.1675    2.305450 
   10058.40     1.17565     32.8102    2.305450 
   10058.50     1.17570     32.6325    2.305450 
   10058.60     1.17565     34.2374    2.305450 
   10058.70     1.17557     33.3452    2.305450 
   10058.80     1.17561     32.8102    2.305450 
   10058.90     1.17565     32.1864    2.305450 
   10059.00     1.17565     32.7214    2.305450 
   10059.10     1.17557     33.2563    2.305450 
   10059.20     1.17561     32.4539    2.305450 
   10059.30     1.17557     32.8102    2.305450 
   10059.40     1.17557     31.7403    2.305450 
   10059.50     1.17561     32.7214    2.305450 
   10059.60     1.17557     31.9189    2.305450 
   10059.70     1.17565     32.6325    2.305450 
   10059.80     1.17565     31.7403    2.305450 
   10059.90     1.17565     32.6325    2.305450 
   10060.00     1.17561     32.6325    2.305450 
   10060.10     1.17570     32.5427    2.305450 
   10060.20     1.17565     32.3651    2.305450 
   10060.30     1.17565     31.1165    2.305450 
   10060.40     1.17561     31.2951    2.305450 
   10060.50     1.17557     32.8102    2.305450 
   10060.60     1.17557     33.4350    2.305450 
   10060.70     1.17565     32.6325    2.305450 
   10060.80     1.17561     31.9189    2.305450 
   10060.90     1.17557     32.5427    2.305450 
   10061.00     1.17574     32.1864    2.305450 
   10061.10     1.17565     32.6325    2.305450 
   10061.20     1.17547     32.7214    2.305450 
   10061.30     1.17565     33.1675    2.305450 
   10061.40     1.17565     31.8301    2.305450 
   10061.50     1.17561     31.9189    2.305450 
   10061.60     1.17561     32.7214    2.305450 
   10061.70     1.17561     32.6325    2.305450 
   10061.80     1.17561     33.3452    2.305450 
   10061.90     1.17565     32.1864    2.305450 
   10062.00     1.17574     31.2951    2.305450 
   10062.10     1.17557     32.2752    2.305450 
   10062.20     1.17557     33.5238    2.305450 
   10062.30     1.17565     33.8801    2.305450 
   10062.40     1.17561     31.6514    2.305450 
   10062.50     1.17561     33.0777    2.305450 
   10062.60     1.17557     33.9699    2.305600 
   10062.70     1.17565     34.5937    2.305760 
   10062.80     1.17570     32.5427    2.305760 
   10062.90     1.17561     31.5626    2.305760 
   10063.00     1.17557     32.7214    2.305760 
   10063.10     1.17561     33.5238    2.305760 
   10063.20     1.17570     32.0976    2.305760 
   10063.30     1.17570     32.6325    2.305760 
   10063.40     1.17565     31.6514    2.305760 
   10063.50     1.17561     31.5626    2.305760 
   10063.60     1.17561     31.9189    2.305760 
   10063.70     1.17565     31.9189    2.305760 
   10063.80     1.17561     32.1864    2.305760 
   10063.90     1.17551     32.1864    2.305760 
   10064.00     1.17565     31.6514    2.305760 
   10064.10     1.17565     32.0976    2.305760 
   10064.20     1.17565     33.0777    2.305760 
   10064.30     1.17561     31.9189    2.305760 
   10064.40     1.17551     32.8102    2.305760 
   10064.50     1.17565     31.4728    2.305760 
   10064.60     1.17561     32.0976    2.305760 
   10064.70     1.17561     32.6325    2.305760 
   10064.80     1.17570     33.6126    2.305760 
   10064.90     1.17565     32.1864    2.305760 
   10065.00     1.17561     32.0078    2.305760 
   10065.10     1.17570     31.5626    2.305760 
   10065.20     1.17570     32.0976    2.305760 
   10065.30     1.17561     31.1165    2.305760 
   10065.40     1.17561     31.2053    2.305760 
   10065.50     1.17561     31.7403    2.305760 
   10065.60     1.17570     31.0277    2.305760 
   10065.70     1.17565     33.1675    2.305760 
   10065.80     1.17565     32.5427    2.305760 
   10065.90     1.17565     32.5427    2.305760 
   10066.00     1.17561     32.6325    2.305760 
   10066.10     1.17565     32.0976    2.305760 
   10066.20     1.17570     32.3651    2.305760 
   10066.30     1.17565     32.8102    2.305760 
   10066.40     1.17570     32.8102    2.305760 
   10066.50     1.17565     32.1864    2.305760 
   10066.60     1.17561     31.0277    2.305760 
   10066.70     1.17551     31.2951    2.305760 
   10066.80     1.17565     33.1675    2.305760 
   10066.90     1.17561     31.7403    2.305760 
   10067.00     1.17557     31.6514    2.305760 
   10067.10     1.17561     32.0976    2.305760 
   10067.20     1.17570     32.5427    2.305760 
   10067.30     1.17557     31.4728    2.305760 
   10067.40     1.17551     31.4728    2.305760 
   10067.50     1.17561     31.3840    2.305760 
   10067.60     1.17570     31.0277    2.305760 
   10067.70     1.17561     31.7403    2.305760 
   10067.80     1.17557     32.1864    2.305760 
   10067.90     1.17565     31.3840    2.305760 
   10068.00     1.17570     31.6514    2.305760 
   10068.10     1.17565     31.2053    2.305760 
   10068.20     1.17557     30.5815    2.305760 
   10068.30     1.17561     30.9378    2.305760 
   10068.40     1.17565     31.9189    2.305760 
   10068.50     1.17565     32.3651    2.305760 
   10068.60     1.17565     31.3840    2.305760 
   10068.70     1.17557     32.5427    2.305760 
   10068.80     1.17557     31.9189    2.305760 
   10068.90     1.17570     31.6514    2.305760 
   10069.00     1.17565     30.7602    2.305760 
   10069.10     1.17551     31.3840    2.305760 
   10069.20     1.17561     32.6325    2.305760 
   10069.30     1.17565     31.7403    2.305760 
   10069.40     1.17570     31.4728    2.305760 
   10069.50     1.17557     30.2252    2.305760 
   10069.60     1.17561     31.0277    2.305760 
   10069.70     1.17565     31.3840    2.305760 
   10069.80     1.17565     31.0277    2.305760 
   10069.90     1.17570     31.6514    2.305760 
   10070.00     1.17565     32.2752    2.305760 
   10070.10     1.17565     32.2752    2.305760 
   10070.20     1.17561     31.2951    2.305760 
   10070.30     1.17570     31.7403    2.305760 
   10070.40     1.17565     32.9000    2.305760 
   10070.50     1.17561     30.8490    2.305760 
   10070.60     1.17565     31.8301    2.305760 
   10070.70     1.17561     33.1675    2.305760 
   10070.80     1.17565     31.1165    2.305760 
   10070.90     1.17561     31.2053    2.305760 
   10071.00     1.17561     31.1165    2.305760 
   10071.10     1.17570     30.9378    2.305760 
   10071.20     1.17561     32.4539    2.305760 
   10071.30     1.17565     31.7403    2.305760 
   10071.40     1.17565     33.0777    2.305760 
   10071.50     1.17557     32.0078    2.305760 
   10071.60     1.17565     31.2053    2.305760 
   10071.70     1.17574     30.3140    2.305760 
   10071.80     1.17561     31.9189    2.305760 
   10071.90     1.17557     31.5626    2.305760 
   10072.00     1.17557     31.7403    2.305760 
   10072.10     1.17561     31.2951    2.305760 
   10072.20     1.17565     31.6514    2.305760 
   10072.30     1.17557     30.5815    2.305760 
   10072.40     1.17570     30.5815    2.305760 
   10072.50     1.17551     30.9378    2.305760 
   10072.60     1.17565     30.6704    2.305760 
   10072.70     1.17565     30.7602    2.305760 
   10072.80     1.17557     31.7403    2.305760 
   10072.90     1.17561     31.8301    2.305760 
   10073.00     1.17570     30.3140    2.305760 
   10073.10     1.17565     30.4927    2.305760 
   10073.20     1.17561     31.0277    2.305760 
   10073.30     1.17570     30.6704    2.305760 
   10073.40     1.17570     31.5626    2.305760 
   10073.50     1.17557     31.1165    2.305760 
   10073.60     1.17561     31.9189    2.305760 
   10073.70     1.17574     30.8490    2.305300 
   10073.80     1.17561     31.6514    2.304840 
   10073.90     1.17565     30.2252    2.304840 
   10074.00     1.17565     30.0466    2.304840 
   10074.10     1.17561     32.0976    2.304840 
   10074.20     1.17570     30.9378    2.304840 
   10074.30     1.17561     31.1165    2.304840 
   10074.40     1.17570     32.1864    2.304840 
   10074.50     1.17557     32.0078    2.304840 
   10074.60     1.17557     31.5626    2.304840 
   10074.70     1.17561     29.7791    2.304840 
   10074.80     1.17570     29.9577    2.304840 
   10074.90     1.17574     30.3140    2.304840 
   10075.00     1.17570     30.3140    2.304840 
   10075.10     1.17565     32.0078    2.304840 
   10075.20     1.17561     31.2951    2.304840 
   10075.30     1.17570     30.4927    2.304840 
   10075.40     1.17570     30.5815    2.304840 
   10075.50     1.17565     31.2053    2.304840 
   10075.60     1.17561     31.4728    2.304840 
   10075.70     1.17570     30.4927    2.304840 
   10075.80     1.17565     30.7602    2.304840 
   10075.90     1.17565     30.7602    2.304840 
   10076.00     1.17561     29.7791    2.304840 
   10076.10     1.17561     31.2053    2.304840 
   10076.20     1.17574     31.9189    2.304840 
   10076.30     1.17561     30.2252    2.304840 
   10076.40     1.17565     30.5815    2.304840 
   10076.50     1.17565     31.5626    2.304840 
   10076.60     1.17570     30.9378    2.304840 
   10076.70     1.17557     30.7602    2.304840 
   10076.80     1.17578     31.4728    2.304840 
   10076.90     1.17565     30.7602    2.304840 
   10077.00     1.17561     30.0466    2.304840 
   10077.10     1.17570     30.4029    2.304840 
   10077.20     1.17574     30.6704    2.304840 
   10077.30     1.17561     31.2951    2.304840 
   10077.40     1.17565     29.6903    2.304840 
   10077.50     1.17561     30.1354    2.304840 
   10077.60     1.17565     30.4927    2.304840 
   10077.70     1.17570     30.1354    2.304840 
   10077.80     1.17570     29.6004    2.304840 
   10077.90     1.17570     30.5815    2.304840 
   10078.00     1.17561     31.2053    2.304840 
   10078.10     1.17561     30.9378    2.304840 
   10078.20     1.17561     31.1165    2.304840 
   10078.30     1.17561     31.4728    2.304840 
   10078.40     1.17565     32.6325    2.304840 
   10078.50     1.17561     31.8301    2.304840 
   10078.60     1.17561     32.0976    2.304840 
   10078.70     1.17574     31.4728    2.304840 
   10078.80     1.17565     31.5626    2.304840 
   10078.90     1.17557     30.4029    2.304840 
   10079.00     1.17557     31.2951    2.304840 
   10079.10     1.17574     30.4927    2.304840 
   10079.20     1.17565     30.4029    2.304840 
   10079.30     1.17565     30.6704    2.304840 
   10079.40     1.17565     30.5815    2.304840 
   10079.50     1.17565     30.0466    2.304840 
   10079.60     1.17570     31.1165    2.304840 
   10079.70     1.17565     30.1354    2.304840 
   10079.80     1.17561     30.0466    2.304840 
   10079.90     1.17574     30.4927    2.304840 
   10080.00     1.17574     31.5626    2.304840 
   10080.10     1.17565     31.9189    2.304840 
   10080.20     1.17570     30.3140    2.304840 
   10080.30     1.17561     31.0277    2.304840 
   10080.40     1.17565     31.4728    2.304840 
   10080.50     1.17565     31.3840    2.304840 
   10080.60     1.17561     31.4728    2.304840 
   10080.70     1.17557     30.4029    2.304840 
   10080.80     1.17565     31.7403    2.304840 
   10080.90     1.17561     31.5626    2.304840 
   10081.00     1.17570     30.8490    2.304840 
   10081.10     1.17557     30.6704    2.304840 
   10081.20     1.17561     31.0277    2.304840 
   10081.30     1.17565     31.7403    2.304840 
   10081.40     1.17570     31.2951    2.304840 
   10081.50     1.17570     31.3840    2.304840 
   10081.60     1.17561     32.0078    2.304840 
   10081.70     1.17565     31.5626    2.304840 
   10081.80     1.17561     29.6004    2.304840 
   10081.90     1.17578     28.9766    2.304840 
   10082.00     1.17578     29.4228    2.304840 
   10082.10     1.17570     30.8490    2.304840 
   10082.20     1.17557     31.7403    2.304840 
   10082.30     1.17570     30.8490    2.304840 
   10082.40     1.17570     30.5815    2.304840 
   10082.50     1.17561     29.8679    2.304840 
   10082.60     1.17565     29.5116    2.304840 
   10082.70     1.17565     30.7602    2.304840 
   10082.80     1.17565     31.2053    2.304840 
   10082.90     1.17551     30.6704    2.304840 
   10083.00     1.17570     29.8679    2.304840 
   10083.10     1.17565     30.8490    2.304840 
   10083.20     1.17570     31.2951    2.304840 
   10083.30     1.17561     30.4927    2.304840 
   10083.40     1.17551     30.1354    2.304840 
   10083.50     1.17557     29.6004    2.304840 
   10083.60     1.17561     30.9378    2.304840 
   10083.70     1.17570     30.4029    2.304840 
   10083.80     1.17574     30.3140    2.304840 
   10083.90     1.17570     30.8490    2.304840 
   10084.00     1.17565     31.3840    2.304840 
   10084.10     1.17570     29.6903    2.304840 
   10084.20     1.17574     29.5116    2.304840 
   10084.30     1.17561     30.2252    2.304840 
   10084.40     1.17570     30.5815    2.304840 
   10084.50     1.17561     30.8490    2.304840 
   10084.60     1.17565     29.5116    2.304840 
   10084.70     1.17561     31.5626    2.304840 
   10084.80     1.17561     30.4029    2.302470 
   10084.90     1.17565     30.0466    2.300110 
   10085.00     1.17570     29.1553    2.300110 
   10085.10     1.17570     31.3840    2.300110 
   10085.20     1.17561     31.2951    2.300110 
   10085.30     1.17561     28.7980    2.300110 
   10085.40     1.17561     30.6704    2.300110 
   10085.50     1.17561     30.5815    2.300110 
   10085.60     1.17565     30.3140    2.300110 
   10085.70     1.17570     30.4029    2.300110 
   10085.80     1.17570     30.7602    2.300110 
   10085.90     1.17565     29.4228    2.300110 
   10086.00     1.17565     29.6903    2.300110 
   10086.10     1.17561     30.4029    2.300110 
   10086.20     1.17565     30.8490    2.300110 
   10086.30     1.17561     31.2053    2.300110 
   10086.40     1.17565     31.2053    2.300110 
   10086.50     1.17570     30.9378    2.300110 
   10086.60     1.17574     30.4029    2.300110 
   10086.70     1.17565     31.7403    2.300110 
   10086.80     1.17557     29.7791    2.300110 
   10086.90     1.17565     30.5815    2.300110 
   10087.00     1.17570     30.1354    2.300110 
   10087.10     1.17565     30.7602    2.300110 
   10087.20     1.17565     30.2252    2.300110 
   10087.30     1.17565     32.0078    2.300110 
   10087.40     1.17561     30.1354    2.300110 
   10087.50     1.17565     30.6704    2.300110 
   10087.60     1.17565     30.5815    2.300110 
   10087.70     1.17561     30.7602    2.300110 
   10087.80     1.17557     30.3140    2.300110 
   10087.90     1.17574     28.9766    2.300110 
   10088.00     1.17570     29.8679    2.300110 
   10088.10     1.17557     30.8490    2.300110 
   10088.20     1.17561     30.3140    2.300110 
   10088.30     1.17561     29.2441    2.300110 
   10088.40     1.17574     28.9766    2.300110 
   10088.50     1.17565     30.3140    2.300110 
   10088.60     1.17561     30.9378    2.300110 
   10088.70     1.17557     31.2053    2.300110 
   10088.80     1.17570     30.8490    2.300110 
   10088.90     1.17565     29.5116    2.300110 
   10089.00     1.17565     30.7602    2.300110 
   10089.10     1.17570     30.4029    2.300110 
   10089.20     1.17557     31.3840    2.300110 
   10089.30     1.17570     29.6903    2.300110 
   10089.40     1.17561     30.5815    2.300110 
   10089.50     1.17561     30.5815    2.300110 
   10089.60     1.17561     30.4029    2.300110 
   10089.70     1.17561     30.4029    2.300110 
   10089.80     1.17570     30.4029    2.300110 
   10089.90     1.17565     29.4228    2.300110 
   10090.00     1.17570     29.8679    2.300110 
   10090.10     1.17565     29.9577    2.300110 
   10090.20     1.17565     30.1354    2.300110 
   10090.30     1.17574     30.0466    2.300110 
   10090.40     1.17570     29.3330    2.300110 
   10090.50     1.17561     28.6203    2.300110 
   10090.60     1.17557     30.5815    2.300110 
   10090.70     1.17561     29.5116    2.300110 
   10090.80     1.17570     27.9956    2.300110 
   10090.90     1.17565     28.6203    2.300110 
   10091.00     1.17561     29.6004    2.300110 
   10091.10     1.17557     31.1165    2.300110 
   10091.20     1.17565     31.2053    2.300110 
   10091.30     1.17561     29.7791    2.300110 
   10091.40     1.17565     28.7980    2.300110 
   10091.50     1.17565     29.7791    2.300110 
   10091.60     1.17570     30.7602    2.300110 
   10091.70     1.17561     30.9378    2.300110 
   10091.80     1.17570     29.9577    2.300110 
   10091.90     1.17570     30.5815    2.300110 
   10092.00     1.17551     28.9766    2.300110 
   10092.10     1.17570     28.7092    2.300110 
   10092.20     1.17574     30.3140    2.300110 
   10092.30     1.17561     30.6704    2.300110 
   10092.40     1.17561     29.1553    2.300110 
   10092.50     1.17565     30.0466    2.300110 
   10092.60     1.17561     29.7791    2.300110 
   10092.70     1.17565     30.3140    2.300110 
   10092.80     1.17565     31.4728    2.300110 
   10092.90     1.17565     29.1553    2.300110 
   10093.00     1.17574     28.8878    2.300110 
   10093.10     1.17561     30.1354    2.300110 
   10093.20     1.17570     30.4029    2.300110 
   10093.30     1.17570     30.1354    2.300110 
   10093.40     1.17561     29.9577    2.300110 
   10093.50     1.17565     29.9577    2.300110 
   10093.60     1.17570     30.3140    2.300110 
   10093.70     1.17565     30.3140    2.300110 
   10093.80     1.17561     29.4228    2.300110 
   10093.90     1.17570     29.7791    2.300110 
   10094.00     1.17561     30.0466    2.300110 
   10094.10     1.17565     29.6004    2.300110 
   10094.20     1.17561     29.2441    2.300110 
   10094.30     1.17561     30.5815    2.300110 
   10094.40     1.17565     29.8679    2.300110 
   10094.50     1.17561     28.9766    2.300110 
   10094.60     1.17565     28.7092    2.300110 
   10094.70     1.17561     30.1354    2.300110 
   10094.80     1.17565     30.0466    2.300110 
   10094.90     1.17570     30.1354    2.300110 
   10095.00     1.17557     30.3140    2.300110 
   10095.10     1.17557     30.0466    2.300110 
   10095.20     1.17561     29.6004    2.300110 
   10095.30     1.17561     29.0655    2.300110 
   10095.40     1.17565     30.1354    2.300110 
   10095.50     1.17570     31.0277    2.300110 
   10095.60     1.17570     29.9577    2.300110 
   10095.70     1.17570     29.6903    2.300110 
   10095.80     1.17561     29.2441    2.300110 
   10095.90     1.17565     29.2441    2.300110 
   10096.00     1.17565     29.2441    2.300720 
   10096.10     1.17565     29.9577    2.300720 
   10096.20     1.17565     30.4029    2.300720 
   10096.30     1.17570     28.9766    2.300720 
   10096.40     1.17574     28.9766    2.300720 
   10096.50     1.17561     28.9766    2.300720 
   10096.60     1.17561     29.6004    2.300720 
   10096.70     1.17561     28.7092    2.300720 
   10096.80     1.17570     29.7791    2.300720 
   10096.90     1.17570     30.8490    2.300720 
   10097.00     1.17565     30.4927    2.300720 
   10097.10     1.17565     29.6004    2.300720 
   10097.20     1.17570     29.3330    2.300720 
   10097.30     1.17570     29.6004    2.300720 
   10097.40     1.17561     30.5815    2.300720 
   10097.50     1.17565     30.4029    2.300720 
   10097.60     1.17561     29.6004    2.300720 
   10097.70     1.17561     30.6704    2.300720 
   10097.80     1.17557     30.4029    2.300720 
   10097.90     1.17561     29.6004    2.300720 
   10098.00     1.17565     30.4927    2.300720 
   10098.10     1.17561     29.1553    2.300720 
   10098.20     1.17570     29.4228    2.300720 
   10098.30     1.17565     29.5116    2.300720 
   10098.40     1.17557     29.6004    2.300720 
   10098.50     1.17557     30.4927    2.300720 
   10098.60     1.17565     30.5815    2.300720 
   10098.70     1.17565     29.0655    2.300720 
   10098.80     1.17551     28.7092    2.300720 
   10098.90     1.17565     29.0655    2.300720 
   10099.00     1.17570     29.9577    2.300720 
   10099.10     1.17574     28.3529    2.300720 
   10099.20     1.17561     29.6004    2.300720 
   10099.30     1.17551     29.3330    2.300720 
   10099.40     1.17565     29.5116    2.300720 
   10099.50     1.17570     29.2441    2.300720 
   10099.60     1.17565     29.8679    2.300720 
   10099.70     1.17565     28.5305    2.300720 
   10099.80     1.17561     28.9766    2.300720 
   10099.90     1.17561     28.7980    2.300720 
   10100.00     1.17561     29.4228    2.300720 
   10100.10     1.17561     29.7791    2.300720 
   10100.20     1.17565     29.1553    2.300720 
   10100.30     1.17570     29.1553    2.300720 
   10100.40     1.17557     29.5116    2.300720 
   10100.50     1.17557     29.0655    2.300720 
   10100.60     1.17570     28.7980    2.300720 
   10100.70     1.17570     30.7602    2.300720 
   10100.80     1.17551     30.0466    2.300720 
   10100.90     1.17561     28.6203    2.300720 
   10101.00     1.17570     28.9766    2.300720 
   10101.10     1.17557     28.7980    2.300720 
   10101.20     1.17557     29.2441    2.300720 
   10101.30     1.17570     30.7602    2.300720 
   10101.40     1.17570     29.6004    2.300720 
   10101.50     1.17557     30.4029    2.300720 
   10101.60     1.17557     29.6004    2.300720 
   10101.70     1.17561     29.3330    2.300720 
   10101.80     1.17570     29.2441    2.300720 
   10101.90     1.17578     29.2441    2.300720 
   10102.00     1.17561     29.8679    2.300720 
   10102.10     1.17561     29.2441    2.300720 
   10102.20     1.17565     29.4228    2.300720 
   10102.30     1.17561     28.4417    2.300720 
   10102.40     1.17565     28.4417    2.300720 
   10102.50     1.17565     27.9067    2.300720 
   10102.60     1.17565     28.8878    2.300720 
   10102.70     1.17561     28.8878    2.300720 
   10102.80     1.17570     29.5116    2.300720 
   10102.90     1.17565     30.0466    2.300720 
   10103.00     1.17561     29.5116    2.300720 
   10103.10     1.17561     29.4228    2.300720 
   10103.20     1.17561     29.2441    2.300720 
   10103.30     1.17565     29.3330    2.300720 
   10103.40     1.17565     30.0466    2.300720 
   10103.50     1.17561     29.7791    2.300720 
   10103.60     1.17561     29.1553    2.300720 
   10103.70     1.17561     28.5305    2.300720 
   10103.80     1.17565     29.6004    2.300720 
   10103.90     1.17565     30.1354    2.300720 
   10104.00     1.17561     29.9577    2.300720 
   10104.10     1.17557     30.3140    2.300720 
   10104.20     1.17561     30.1354    2.300720 
   10104.30     1.17561     29.9577    2.300720 
   10104.40     1.17557     29.3330    2.300720 
   10104.50     1.17561     28.3529    2.300720 
   10104.60     1.17561     29.5116    2.300720 
   10104.70     1.17565     29.5116    2.300720 
   10104.80     1.17561     29.2441    2.300720 
   10104.90     1.17561     29.7791    2.300720 
   10105.00     1.17551     29.6903    2.300720 
   10105.10     1.17565     30.1354    2.300720 
   10105.20     1.17570     29.4228    2.300720 
   10105.30     1.17565     28.6203    2.300720 
   10105.40     1.17551     28.9766    2.300720 
   10105.50     1.17557     29.4228    2.300720 
   10105.60     1.17570     29.2441    2.300720 
   10105.70     1.17570     28.9766    2.300720 
   10105.80     1.17561     29.7791    2.300720 
   10105.90     1.17557     29.8679    2.300720 
   10106.00     1.17561     28.8878    2.300720 
   10106.10     1.17561     28.3529    2.300720 
   10106.20     1.17565     29.1553    2.300720 
   10106.30     1.17561     29.2441    2.300720 
   10106.40     1.17557     29.8679    2.300720 
   10106.50     1.17570     29.2441    2.300720 
   10106.60     1.17557     30.1354    2.300720 
   10106.70     1.17557     28.8878    2.300720 
   10106.80     1.17565     29.3330    2.300720 
   10106.90     1.17561     28.7092    2.300720 
   10107.00     1.17561     28.8878    2.301330 
   10107.10     1.17557     28.4417    2.301940 
   10107.20     1.17565     28.7980    2.301940 
   10107.30     1.17565     28.3529    2.301940 
   10107.40     1.17561     28.1742    2.301940 
   10107.50     1.17551     27.9067    2.301940 
   10107.60     1.17565     29.3330    2.301940 
   10107.70     1.17565     28.4417    2.301940 
   10107.80     1.17557     28.9766    2.301940 
   10107.90     1.17551     30.2252    2.301940 
   10108.00     1.17561     30.4927    2.301940 
   10108.10     1.17565     29.6004    2.301940 
   10108.20     1.17557     29.5116    2.301940 
   10108.30     1.17565     29.5116    2.301940 
   10108.40     1.17570     29.8679    2.301940 
   10108.50     1.17561     28.7980    2.301940 
   10108.60     1.17561     29.5116    2.301940 
   10108.70     1.17561     29.4228    2.301940 
   10108.80     1.17557     29.5116    2.301940 
   10108.90     1.17561     28.8878    2.301940 
   10109.00     1.17561     29.6004    2.301940 
   10109.10     1.17570     29.5116    2.301940 
   10109.20     1.17570     29.3330    2.301940 
   10109.30     1.17565     28.9766    2.301940 
   10109.40     1.17561     28.6203    2.301940 
   10109.50     1.17565     27.8179    2.301940 
   10109.60     1.17570     28.7092    2.301940 
   10109.70     1.17565     29.6903    2.301940 
   10109.80     1.17561     29.3330    2.301940 
   10109.90     1.17561     28.7092    2.301940 
   10110.00     1.17565     27.9956    2.301940 
   10110.10     1.17570     29.2441    2.301940 
   10110.20     1.17565     29.1553    2.301940 
   10110.30     1.17551     28.6203    2.301940 
   10110.40     1.17561     28.8878    2.301940 
   10110.50     1.17570     27.9067    2.301940 
   10110.60     1.17557     28.7092    2.301940 
   10110.70     1.17561     28.3529    2.301940 
   10110.80     1.17570     28.7092    2.301940 
   10110.90     1.17578     28.7980    2.301940 
   10111.00     1.17557     29.4228    2.301940 
   10111.10     1.17561     29.0655    2.301940 
   10111.20     1.17565     29.2441    2.301940 
   10111.30     1.17565     29.6903    2.301940 
   10111.40     1.17557     29.1553    2.301940 
   10111.50     1.17561     29.2441    2.301940 
   10111.60     1.17561     29.8679    2.301940 
   10111.70     1.17570     30.2252    2.301940 
   10111.80     1.17565     29.8679    2.301940 
   10111.90     1.17557     30.3140    2.301940 
   10112.00     1.17561     30.0466    2.301940 
   10112.10     1.17565     28.6203    2.301940 
   10112.20     1.17557     29.7791    2.301940 
   10112.30     1.17561     28.7092    2.301940 
   10112.40     1.17565     28.3529    2.301940 
   10112.50     1.17561     28.6203    2.301940 
   10112.60     1.17561     28.6203    2.301940 
   10112.70     1.17557     29.2441    2.301940 
   10112.80     1.17565     27.8179    2.301940 
   10112.90     1.17565     28.7092    2.301940 
   10113.00     1.17570     28.7092    2.301940 
   10113.10     1.17570     29.4228    2.301940 
   10113.20     1.17561     29.0655    2.301940 
   10113.30     1.17557     28.8878    2.301940 
   10113.40     1.17565     29.2441    2.301940 
   10113.50     1.17565     28.2630    2.301940 
   10113.60     1.17561     29.7791    2.301940 
   10113.70     1.17570     28.7980    2.301940 
   10113.80     1.17570     29.1553    2.301940 
   10113.90     1.17561     29.0655    2.301940 
   10114.00     1.17561     29.3330    2.301940 
   10114.10     1.17574     28.7092    2.301940 
   10114.20     1.17570     28.3529    2.301940 
   10114.30     1.17557     29.6004    2.301940 
   10114.40     1.17561     29.0655    2.301940 
   10114.50     1.17561     28.8878    2.301940 
   10114.60     1.17561     28.5305    2.301940 
   10114.70     1.17557     29.2441    2.301940 
   10114.80     1.17561     30.4927    2.301940 
   10114.90     1.17565     30.6704    2.301940 
   10115.00     1.17557     29.4228    2.301940 
   10115.10     1.17565     28.7980    2.301940 
   10115.20     1.17570     28.7092    2.301940 
   10115.30     1.17561     28.8878    2.301940 
   10115.40     1.17561     29.6004    2.301940 
   10115.50     1.17561     27.9067    2.301940 
   10115.60     1.17561     28.1742    2.301940 
   10115.70     1.17561     28.7092    2.301940 
   10115.80     1.17561     29.9577    2.301940 
   10115.90     1.17565     29.9577    2.301940 
   10116.00     1.17561     28.7092    2.301940 
   10116.10     1.17561     28.8878    2.301940 
   10116.20     1.17570     28.7092    2.301940 
   10116.30     1.17557     27.2829    2.301940 
   10116.40     1.17557     28.4417    2.301940 
   10116.50     1.17561     28.1742    2.301940 
   10116.60     1.17570     28.9766    2.301940 
   10116.70     1.17565     28.7092    2.301940 
   10116.80     1.17565     29.7791    2.301940 
   10116.90     1.17557     28.2630    2.301940 
   10117.00     1.17557     27.8179    2.301940 
   10117.10     1.17565     28.3529    2.301940 
   10117.20     1.17557     27.6392    2.301940 
   10117.30     1.17557     27.9067    2.301940 
   10117.40     1.17565     28.8878    2.301940 
   10117.50     1.17570     29.1553    2.301940 
   10117.60     1.17557     28.5305    2.301940 
   10117.70     1.17565     28.2630    2.301940 
   10117.80     1.17565     28.7980    2.301940 
   10117.90     1.17565     29.2441    2.301940 
   10118.00     1.17565     29.2441    2.301940 
   10118.10     1.17561     28.6203    2.299960 
   10118.20     1.17565     28.3529    2.297970 
   10118.30     1.17570     28.6203    2.297970 
   10118.40     1.17565     27.7281    2.297970 
   10118.50     1.17557     28.1742    2.297970 
   10118.60     1.17557     27.3718    2.297970 
   10118.70     1.17565     27.9067    2.297970 
   10118.80     1.17570     27.6392    2.297970 
   10118.90     1.17565     28.5305    2.297970 
   10119.00     1.17557     29.5116    2.297970 
   10119.10     1.17561     28.7092    2.297970 
   10119.20     1.17570     27.8179    2.297970 
   10119.30     1.17565     27.9067    2.297970 
   10119.40     1.17561     27.9956    2.297970 
   10119.50     1.17565     28.1742    2.297970 
   10119.60     1.17565     28.4417    2.297970 
   10119.70     1.17570     29.2441    2.297970 
   10119.80     1.17565     28.7980    2.297970 
   10119.90     1.17565     30.5815    2.297970 
   10120.00     1.17561     29.2441    2.297970 
   10120.10     1.17561     29.6004    2.297970 
   10120.20     1.17561     28.0854    2.297970 
   10120.30     1.17561     27.6392    2.297970 
   10120.40     1.17574     28.1742    2.297970 
   10120.50     1.17561     27.4606    2.297970 
   10120.60     1.17557     28.9766    2.297970 
   10120.70     1.17561     27.5504    2.297970 
   10120.80     1.17565     27.9956    2.297970 
   10120.90     1.17565     28.7980    2.297970 
   10121.00     1.17561     28.8878    2.297970 
   10121.10     1.17561     28.4417    2.297970 
   10121.20     1.17570     29.7791    2.297970 
   10121.30     1.17561     28.2630    2.297970 
   10121.40     1.17557     29.5116    2.297970 
   10121.50     1.17561     29.1553    2.297970 
   10121.60     1.17561     28.9766    2.297970 
   10121.70     1.17561     28.1742    2.297970 
   10121.80     1.17565     28.7980    2.297970 
   10121.90     1.17565     27.7281    2.297970 
   10122.00     1.17570     28.5305    2.297970 
   10122.10     1.17561     28.7980    2.297970 
   10122.20     1.17561     28.8878    2.297970 
   10122.30     1.17561     27.8179    2.297970 
   10122.40     1.17565     29.2441    2.297970 
   10122.50     1.17561     27.2829    2.297970 
   10122.60     1.17557     28.1742    2.297970 
   10122.70     1.17570     29.0655    2.297970 
   10122.80     1.17561     29.0655    2.297970 
   10122.90     1.17570     28.6203    2.297970 
   10123.00     1.17557     28.2630    2.297970 
   10123.10     1.17557     29.3330    2.297970 
   10123.20     1.17561     29.3330    2.297970 
   10123.30     1.17565     28.2630    2.297970 
   10123.40     1.17570     27.6392    2.297970 
   10123.50     1.17565     29.2441    2.297970 
   10123.60     1.17551     28.6203    2.297970 
   10123.70     1.17561     28.7980    2.297970 
   10123.80     1.17570     29.2441    2.297970 
   10123.90     1.17557     28.3529    2.297970 
   10124.00     1.17561     28.5305    2.297970 
   10124.10     1.17551     29.6004    2.297970 
   10124.20     1.17561     28.8878    2.297970 
   10124.30     1.17565     28.7980    2.297970 
   10124.40     1.17561     28.8878    2.297970 
   10124.50     1.17551     28.7980    2.297970 
   10124.60     1.17561     27.5504    2.297970 
   10124.70     1.17561     28.9766    2.297970 
   10124.80     1.17561     27.8179    2.297970 
   10124.90     1.17561     28.8878    2.297970 
   10125.00     1.17561     29.1553    2.297970 
   10125.10     1.17557     28.7980    2.297970 
   10125.20     1.17565     28.9766    2.297970 
   10125.30     1.17565     26.4805    2.297970 
   10125.40     1.17565     28.7980    2.297970 
   10125.50     1.17565     28.2630    2.297970 
   10125.60     1.17561     29.6004    2.297970 
   10125.70     1.17565     27.9956    2.297970 
   10125.80     1.17561     28.3529    2.297970 
   10125.90     1.17570     28.6203    2.297970 
   10126.00     1.17561     28.7980    2.297970 
   10126.10     1.17561     27.8179    2.297970 
   10126.20     1.17565     28.4417    2.297970 
   10126.30     1.17570     28.3529    2.297970 
   10126.40     1.17557     28.2630    2.297970 
   10126.50     1.17551     27.9956    2.297970 
   10126.60     1.17561     28.3529    2.297970 
   10126.70     1.17570     28.3529    2.297970 
   10126.80     1.17565     29.1553    2.297970 
   10126.90     1.17561     28.9766    2.297970 
   10127.00     1.17561     27.9956    2.297970 
   10127.10     1.17565     28.2630    2.297970 
   10127.20     1.17565     27.9067    2.297970 
   10127.30     1.17570     29.1553    2.297970 
   10127.40     1.17561     28.7092    2.297970 
   10127.50     1.17557     28.9766    2.297970 
   10127.60     1.17570     28.7092    2.297970 
   10127.70     1.17561     27.0155    2.297970 
   10127.80     1.17561     28.5305    2.297970 
   10127.90     1.17570     28.2630    2.297970 
   10128.00     1.17565     28.7092    2.297970 
   10128.10     1.17561     28.6203    2.297970 
   10128.20     1.17561     27.3718    2.297970 
   10128.30     1.17565     27.2829    2.297970 
   10128.40     1.17574     28.6203    2.297970 
   10128.50     1.17565     27.5504    2.297970 
   10128.60     1.17557     28.2630    2.297970 
   10128.70     1.17565     29.4228    2.297970 
   10128.80     1.17565     28.7980    2.297970 
   10128.90     1.17570     28.1742    2.297970 
   10129.00     1.17561     28.7980    2.297970 
   10129.10     1.17565     27.9956    2.297970 
   10129.20     1.17557     28.0854    2.298580 
   10129.30     1.17570     28.7092    2.299190 
   10129.40     1.17565     28.7980    2.299190 
   10129.50     1.17565     27.8179    2.299190 
   10129.60     1.17565     28.7092    2.299190 
   10129.70     1.17561     28.1742    2.299190 
   10129.80     1.17570     28.2630    2.299190 
   10129.90     1.17565     28.2630    2.299190 
   10130.00     1.17565     28.1742    2.299190 
   10130.10     1.17561     28.8878    2.299190 
   10130.20     1.17561     28.9766    2.299190 
   10130.30     1.17565     29.1553    2.299190 
   10130.40     1.17557     28.7092    2.299190 
   10130.50     1.17561     27.4606    2.299190 
   10130.60     1.17565     28.7980    2.299190 
   10130.70     1.17557     28.8878    2.299190 
   10130.80     1.17565     28.2630    2.299190 
   10130.90     1.17557     28.3529    2.299190 
   10131.00     1.17561     28.6203    2.299190 
   10131.10     1.17565     28.0854    2.299190 
   10131.20     1.17561     28.4417    2.299190 
   10131.30     1.17561     27.9067    2.299190 
   10131.40     1.17561     27.6392    2.299190 
   10131.50     1.17565     27.6392    2.299190 
   10131.60     1.17565     28.5305    2.299190 
   10131.70     1.17561     28.4417    2.299190 
   10131.80     1.17574     29.1553    2.299190 
   10131.90     1.17570     27.9956    2.299190 
   10132.00     1.17561     28.7980    2.299190 
   10132.10     1.17565     29.0655    2.299190 
   10132.20     1.17565     28.9766    2.299190 
   10132.30     1.17574     29.0655    2.299190 
   10132.40     1.17561     30.0466    2.299190 
   10132.50     1.17561     27.7281    2.299190 
   10132.60     1.17565     28.1742    2.299190 
   10132.70     1.17561     28.5305    2.299190 
   10132.80     1.17561     28.3529    2.299190 
   10132.90     1.17561     29.3330    2.299190 
   10133.00     1.17565     28.8878    2.299190 
   10133.10     1.17561     28.1742    2.299190 
   10133.20     1.17561     29.1553    2.299190 
   10133.30     1.17561     28.8878    2.299190 
   10133.40     1.17561     28.5305    2.299190 
   10133.50     1.17561     29.3330    2.299190 
   10133.60     1.17565     28.3529    2.299190 
   10133.70     1.17565     28.2630    2.299190 
   10133.80     1.17561     29.0655    2.299190 
   10133.90     1.17557     27.9956    2.299190 
   10134.00     1.17561     28.3529    2.299190 
   10134.10     1.17570     27.2829    2.299190 
   10134.20     1.17565     28.7092    2.299190 
   10134.30     1.17561     27.5504    2.299190 
   10134.40     1.17557     28.7980    2.299190 
   10134.50     1.17570     28.1742    2.299190 
   10134.60     1.17561     27.3718    2.299190 
   10134.70     1.17561     27.5504    2.299190 
   10134.80     1.17561     28.7092    2.299190 
   10134.90     1.17565     28.2630    2.299190 
   10135.00     1.17561     28.7980    2.299190 
   10135.10     1.17561     29.5116    2.299190 
   10135.20     1.17565     28.3529    2.299190 
   10135.30     1.17565     28.8878    2.299190 
   10135.40     1.17561     27.3718    2.299190 
   10135.50     1.17561     27.9067    2.299190 
   10135.60     1.17570     28.0854    2.299190 
   10135.70     1.17565     28.3529    2.299190 
   10135.80     1.17557     28.5305    2.299190 
   10135.90     1.17561     28.1742    2.299190 
   10136.00     1.17574     29.6004    2.299190 
   10136.10     1.17570     28.1742    2.299190 
   10136.20     1.17565     27.8179    2.299190 
   10136.30     1.17570     28.4417    2.299190 
   10136.40     1.17561     28.9766    2.299190 
   10136.50     1.17561     27.2829    2.299190 
   10136.60     1.17565     28.1742    2.299190 
   10136.70     1.17570     27.9067    2.299190 
   10136.80     1.17565     28.4417    2.299190 
   10136.90     1.17557     28.4417    2.299190 
   10137.00     1.17565     27.3718    2.299190 
   10137.10     1.17565     28.6203    2.299190 
   10137.20     1.17570     28.1742    2.299190 
   10137.30     1.17561     28.3529    2.299190 
   10137.40     1.17561     27.2829    2.299190 
   10137.50     1.17565     27.0155    2.299190 
   10137.60     1.17570     28.7092    2.299190 
   10137.70     1.17557     27.7281    2.299190 
   10137.80     1.17551     28.3529    2.299190 
   10137.90     1.17565     28.7980    2.299190 
   10138.00     1.17565     28.4417    2.299190 
   10138.10     1.17561     28.3529    2.299190 
   10138.20     1.17557     27.6392    2.299190 
   10138.30     1.17565     27.9067    2.299190 
   10138.40     1.17570     29.3330    2.299190 
   10138.50     1.17570     28.2630    2.299190 
   10138.60     1.17561     27.9067    2.299190 
   10138.70     1.17561     27.9956    2.299190 
   10138.80     1.17570     28.8878    2.299190 
   10138.90     1.17565     28.0854    2.299190 
   10139.00     1.17561     28.2630    2.299190 
   10139.10     1.17561     27.9956    2.299190 
   10139.20     1.17561     28.2630    2.299190 
   10139.30     1.17570     29.3330    2.299190 
   10139.40     1.17570     28.7092    2.299190 
   10139.50     1.17557     28.3529    2.299190 
   10139.60     1.17561     27.9956    2.299190 
   10139.70     1.17565     28.7092    2.299190 
   10139.80     1.17565     28.5305    2.299190 
   10139.90     1.17578     28.2630    2.299190 
   10140.00     1.17565     28.1742    2.299190 
   10140.10     1.17551     28.2630    2.299190 
   10140.20     1.17561     27.5504    2.299190 
   10140.30     1.17570     28.1742    2.299350 
   10140.40     1.17570     28.4417    2.299500 
   10140.50     1.17561     30.3140    2.299500 
   10140.60     1.17561     29.0655    2.299500 
   10140.70     1.17561     28.5305    2.299500 
   10140.80     1.17565     27.5504    2.299500 
   10140.90     1.17561     27.6392    2.299500 
   10141.00     1.17551     27.9067    2.299500 
   10141.10     1.17565     28.1742    2.299500 
   10141.20     1.17561     27.2829    2.299500 
   10141.30     1.17557     28.7092    2.299500 
   10141.40     1.17557     27.5504    2.299500 
   10141.50     1.17565     28.8878    2.299500 
   10141.60     1.17570     28.1742    2.299500 
   10141.70     1.17570     29.5116    2.299500 
   10141.80     1.17565     28.7092    2.299500 
   10141.90     1.17561     28.1742    2.299500 
   10142.00     1.17561     27.9956    2.299500 
   10142.10     1.17570     27.9956    2.299500 
   10142.20     1.17565     27.6392    2.299500 
   10142.30     1.17570     28.0854    2.299500 
   10142.40     1.17565     28.7980    2.299500 
   10142.50     1.17570     27.4606    2.299500 
   10142.60     1.17565     28.2630    2.299500 
   10142.70     1.17565     28.4417    2.299500 
   10142.80     1.17565     28.2630    2.299500 
   10142.90     1.17561     28.3529    2.299500 
   10143.00     1.17570     28.5305    2.299500 
   10143.10     1.17561     28.4417    2.299500 
   10143.20     1.17557     27.7281    2.299500 
   10143.30     1.17565     27.1043    2.299500 
   10143.40     1.17561     28.2630    2.299500 
   10143.50     1.17574     28.0854    2.299500 
   10143.60     1.17557     28.0854    2.299500 
   10143.70     1.17557     28.5305    2.299500 
   10143.80     1.17561     28.0854    2.299500 
   10143.90     1.17565     27.6392    2.299500 
   10144.00     1.17561     28.3529    2.299500 
   10144.10     1.17565     28.6203    2.299500 
   10144.20     1.17574     28.4417    2.299500 
   10144.30     1.17570     27.8179    2.299500 
   10144.40     1.17565     27.0155    2.299500 
   10144.50     1.17561     27.9067    2.299500 
   10144.60     1.17565     27.4606    2.299500 
   10144.70     1.17565     28.0854    2.299500 
   10144.80     1.17565     27.9956    2.299500 
   10144.90     1.17551     27.2829    2.299500 
   10145.00     1.17557     27.7281    2.299500 
   10145.10     1.17574     27.5504    2.299500 
   10145.20     1.17570     28.1742    2.299500 
   10145.30     1.17570     29.3330    2.299500 
   10145.40     1.17551     28.5305    2.299500 
   10145.50     1.17565     28.1742    2.299500 
   10145.60     1.17570     26.8368    2.299500 
   10145.70     1.17561     28.1742    2.299500 
   10145.80     1.17565     28.0854    2.299500 
   10145.90     1.17565     27.8179    2.299500 
   10146.00     1.17570     27.8179    2.299500 
   10146.10     1.17574     28.5305    2.299500 
   10146.20     1.17574     29.0655    2.299500 
   10146.30     1.17570     26.7480    2.299500 
   10146.40     1.17557     27.7281    2.299500 
   10146.50     1.17570     27.8179    2.299500 
   10146.60     1.17570     28.7980    2.299500 
   10146.70     1.17561     27.9956    2.299500 
   10146.80     1.17570     29.3330    2.299500 
   10146.90     1.17570     28.7092    2.299500 
   10147.00     1.17570     27.9067    2.299500 
   10147.10     1.17561     28.1742    2.299500 
   10147.20     1.17551     27.3718    2.299500 
   10147.30     1.17565     28.6203    2.299500 
   10147.40     1.17570     27.5504    2.299500 
   10147.50     1.17561     26.5693    2.299500 
   10147.60     1.17565     27.8179    2.299500 
   10147.70     1.17565     28.0854    2.299500 
   10147.80     1.17561     27.4606    2.299500 
   10147.90     1.17557     28.5305    2.299500 
   10148.00     1.17565     28.0854    2.299500 
   10148.10     1.17561     27.9956    2.299500 
   10148.20     1.17570     27.9067    2.299500 
   10148.30     1.17565     27.7281    2.299500 
   10148.40     1.17561     27.7281    2.299500 
   10148.50     1.17570     28.0854    2.299500 
   10148.60     1.17557     27.2829    2.299500 
   10148.70     1.17561     27.5504    2.299500 
   10148.80     1.17565     27.6392    2.299500 
   10148.90     1.17565     27.7281    2.299500 
   10149.00     1.17570     28.2630    2.299500 
   10149.10     1.17574     28.1742    2.299500 
   10149.20     1.17561     27.6392    2.299500 
   10149.30     1.17570     27.9067    2.299500 
   10149.40     1.17574     28.1742    2.299500 
   10149.50     1.17570     28.4417    2.299500 
   10149.60     1.17565     28.3529    2.299500 
   10149.70     1.17557     28.6203    2.299500 
   10149.80     1.17561     28.4417    2.299500 
   10149.90     1.17561     26.8368    2.299500 
   10150.00     1.17557     27.9067    2.299500 
   10150.10     1.17561     27.8179    2.299500 
   10150.20     1.17565     26.0344    2.299500 
   10150.30     1.17557     26.9256    2.299500 
   10150.40     1.17561     28.1742    2.299500 
   10150.50     1.17557     28.3529    2.299500 
   10150.60     1.17561     26.4805    2.299500 
   10150.70     1.17557     27.7281    2.299500 
   10150.80     1.17557     27.9956    2.299500 
   10150.90     1.17565     27.0155    2.299500 
   10151.00     1.17565     27.5504    2.299500 
   10151.10     1.17565     28.8878    2.299500 
   10151.20     1.17557     29.4228    2.299500 
   10151.30     1.17570     27.6392    2.299500 
   10151.40     1.17574     27.3718    2.299190 
   10151.50     1.17565     27.1931    2.298890 
   10151.60     1.17551     27.8179    2.298890 
   10151.70     1.17557     28.2630    2.298890 
   10151.80     1.17565     29.0655    2.298890 
   10151.90     1.17561     28.0854    2.298890 
   10152.00     1.17561     28.0854    2.298890 
   10152.10     1.17565     27.9067    2.298890 
   10152.20     1.17561     27.5504    2.298890 
   10152.30     1.17570     27.8179    2.298890 
   10152.40     1.17570     27.2829    2.298890 
   10152.50     1.17561     28.2630    2.298890 
   10152.60     1.17561     27.1931    2.298890 
   10152.70     1.17561     27.9956    2.298890 
   10152.80     1.17561     27.5504    2.298890 
   10152.90     1.17570     28.2630    2.298890 
   10153.00     1.17570     27.8179    2.298890 
   10153.10     1.17561     27.7281    2.298890 
   10153.20     1.17570     27.9956    2.298890 
   10153.30     1.17565     27.8179    2.298890 
   10153.40     1.17551     27.4606    2.298890 
   10153.50     1.17561     26.7480    2.298890 
   10153.60     1.17565     27.7281    2.298890 
   10153.70     1.17565     28.1742    2.298890 
   10153.80     1.17561     25.9455    2.298890 
   10153.90     1.17565     28.9766    2.298890 
   10154.00     1.17557     28.0854    2.298890 
   10154.10     1.17561     28.0854    2.298890 
   10154.20     1.17565     27.3718    2.298890 
   10154.30     1.17570     28.0854    2.298890 
   10154.40     1.17570     28.8878    2.298890 
   10154.50     1.17561     28.4417    2.298890 
   10154.60     1.17561     28.4417    2.298890 
   10154.70     1.17565     28.2630    2.298890 
   10154.80     1.17557     27.2829    2.298890 
   10154.90     1.17565     27.4606    2.298890 
   10155.00     1.17578     26.6582    2.298890 
   10155.10     1.17570     27.6392    2.298890 
   10155.20     1.17561     28.6203    2.298890 
   10155.30     1.17561     27.5504    2.298890 
   10155.40     1.17570     26.9256    2.298890 
   10155.50     1.17561     26.6582    2.298890 
   10155.60     1.17565     27.3718    2.298890 
   10155.70     1.17561     27.6392    2.298890 
   10155.80     1.17561     28.3529    2.298890 
   10155.90     1.17565     27.2829    2.298890 
   10156.00     1.17570     27.7281    2.298890 
   10156.10     1.17565     28.0854    2.298890 
   10156.20     1.17561     28.0854    2.298890 
   10156.30     1.17570     26.7480    2.298890 
   10156.40     1.17565     28.1742    2.298890 
   10156.50     1.17565     27.1043    2.298890 
   10156.60     1.17570     27.3718    2.298890 
   10156.70     1.17557     28.0854    2.298890 
   10156.80     1.17557     27.9067    2.298890 
   10156.90     1.17565     27.1931    2.298890 
   10157.00     1.17570     27.2829    2.298890 
   10157.10     1.17565     27.6392    2.298890 
   10157.20     1.17565     27.9956    2.298890 
   10157.30     1.17561     27.7281    2.298890 
   10157.40     1.17561     28.5305    2.298890 
   10157.50     1.17565     27.3718    2.298890 
   10157.60     1.17574     27.9067    2.298890 
   10157.70     1.17557     28.3529    2.298890 
   10157.80     1.17561     27.4606    2.298890 
   10157.90     1.17570     27.9956    2.298890 
   10158.00     1.17570     27.1931    2.298890 
   10158.10     1.17561     27.1931    2.298890 
   10158.20     1.17557     26.8368    2.298890 
   10158.30     1.17565     27.0155    2.298890 
   10158.40     1.17574     26.9256    2.298890 
   10158.50     1.17570     27.5504    2.298890 
   10158.60     1.17557     27.1931    2.298890 
   10158.70     1.17557     27.9067    2.298890 
   10158.80     1.17561     27.8179    2.298890 
   10158.90     1.17565     27.6392    2.298890 
   10159.00     1.17557     28.0854    2.298890 
   10159.10     1.17565     28.7092    2.298890 
   10159.20     1.17557     27.8179    2.298890 
   10159.30     1.17561     27.6392    2.298890 
   10159.40     1.17561     26.0344    2.298890 
   10159.50     1.17561     26.9256    2.298890 
   10159.60     1.17557     27.1043    2.298890 
   10159.70     1.17557     28.6203    2.298890 
   10159.80     1.17557     27.1043    2.298890 
   10159.90     1.17565     28.6203    2.298890 
   10160.00     1.17570     27.4606    2.298890 
   10160.10     1.17557     27.3718    2.298890 
   10160.20     1.17561     28.1742    2.298890 
   10160.30     1.17565     27.7281    2.298890 
   10160.40     1.17557     27.7281    2.298890 
   10160.50     1.17557     27.1043    2.298890 
   10160.60     1.17551     27.7281    2.298890 
   10160.70     1.17565     27.2829    2.298890 
   10160.80     1.17565     26.3907    2.298890 
   10160.90     1.17565     27.1931    2.298890 
   10161.00     1.17561     28.0854    2.298890 
   10161.10     1.17565     27.9956    2.298890 
   10161.20     1.17561     27.9067    2.298890 
   10161.30     1.17565     26.2130    2.298890 
   10161.40     1.17565     25.8557    2.298890 
   10161.50     1.17561     26.9256    2.298890 
   10161.60     1.17557     27.8179    2.298890 
   10161.70     1.17570     28.0854    2.298890 
   10161.80     1.17565     28.0854    2.298890 
   10161.90     1.17551     27.2829    2.298890 
   10162.00     1.17570     26.0344    2.298890 
   10162.10     1.17570     27.5504    2.298890 
   10162.20     1.17570     27.6392    2.298890 
   10162.30     1.17570     27.1931    2.298890 
   10162.40     1.17551     27.7281    2.298890 
   10162.50     1.17561     27.5504    2.298130 
   10162.60     1.17570     25.5882    2.297360 
   10162.70     1.17570     27.8179    2.297360 
   10162.80     1.17561     26.8368    2.297360 
   10162.90     1.17551     27.7281    2.297360 
   10163.00     1.17561     27.7281    2.297360 
   10163.10     1.17570     28.0854    2.297360 
   10163.20     1.17565     27.9067    2.297360 
   10163.30     1.17570     28.0854    2.297360 
   10163.40     1.17551     28.5305    2.297360 
   10163.50     1.17565     28.3529    2.297360 
   10163.60     1.17570     27.7281    2.297360 
   10163.70     1.17561     28.0854    2.297360 
   10163.80     1.17561     26.5693    2.297360 
   10163.90     1.17570     27.4606    2.297360 
   10164.00     1.17574     26.7480    2.297360 
   10164.10     1.17561     27.1931    2.297360 
   10164.20     1.17557     28.0854    2.297360 
   10164.30     1.17561     26.2130    2.297360 
   10164.40     1.17561     26.6582    2.297360 
   10164.50     1.17557     27.9956    2.297360 
   10164.60     1.17570     28.1742    2.297360 
   10164.70     1.17570     27.9067    2.297360 
   10164.80     1.17565     27.2829    2.297360 
   10164.90     1.17565     28.0854    2.297360 
   10165.00     1.17551     27.0155    2.297360 
   10165.10     1.17570     27.6392    2.297360 
   10165.20     1.17561     28.3529    2.297360 
   10165.30     1.17570     28.8878    2.297360 
   10165.40     1.17561     27.9956    2.297360 
   10165.50     1.17561     27.3718    2.297360 
   10165.60     1.17561     27.4606    2.297360 
   10165.70     1.17565     27.2829    2.297360 
   10165.80     1.17570     26.9256    2.297360 
   10165.90     1.17561     27.7281    2.297360 
   10166.00     1.17570     27.1931    2.297360 
   10166.10     1.17565     27.5504    2.297360 
   10166.20     1.17561     27.0155    2.297360 
   10166.30     1.17561     28.0854    2.297360 
   10166.40     1.17547     27.6392    2.297360 
   10166.50     1.17565     27.9067    2.297360 
   10166.60     1.17557     27.1931    2.297360 
   10166.70     1.17561     27.1931    2.297360 
   10166.80     1.17565     27.8179    2.297360 
   10166.90     1.17557     27.1043    2.297360 
   10167.00     1.17570     26.3019    2.297360 
   10167.10     1.17561     27.6392    2.297360 
   10167.20     1.17561     27.7281    2.297360 
   10167.30     1.17551     27.9067    2.297360 
   10167.40     1.17561     27.4606    2.297360 
   10167.50     1.17561     28.1742    2.297360 
   10167.60     1.17557     27.3718    2.297360 
   10167.70     1.17561     26.5693    2.297360 
   10167.80     1.17565     27.1931    2.297360 
   10167.90     1.17570     26.8368    2.297360 
   10168.00     1.17561     27.6392    2.297360 
   10168.10     1.17551     27.8179    2.297360 
   10168.20     1.17561     27.7281    2.297360 
   10168.30     1.17565     27.1043    2.297360 
   10168.40     1.17557     26.9256    2.297360 
   10168.50     1.17561     27.5504    2.297360 
   10168.60     1.17561     27.1043    2.297360 
   10168.70     1.17565     27.8179    2.297360 
   10168.80     1.17561     28.4417    2.297360 
   10168.90     1.17557     26.9256    2.297360 
   10169.00     1.17561     26.9256    2.297360 
   10169.10     1.17561     26.6582    2.297360 
   10169.20     1.17561     27.7281    2.297360 
   10169.30     1.17561     27.5504    2.297360 
   10169.40     1.17551     28.3529    2.297360 
   10169.50     1.17565     26.7480    2.297360 
   10169.60     1.17561     27.7281    2.297360 
   10169.70     1.17557     28.1742    2.297360 
   10169.80     1.17561     28.7092    2.297360 
   10169.90     1.17551     27.0155    2.297360 
   10170.00     1.17547     28.2630    2.297360 
   10170.10     1.17561     26.5693    2.297360 
   10170.20     1.17561     26.2130    2.297360 
   10170.30     1.17561     26.6582    2.297360 
   10170.40     1.17547     26.7480    2.297360 
   10170.50     1.17561     26.9256    2.297360 
   10170.60     1.17561     27.5504    2.297360 
   10170.70     1.17561     27.4606    2.297360 
   10170.80     1.17557     28.6203    2.297360 
   10170.90     1.17551     28.1742    2.297360 
   10171.00     1.17570     27.2829    2.297360 
   10171.10     1.17561     27.9067    2.297360 
   10171.20     1.17561     27.9067    2.297360 
   10171.30     1.17557     28.5305    2.297360 
   10171.40     1.17561     28.0854    2.297360 
   10171.50     1.17557     27.1931    2.297360 
   10171.60     1.17565     27.4606    2.297360 
   10171.70     1.17565     27.1931    2.297360 
   10171.80     1.17561     27.9956    2.297360 
   10171.90     1.17565     28.0854    2.297360 
   10172.00     1.17565     28.6203    2.297360 
   10172.10     1.17561     27.8179    2.297360 
   10172.20     1.17565     28.1742    2.297360 
   10172.30     1.17570     26.8368    2.297360 
   10172.40     1.17561     26.0344    2.297360 
   10172.50     1.17557     28.5305    2.297360 
   10172.60     1.17565     27.1043    2.297360 
   10172.70     1.17570     27.1043    2.297360 
   10172.80     1.17570     27.2829    2.297360 
   10172.90     1.17565     27.9067    2.297360 
   10173.00     1.17570     27.1931    2.297360 
   10173.10     1.17570     26.9256    2.297360 
   10173.20     1.17561     27.1043    2.297360 
   10173.30     1.17565     27.1043    2.297360 
   10173.40     1.17574     27.0155    2.297360 
   10173.50     1.17565     27.9956    2.297360 
   10173.60     1.17570     27.7281    2.297670 
   10173.70     1.17565     27.1043    2.297970 
   10173.80     1.17561     27.1931    2.297970 
   10173.90     1.17551     27.7281    2.297970 
   10174.00     1.17565     27.8179    2.297970 
   10174.10     1.17561     27.9067    2.297970 
   10174.20     1.17565     26.7480    2.297970 
   10174.30     1.17565     27.7281    2.297970 
   10174.40     1.17547     26.6582    2.297970 
   10174.50     1.17561     27.6392    2.297970 
   10174.60     1.17551     27.5504    2.297970 
   10174.70     1.17561     26.9256    2.297970 
   10174.80     1.17565     26.5693    2.297970 
   10174.90     1.17561     27.9956    2.297970 
   10175.00     1.17551     26.9256    2.297970 
   10175.10     1.17561     27.6392    2.297970 
   10175.20     1.17565     27.2829    2.297970 
   10175.30     1.17565     27.1931    2.297970 
   10175.40     1.17565     27.3718    2.297970 
   10175.50     1.17570     27.6392    2.297970 
   10175.60     1.17565     27.4606    2.297970 
   10175.70     1.17561     27.2829    2.297970 
   10175.80     1.17565     27.9067    2.297970 
   10175.90     1.17565     26.9256    2.297970 
   10176.00     1.17561     26.0344    2.297970 
   10176.10     1.17565     27.9956    2.297970 
   10176.20     1.17561     27.1043    2.297970 
   10176.30     1.17561     26.7480    2.297970 
   10176.40     1.17557     27.1931    2.297970 
   10176.50     1.17570     26.8368    2.297970 
   10176.60     1.17557     27.3718    2.297970 
   10176.70     1.17557     26.8368    2.297970 
   10176.80     1.17574     27.1043    2.297970 
   10176.90     1.17557     28.7980    2.297970 
   10177.00     1.17551     27.8179    2.297970 
   10177.10     1.17557     27.5504    2.297970 
   10177.20     1.17557     26.8368    2.297970 
   10177.30     1.17561     26.2130    2.297970 
   10177.40     1.17561     28.1742    2.297970 
   10177.50     1.17551     27.7281    2.297970 
   10177.60     1.17561     27.9067    2.297970 
   10177.70     1.17570     27.5504    2.297970 
   10177.80     1.17565     28.0854    2.297970 
   10177.90     1.17551     26.6582    2.297970 
   10178.00     1.17570     28.0854    2.297970 
   10178.10     1.17565     26.3907    2.297970 
   10178.20     1.17557     26.2130    2.297970 
   10178.30     1.17547     26.3019    2.297970 
   10178.40     1.17565     27.0155    2.297970 
   10178.50     1.17570     27.1043    2.297970 
   10178.60     1.17551     27.3718    2.297970 
   10178.70     1.17561     28.0854    2.297970 
   10178.80     1.17547     26.8368    2.297970 
   10178.90     1.17574     27.6392    2.297970 
   10179.00     1.17557     26.2130    2.297970 
   10179.10     1.17551     26.0344    2.297970 
   10179.20     1.17561     28.0854    2.297970 
   10179.30     1.17570     27.6392    2.297970 
   10179.40     1.17561     26.2130    2.297970 
   10179.50     1.17561     27.6392    2.297970 
   10179.60     1.17561     26.2130    2.297970 
   10179.70     1.17557     27.9067    2.297970 
   10179.80     1.17551     27.9956    2.297970 
   10179.90     1.17570     27.0155    2.297970 
   10180.00     1.17565     27.3718    2.297970 
   10180.10     1.17565     27.7281    2.297970 
   10180.20     1.17551     27.7281    2.297970 
   10180.30     1.17561     27.5504    2.297970 
   10180.40     1.17565     26.4805    2.297970 
   10180.50     1.17557     26.6582    2.297970 
   10180.60     1.17565     27.5504    2.297970 
   10180.70     1.17565     27.4606    2.297970 
   10180.80     1.17561     27.9956    2.297970 
   10180.90     1.17557     28.4417    2.297970 
   10181.00     1.17557     27.3718    2.297970 
   10181.10     1.17565     27.1043    2.297970 
   10181.20     1.17561     26.6582    2.297970 
   10181.30     1.17557     27.9956    2.297970 
   10181.40     1.17557     28.9766    2.297970 
   10181.50     1.17565     27.9956    2.297970 
   10181.60     1.17578     27.5504    2.297970 
   10181.70     1.17570     26.6582    2.297970 
   10181.80     1.17557     27.4606    2.297970 
   10181.90     1.17557     27.7281    2.297970 
   10182.00     1.17574     27.4606    2.297970 
   10182.10     1.17570     25.4994    2.297970 
   10182.20     1.17561     26.8368    2.297970 
   10182.30     1.17561     27.5504    2.297970 
   10182.40     1.17565     26.8368    2.297970 
   10182.50     1.17570     26.1232    2.297970 
   10182.60     1.17570     27.4606    2.297970 
   10182.70     1.17561     27.3718    2.297970 
   10182.80     1.17561     27.5504    2.297970 
   10182.90     1.17570     26.9256    2.297970 
   10183.00     1.17565     27.1043    2.297970 
   10183.10     1.17570     27.7281    2.297970 
   10183.20     1.17565     27.2829    2.297970 
   10183.30     1.17565     28.0854    2.297970 
   10183.40     1.17561     27.2829    2.297970 
   10183.50     1.17565     26.4805    2.297970 
   10183.60     1.17557     26.6582    2.297970 
   10183.70     1.17565     27.0155    2.297970 
   10183.80     1.17557     27.2829    2.297970 
   10183.90     1.17557     27.2829    2.297970 
   10184.00     1.17561     26.5693    2.297970 
   10184.10     1.17570     26.0344    2.297970 
   10184.20     1.17565     27.3718    2.297970 
   10184.30     1.17561     27.7281    2.297970 
   10184.40     1.17570     27.8179    2.297970 
   10184.50     1.17561     26.7480    2.297970 
   10184.60     1.17565     26.9256    2.297970 
   10184.70     1.17557     27.1043    2.297360 
   10184.80     1.17565     27.7281    2.297360 
   10184.90     1.17570     27.1043    2.297360 
   10185.00     1.17570     27.6392    2.297360 
   10185.10     1.17547     27.0155    2.297360 
   10185.20     1.17551     27.5504    2.297360 
   10185.30     1.17574     26.4805    2.297360 
   10185.40     1.17565     26.4805    2.297360 
   10185.50     1.17561     27.1931    2.297360 
   10185.60     1.17565     27.4606    2.297360 
   10185.70     1.17565     27.1931    2.297360 
   10185.80     1.17565     27.5504    2.297360 
   10185.90     1.17561     27.4606    2.297360 
   10186.00     1.17570     26.5693    2.297360 
   10186.10     1.17565     27.4606    2.297360 
   10186.20     1.17561     27.7281    2.297360 
   10186.30     1.17561     27.6392    2.297360 
   10186.40     1.17574     26.8368    2.297360 
   10186.50     1.17561     26.8368    2.297360 
   10186.60     1.17557     25.4106    2.297360 
   10186.70     1.17570     25.4106    2.297360 
   10186.80     1.17565     25.9455    2.297360 
   10186.90     1.17561     26.5693    2.297360 
   10187.00     1.17565     27.1043    2.297360 
   10187.10     1.17565     27.1043    2.297360 
   10187.20     1.17561     26.8368    2.297360 
   10187.30     1.17561     25.8557    2.297360 
   10187.40     1.17574     26.3907    2.297360 
   10187.50     1.17570     27.5504    2.297360 
   10187.60     1.17561     27.4606    2.297360 
   10187.70     1.17561     27.6392    2.297360 
   10187.80     1.17565     27.5504    2.297360 
   10187.90     1.17557     27.1043    2.297360 
   10188.00     1.17570     25.7669    2.297360 
   10188.10     1.17570     25.4106    2.297360 
   10188.20     1.17565     26.5693    2.297360 
   10188.30     1.17551     28.1742    2.297360 
   10188.40     1.17570     27.7281    2.297360 
   10188.50     1.17565     25.4994    2.297360 
   10188.60     1.17565     26.3907    2.297360 
   10188.70     1.17565     26.1232    2.297360 
   10188.80     1.17561     27.2829    2.297360 
   10188.90     1.17570     28.0854    2.297360 
   10189.00     1.17561     26.0344    2.297360 
   10189.10     1.17565     26.8368    2.297360 
   10189.20     1.17565     27.1931    2.297360 
   10189.30     1.17565     26.7480    2.297360 
   10189.40     1.17570     27.4606    2.297360 
   10189.50     1.17561     26.3019    2.297360 
   10189.60     1.17565     25.7669    2.297360 
   10189.70     1.17565     25.9455    2.297360 
   10189.80     1.17565     27.7281    2.297360 
   10189.90     1.17570     27.3718    2.297360 
   10190.00     1.17570     26.7480    2.297360 
   10190.10     1.17565     27.1931    2.297360 
   10190.20     1.17557     26.7480    2.297360 
   10190.30     1.17551     26.1232    2.297360 
   10190.40     1.17561     25.1431    2.297360 
   10190.50     1.17574     25.5882    2.297360 
   10190.60     1.17570     27.1931    2.297360 
   10190.70     1.17557     28.2630    2.297360 
   10190.80     1.17561     27.7281    2.297360 
   10190.90     1.17565     26.7480    2.297360 
   10191.00     1.17570     25.9455    2.297360 
   10191.10     1.17570     25.4994    2.297360 
   10191.20     1.17561     27.1043    2.297360 
   10191.30     1.17561     28.3529    2.297360 
   10191.40     1.17557     27.1931    2.297360 
   10191.50     1.17574     26.2130    2.297360 
   10191.60     1.17570     27.1043    2.297360 
   10191.70     1.17561     27.3718    2.297360 
   10191.80     1.17557     27.2829    2.297360 
   10191.90     1.17561     28.1742    2.297360 
   10192.00     1.17574     26.5693    2.297360 
   10192.10     1.17570     27.0155    2.297360 
   10192.20     1.17565     26.6582    2.297360 
   10192.30     1.17565     27.0155    2.297360 
   10192.40     1.17578     26.4805    2.297360 
   10192.50     1.17565     26.5693    2.297360 
   10192.60     1.17561     26.0344    2.297360 
   10192.70     1.17574     27.3718    2.297360 
   10192.80     1.17570     26.9256    2.297360 
   10192.90     1.17574     26.5693    2.297360 
   10193.00     1.17565     27.1931    2.297360 
   10193.10     1.17561     27.5504    2.297360 
   10193.20     1.17561     25.9455    2.297360 
   10193.30     1.17565     26.0344    2.297360 
   10193.40     1.17570     26.3907    2.297360 
   10193.50     1.17561     26.5693    2.297360 
   10193.60     1.17561     26.3019    2.297360 
   10193.70     1.17565     26.8368    2.297360 
   10193.80     1.17565     27.2829    2.297360 
   10193.90     1.17557     26.1232    2.297360 
   10194.00     1.17557     27.2829    2.297360 
   10194.10     1.17557     26.4805    2.297360 
   10194.20     1.17570     25.5882    2.297360 
   10194.30     1.17570     25.9455    2.297360 
   10194.40     1.17551     26.8368    2.297360 
   10194.50     1.17561     26.8368    2.297360 
   10194.60     1.17565     26.3019    2.297360 
   10194.70     1.17561     26.9256    2.297360 
   10194.80     1.17561     26.8368    2.297360 
   10194.90     1.17557     25.9455    2.297360 
   10195.00     1.17570     26.1232    2.297360 
   10195.10     1.17565     26.4805    2.297360 
   10195.20     1.17557     27.1931    2.297360 
   10195.30     1.17557     27.2829    2.297360 
   10195.40     1.17570     25.6781    2.297360 
   10195.50     1.17565     26.3907    2.297360 
   10195.60     1.17565     26.4805    2.297360 
   10195.70     1.17557     26.5693    2.297360 
   10195.80     1.17565     27.0155    2.297360 
   10195.90     1.17570     25.6781    2.297360 
   10196.00     1.17565     25.6781    2.297360 
   10196.10     1.17557     26.2130    2.297360 
   10196.20     1.17570     26.2130    2.297360 
   10196.30     1.17561     26.1232    2.297360 
   10196.40     1.17561     26.5693    2.297360 
   10196.50     1.17561     26.4805    2.297360 
   10196.60     1.17570     27.3718    2.297360 
   10196.70     1.17570     26.3907    2.297360 
   10196.80     1.17557     27.6392    2.297360 
   10196.90     1.17557     27.2829    2.297360 
   10197.00     1.17574     26.9256    2.297360 
   10197.10     1.17565     26.1232    2.297360 
   10197.20     1.17557     26.2130    2.297360 
   10197.30     1.17565     25.5882    2.297360 
   10197.40     1.17565     26.8368    2.297360 
   10197.50     1.17570     26.8368    2.297360 
   10197.60     1.17557     25.7669    2.297360 
   10197.70     1.17561     26.2130    2.297360 
   10197.80     1.17574     26.8368    2.297360 
   10197.90     1.17570     27.9067    2.297360 
   10198.00     1.17557     25.9455    2.297360 
   10198.10     1.17561     26.2130    2.297360 
   10198.20     1.17565     27.5504    2.297360 
   10198.30     1.17557     26.7480    2.297360 
   10198.40     1.17565     26.1232    2.297360 
   10198.50     1.17561     26.3019    2.297360 
   10198.60     1.17561     26.3907    2.297360 
   10198.70     1.17565     27.0155    2.297360 
   10198.80     1.17561     25.6781    2.297360 
   10198.90     1.17565     26.1232    2.297360 
   10199.00     1.17570     25.5882    2.297360 
   10199.10     1.17561     25.4106    2.297360 
   10199.20     1.17570     28.2630    2.297360 
   10199.30     1.17574     25.1431    2.297360 
   10199.40     1.17570     27.1043    2.297360 
   10199.50     1.17565     27.2829    2.297360 
   10199.60     1.17561     27.0155    2.297360 
   10199.70     1.17565     28.1742    2.297360 
   10199.80     1.17565     26.9256    2.297360 
